{
  "type": "FeatureCollection",
  "features": [
    {
      "type": "Feature",
      "geometry": {
        "type": "Point",
        "coordinates": [
          137.1896756,
          36.6434757
        ]
      },
      "properties": {
        "内容": "バス停: 富山空港前 (富山地方鉄道)",
        "name": "富山空港前",
        "operator": "富山地方鉄道",
        "ref": "",
        "url": "",
        "url2": ""
      }
    },
    {
      "type": "Feature",
      "geometry": {
        "type": "Point",
        "coordinates": [
          137.2123641,
          36.6908973
        ]
      },
      "properties": {
        "内容": "バス停: 総曲輪 (富山地方鉄道)",
        "name": "総曲輪",
        "operator": "富山地方鉄道",
        "ref": "",
        "url": "",
        "url2": ""
      }
    },
    {
      "type": "Feature",
      "geometry": {
        "type": "Point",
        "coordinates": [
          137.6562861,
          36.9599421
        ]
      },
      "properties": {
        "内容": "バス停: 名称不明バス停",
        "name": "名称不明バス停",
        "operator": "事業者不明",
        "ref": "",
        "url": "",
        "url2": ""
      }
    },
    {
      "type": "Feature",
      "geometry": {
        "type": "Point",
        "coordinates": [
          136.9876225,
          36.8540956
        ]
      },
      "properties": {
        "内容": "バス停: 氷見本町",
        "name": "氷見本町",
        "operator": "事業者不明",
        "ref": "",
        "url": "",
        "url2": ""
      }
    },
    {
      "type": "Feature",
      "geometry": {
        "type": "Point",
        "coordinates": [
          137.1009996,
          36.6964917
        ]
      },
      "properties": {
        "内容": "バス停: 太閤山ランド前",
        "name": "太閤山ランド前",
        "operator": "事業者不明",
        "ref": "",
        "url": "",
        "url2": ""
      }
    },
    {
      "type": "Feature",
      "geometry": {
        "type": "Point",
        "coordinates": [
          137.0945403,
          36.7088334
        ]
      },
      "properties": {
        "内容": "バス停: 千成商店街",
        "name": "千成商店街",
        "operator": "事業者不明",
        "ref": "",
        "url": "",
        "url2": ""
      }
    },
    {
      "type": "Feature",
      "geometry": {
        "type": "Point",
        "coordinates": [
          137.091469,
          36.7206737
        ]
      },
      "properties": {
        "内容": "バス停: 小杉駅南口",
        "name": "小杉駅南口",
        "operator": "事業者不明",
        "ref": "",
        "url": "",
        "url2": ""
      }
    },
    {
      "type": "Feature",
      "geometry": {
        "type": "Point",
        "coordinates": [
          137.0963512,
          36.724916
        ]
      },
      "properties": {
        "内容": "バス停: 富山情報ビジネス専門学校前",
        "name": "富山情報ビジネス専門学校前",
        "operator": "事業者不明",
        "ref": "",
        "url": "",
        "url2": ""
      }
    },
    {
      "type": "Feature",
      "geometry": {
        "type": "Point",
        "coordinates": [
          137.1014926,
          36.7266383
        ]
      },
      "properties": {
        "内容": "バス停: 高寺北",
        "name": "高寺北",
        "operator": "事業者不明",
        "ref": "",
        "url": "",
        "url2": ""
      }
    },
    {
      "type": "Feature",
      "geometry": {
        "type": "Point",
        "coordinates": [
          137.1049165,
          36.7332162
        ]
      },
      "properties": {
        "内容": "バス停: 愛宕",
        "name": "愛宕",
        "operator": "事業者不明",
        "ref": "",
        "url": "",
        "url2": ""
      }
    },
    {
      "type": "Feature",
      "geometry": {
        "type": "Point",
        "coordinates": [
          137.1064259,
          36.7342743
        ]
      },
      "properties": {
        "内容": "バス停: 稲積",
        "name": "稲積",
        "operator": "事業者不明",
        "ref": "",
        "url": "",
        "url2": ""
      }
    },
    {
      "type": "Feature",
      "geometry": {
        "type": "Point",
        "coordinates": [
          137.1102966,
          36.737719
        ]
      },
      "properties": {
        "内容": "バス停: 稲積口",
        "name": "稲積口",
        "operator": "事業者不明",
        "ref": "",
        "url": "",
        "url2": ""
      }
    },
    {
      "type": "Feature",
      "geometry": {
        "type": "Point",
        "coordinates": [
          137.1139775,
          36.7452253
        ]
      },
      "properties": {
        "内容": "バス停: 高場南",
        "name": "高場南",
        "operator": "事業者不明",
        "ref": "",
        "url": "",
        "url2": ""
      }
    },
    {
      "type": "Feature",
      "geometry": {
        "type": "Point",
        "coordinates": [
          137.1158458,
          36.7472563
        ]
      },
      "properties": {
        "内容": "バス停: 久々江口",
        "name": "久々江口",
        "operator": "事業者不明",
        "ref": "",
        "url": "",
        "url2": ""
      }
    },
    {
      "type": "Feature",
      "geometry": {
        "type": "Point",
        "coordinates": [
          137.1175396,
          36.7550033
        ]
      },
      "properties": {
        "内容": "バス停: 片口小学校前",
        "name": "片口小学校前",
        "operator": "事業者不明",
        "ref": "",
        "url": "",
        "url2": ""
      }
    },
    {
      "type": "Feature",
      "geometry": {
        "type": "Point",
        "coordinates": [
          137.0815107,
          36.7590965
        ]
      },
      "properties": {
        "内容": "バス停: 市民病院",
        "name": "市民病院",
        "operator": "事業者不明",
        "ref": "",
        "url": "",
        "url2": ""
      }
    },
    {
      "type": "Feature",
      "geometry": {
        "type": "Point",
        "coordinates": [
          137.1643937,
          36.7606693
        ]
      },
      "properties": {
        "内容": "バス停: 練合東口",
        "name": "練合東口",
        "operator": "事業者不明",
        "ref": "",
        "url": "",
        "url2": ""
      }
    },
    {
      "type": "Feature",
      "geometry": {
        "type": "Point",
        "coordinates": [
          137.1353773,
          36.7688906
        ]
      },
      "properties": {
        "内容": "バス停: 射北中学校前",
        "name": "射北中学校前",
        "operator": "事業者不明",
        "ref": "",
        "url": "",
        "url2": ""
      }
    },
    {
      "type": "Feature",
      "geometry": {
        "type": "Point",
        "coordinates": [
          137.1247086,
          36.7717279
        ]
      },
      "properties": {
        "内容": "バス停: 堀岡福祉センター前",
        "name": "堀岡福祉センター前",
        "operator": "事業者不明",
        "ref": "",
        "url": "",
        "url2": ""
      }
    },
    {
      "type": "Feature",
      "geometry": {
        "type": "Point",
        "coordinates": [
          137.1061841,
          36.7803254
        ]
      },
      "properties": {
        "内容": "バス停: 海王丸パーク",
        "name": "海王丸パーク",
        "operator": "事業者不明",
        "ref": "",
        "url": "",
        "url2": ""
      }
    },
    {
      "type": "Feature",
      "geometry": {
        "type": "Point",
        "coordinates": [
          137.2339506,
          36.7615198
        ]
      },
      "properties": {
        "内容": "バス停: 名称不明バス停",
        "name": "名称不明バス停",
        "operator": "事業者不明",
        "ref": "",
        "url": "",
        "url2": ""
      }
    },
    {
      "type": "Feature",
      "geometry": {
        "type": "Point",
        "coordinates": [
          137.666413,
          36.5670625
        ]
      },
      "properties": {
        "内容": "バス停: 黒部ダム",
        "name": "黒部ダム",
        "operator": "事業者不明",
        "ref": "",
        "url": "",
        "url2": "Q6446260"
      }
    },
    {
      "type": "Feature",
      "geometry": {
        "type": "Point",
        "coordinates": [
          136.902463,
          36.5146814
        ]
      },
      "properties": {
        "内容": "バス停: 城端曳山会館",
        "name": "城端曳山会館",
        "operator": "事業者不明",
        "ref": "",
        "url": "",
        "url2": ""
      }
    },
    {
      "type": "Feature",
      "geometry": {
        "type": "Point",
        "coordinates": [
          136.902286,
          36.514673
        ]
      },
      "properties": {
        "内容": "バス停: 城端曳山会館",
        "name": "城端曳山会館",
        "operator": "事業者不明",
        "ref": "",
        "url": "",
        "url2": ""
      }
    },
    {
      "type": "Feature",
      "geometry": {
        "type": "Point",
        "coordinates": [
          136.9016807,
          36.5218739
        ]
      },
      "properties": {
        "内容": "バス停: JR城端駅前",
        "name": "JR城端駅前",
        "operator": "事業者不明",
        "ref": "",
        "url": "",
        "url2": ""
      }
    },
    {
      "type": "Feature",
      "geometry": {
        "type": "Point",
        "coordinates": [
          136.9004513,
          36.5106988
        ]
      },
      "properties": {
        "内容": "バス停: 城端南町",
        "name": "城端南町",
        "operator": "事業者不明",
        "ref": "",
        "url": "",
        "url2": ""
      }
    },
    {
      "type": "Feature",
      "geometry": {
        "type": "Point",
        "coordinates": [
          136.9012924,
          36.5123067
        ]
      },
      "properties": {
        "内容": "バス停: 城端庁舎前",
        "name": "城端庁舎前",
        "operator": "事業者不明",
        "ref": "",
        "url": "",
        "url2": ""
      }
    },
    {
      "type": "Feature",
      "geometry": {
        "type": "Point",
        "coordinates": [
          136.9011428,
          36.5123337
        ]
      },
      "properties": {
        "内容": "バス停: 城端庁舎前",
        "name": "城端庁舎前",
        "operator": "事業者不明",
        "ref": "",
        "url": "",
        "url2": ""
      }
    },
    {
      "type": "Feature",
      "geometry": {
        "type": "Point",
        "coordinates": [
          136.9857633,
          36.7023284
        ]
      },
      "properties": {
        "内容": "バス停: 柳島口 (加越能バス)",
        "name": "柳島口",
        "operator": "加越能バス",
        "ref": "",
        "url": "",
        "url2": ""
      }
    },
    {
      "type": "Feature",
      "geometry": {
        "type": "Point",
        "coordinates": [
          136.993885,
          36.7212864
        ]
      },
      "properties": {
        "内容": "バス停: 佐野 (加越能バス)",
        "name": "佐野",
        "operator": "加越能バス",
        "ref": "",
        "url": "",
        "url2": ""
      }
    },
    {
      "type": "Feature",
      "geometry": {
        "type": "Point",
        "coordinates": [
          136.9969406,
          36.725181
        ]
      },
      "properties": {
        "内容": "バス停: 佐野新町 (加越能バス)",
        "name": "佐野新町",
        "operator": "加越能バス",
        "ref": "",
        "url": "",
        "url2": ""
      }
    },
    {
      "type": "Feature",
      "geometry": {
        "type": "Point",
        "coordinates": [
          136.9893407,
          36.7117042
        ]
      },
      "properties": {
        "内容": "バス停: 北蔵新 (加越能バス)",
        "name": "北蔵新",
        "operator": "加越能バス",
        "ref": "",
        "url": "",
        "url2": ""
      }
    },
    {
      "type": "Feature",
      "geometry": {
        "type": "Point",
        "coordinates": [
          137.0069861,
          36.7429493
        ]
      },
      "properties": {
        "内容": "バス停: 南町",
        "name": "南町",
        "operator": "事業者不明",
        "ref": "",
        "url": "",
        "url2": ""
      }
    },
    {
      "type": "Feature",
      "geometry": {
        "type": "Point",
        "coordinates": [
          137.0108345,
          36.7453424
        ]
      },
      "properties": {
        "内容": "バス停: 片原横町",
        "name": "片原横町",
        "operator": "事業者不明",
        "ref": "",
        "url": "",
        "url2": ""
      }
    },
    {
      "type": "Feature",
      "geometry": {
        "type": "Point",
        "coordinates": [
          137.5077919,
          36.5796291
        ]
      },
      "properties": {
        "内容": "バス停: 称名滝",
        "name": "称名滝",
        "operator": "事業者不明",
        "ref": "",
        "url": "",
        "url2": ""
      }
    },
    {
      "type": "Feature",
      "geometry": {
        "type": "Point",
        "coordinates": [
          137.2293666,
          36.5080928
        ]
      },
      "properties": {
        "内容": "バス停: 名称不明バス停",
        "name": "名称不明バス停",
        "operator": "事業者不明",
        "ref": "",
        "url": "",
        "url2": ""
      }
    },
    {
      "type": "Feature",
      "geometry": {
        "type": "Point",
        "coordinates": [
          137.0916742,
          36.7129783
        ]
      },
      "properties": {
        "内容": "バス停: 駅南通り１丁目",
        "name": "駅南通り１丁目",
        "operator": "事業者不明",
        "ref": "",
        "url": "",
        "url2": ""
      }
    },
    {
      "type": "Feature",
      "geometry": {
        "type": "Point",
        "coordinates": [
          137.0986189,
          36.7001773
        ]
      },
      "properties": {
        "内容": "バス停: 環境科学センター前",
        "name": "環境科学センター前",
        "operator": "事業者不明",
        "ref": "",
        "url": "",
        "url2": ""
      }
    },
    {
      "type": "Feature",
      "geometry": {
        "type": "Point",
        "coordinates": [
          136.9495687,
          36.6991857
        ]
      },
      "properties": {
        "内容": "バス停: 二歩口 (高岡市公営バス)",
        "name": "二歩口",
        "operator": "高岡市公営バス",
        "ref": "",
        "url": "",
        "url2": ""
      }
    },
    {
      "type": "Feature",
      "geometry": {
        "type": "Point",
        "coordinates": [
          136.9870559,
          36.8640498
        ]
      },
      "properties": {
        "内容": "バス停: ひみ番屋街 (加越能バス)",
        "name": "ひみ番屋街",
        "operator": "加越能バス",
        "ref": "",
        "url": "",
        "url2": ""
      }
    },
    {
      "type": "Feature",
      "geometry": {
        "type": "Point",
        "coordinates": [
          137.0009346,
          36.8895869
        ]
      },
      "properties": {
        "内容": "バス停: 薮田",
        "name": "薮田",
        "operator": "事業者不明",
        "ref": "",
        "url": "",
        "url2": ""
      }
    },
    {
      "type": "Feature",
      "geometry": {
        "type": "Point",
        "coordinates": [
          137.5573721,
          36.567489
        ]
      },
      "properties": {
        "内容": "バス停: 弥陀ヶ原",
        "name": "弥陀ヶ原",
        "operator": "事業者不明",
        "ref": "",
        "url": "",
        "url2": ""
      }
    },
    {
      "type": "Feature",
      "geometry": {
        "type": "Point",
        "coordinates": [
          137.5792198,
          36.5805023
        ]
      },
      "properties": {
        "内容": "バス停: 天狗平",
        "name": "天狗平",
        "operator": "事業者不明",
        "ref": "",
        "url": "",
        "url2": ""
      }
    },
    {
      "type": "Feature",
      "geometry": {
        "type": "Point",
        "coordinates": [
          137.5793153,
          36.580539
        ]
      },
      "properties": {
        "内容": "バス停: 天狗平",
        "name": "天狗平",
        "operator": "事業者不明",
        "ref": "",
        "url": "",
        "url2": ""
      }
    },
    {
      "type": "Feature",
      "geometry": {
        "type": "Point",
        "coordinates": [
          137.0112771,
          36.7265707
        ]
      },
      "properties": {
        "内容": "バス停: 新高岡駅",
        "name": "新高岡駅",
        "operator": "事業者不明",
        "ref": "",
        "url": "",
        "url2": ""
      }
    },
    {
      "type": "Feature",
      "geometry": {
        "type": "Point",
        "coordinates": [
          137.0064227,
          36.7509954
        ]
      },
      "properties": {
        "内容": "バス停: 名称不明バス停",
        "name": "名称不明バス停",
        "operator": "事業者不明",
        "ref": "",
        "url": "",
        "url2": ""
      }
    },
    {
      "type": "Feature",
      "geometry": {
        "type": "Point",
        "coordinates": [
          137.0066135,
          36.750959
        ]
      },
      "properties": {
        "内容": "バス停: 名称不明バス停",
        "name": "名称不明バス停",
        "operator": "事業者不明",
        "ref": "",
        "url": "",
        "url2": ""
      }
    },
    {
      "type": "Feature",
      "geometry": {
        "type": "Point",
        "coordinates": [
          137.2100893,
          36.6681251
        ]
      },
      "properties": {
        "内容": "バス停: 今泉 (富山地方鉄道)",
        "name": "今泉",
        "operator": "富山地方鉄道",
        "ref": "",
        "url": "",
        "url2": ""
      }
    },
    {
      "type": "Feature",
      "geometry": {
        "type": "Point",
        "coordinates": [
          136.9315362,
          36.4110455
        ]
      },
      "properties": {
        "内容": "バス停: 上梨",
        "name": "上梨",
        "operator": "事業者不明",
        "ref": "",
        "url": "",
        "url2": ""
      }
    },
    {
      "type": "Feature",
      "geometry": {
        "type": "Point",
        "coordinates": [
          136.9314549,
          36.4112173
        ]
      },
      "properties": {
        "内容": "バス停: 上梨",
        "name": "上梨",
        "operator": "事業者不明",
        "ref": "",
        "url": "",
        "url2": ""
      }
    },
    {
      "type": "Feature",
      "geometry": {
        "type": "Point",
        "coordinates": [
          136.9132641,
          36.4015398
        ]
      },
      "properties": {
        "内容": "バス停: 小原",
        "name": "小原",
        "operator": "事業者不明",
        "ref": "",
        "url": "",
        "url2": ""
      }
    },
    {
      "type": "Feature",
      "geometry": {
        "type": "Point",
        "coordinates": [
          136.8885447,
          36.4031462
        ]
      },
      "properties": {
        "内容": "バス停: 名称不明バス停",
        "name": "名称不明バス停",
        "operator": "事業者不明",
        "ref": "",
        "url": "",
        "url2": ""
      }
    },
    {
      "type": "Feature",
      "geometry": {
        "type": "Point",
        "coordinates": [
          136.8991636,
          36.4021159
        ]
      },
      "properties": {
        "内容": "バス停: 名称不明バス停",
        "name": "名称不明バス停",
        "operator": "事業者不明",
        "ref": "",
        "url": "",
        "url2": ""
      }
    },
    {
      "type": "Feature",
      "geometry": {
        "type": "Point",
        "coordinates": [
          136.8884874,
          36.4029805
        ]
      },
      "properties": {
        "内容": "バス停: 名称不明バス停",
        "name": "名称不明バス停",
        "operator": "事業者不明",
        "ref": "",
        "url": "",
        "url2": ""
      }
    },
    {
      "type": "Feature",
      "geometry": {
        "type": "Point",
        "coordinates": [
          136.8887522,
          36.4030243
        ]
      },
      "properties": {
        "内容": "バス停: 名称不明バス停",
        "name": "名称不明バス停",
        "operator": "事業者不明",
        "ref": "",
        "url": "",
        "url2": ""
      }
    },
    {
      "type": "Feature",
      "geometry": {
        "type": "Point",
        "coordinates": [
          136.8709389,
          36.3774704
        ]
      },
      "properties": {
        "内容": "バス停: 名称不明バス停",
        "name": "名称不明バス停",
        "operator": "事業者不明",
        "ref": "",
        "url": "",
        "url2": ""
      }
    },
    {
      "type": "Feature",
      "geometry": {
        "type": "Point",
        "coordinates": [
          136.9393779,
          36.4303566
        ]
      },
      "properties": {
        "内容": "バス停: Ainokuraguchi",
        "name": "Ainokuraguchi",
        "operator": "事業者不明",
        "ref": "",
        "url": "",
        "url2": ""
      }
    },
    {
      "type": "Feature",
      "geometry": {
        "type": "Point",
        "coordinates": [
          137.0998269,
          36.780696
        ]
      },
      "properties": {
        "内容": "バス停: きっときと市場前",
        "name": "きっときと市場前",
        "operator": "事業者不明",
        "ref": "",
        "url": "",
        "url2": ""
      }
    },
    {
      "type": "Feature",
      "geometry": {
        "type": "Point",
        "coordinates": [
          137.0934924,
          36.7103217
        ]
      },
      "properties": {
        "内容": "バス停: 太閤山団地口",
        "name": "太閤山団地口",
        "operator": "事業者不明",
        "ref": "",
        "url": "",
        "url2": ""
      }
    },
    {
      "type": "Feature",
      "geometry": {
        "type": "Point",
        "coordinates": [
          137.0962028,
          36.705495
        ]
      },
      "properties": {
        "内容": "バス停: 富山県立大学前",
        "name": "富山県立大学前",
        "operator": "事業者不明",
        "ref": "",
        "url": "",
        "url2": ""
      }
    },
    {
      "type": "Feature",
      "geometry": {
        "type": "Point",
        "coordinates": [
          137.1113149,
          36.7761568
        ]
      },
      "properties": {
        "内容": "バス停: 新湊大橋西桟橋口",
        "name": "新湊大橋西桟橋口",
        "operator": "事業者不明",
        "ref": "",
        "url": "",
        "url2": ""
      }
    },
    {
      "type": "Feature",
      "geometry": {
        "type": "Point",
        "coordinates": [
          137.1265576,
          36.7737122
        ]
      },
      "properties": {
        "内容": "バス停: 海竜町",
        "name": "海竜町",
        "operator": "事業者不明",
        "ref": "",
        "url": "",
        "url2": ""
      }
    },
    {
      "type": "Feature",
      "geometry": {
        "type": "Point",
        "coordinates": [
          137.1319902,
          36.7695984
        ]
      },
      "properties": {
        "内容": "バス停: 草岡町前",
        "name": "草岡町前",
        "operator": "事業者不明",
        "ref": "",
        "url": "",
        "url2": ""
      }
    },
    {
      "type": "Feature",
      "geometry": {
        "type": "Point",
        "coordinates": [
          137.1173117,
          36.7516559
        ]
      },
      "properties": {
        "内容": "バス停: 高場口",
        "name": "高場口",
        "operator": "事業者不明",
        "ref": "",
        "url": "",
        "url2": ""
      }
    },
    {
      "type": "Feature",
      "geometry": {
        "type": "Point",
        "coordinates": [
          137.0913292,
          36.7142431
        ]
      },
      "properties": {
        "内容": "バス停: 太閤山北口",
        "name": "太閤山北口",
        "operator": "事業者不明",
        "ref": "",
        "url": "",
        "url2": ""
      }
    },
    {
      "type": "Feature",
      "geometry": {
        "type": "Point",
        "coordinates": [
          137.0910289,
          36.7175004
        ]
      },
      "properties": {
        "内容": "バス停: 小杉中学校口",
        "name": "小杉中学校口",
        "operator": "事業者不明",
        "ref": "",
        "url": "",
        "url2": ""
      }
    },
    {
      "type": "Feature",
      "geometry": {
        "type": "Point",
        "coordinates": [
          137.099513,
          36.6988008
        ]
      },
      "properties": {
        "内容": "バス停: 南太閤山14丁目",
        "name": "南太閤山14丁目",
        "operator": "事業者不明",
        "ref": "",
        "url": "",
        "url2": ""
      }
    },
    {
      "type": "Feature",
      "geometry": {
        "type": "Point",
        "coordinates": [
          137.1349758,
          36.7715838
        ]
      },
      "properties": {
        "内容": "バス停: 海竜町スポーツランド",
        "name": "海竜町スポーツランド",
        "operator": "事業者不明",
        "ref": "",
        "url": "",
        "url2": ""
      }
    },
    {
      "type": "Feature",
      "geometry": {
        "type": "Point",
        "coordinates": [
          137.0987899,
          36.7127521
        ]
      },
      "properties": {
        "内容": "バス停: 中央図書館口",
        "name": "中央図書館口",
        "operator": "事業者不明",
        "ref": "",
        "url": "",
        "url2": ""
      }
    },
    {
      "type": "Feature",
      "geometry": {
        "type": "Point",
        "coordinates": [
          136.9538472,
          36.6363777
        ]
      },
      "properties": {
        "内容": "バス停: 砺波駅南 (加越能バス)",
        "name": "砺波駅南",
        "operator": "加越能バス",
        "ref": "",
        "url": "",
        "url2": ""
      }
    },
    {
      "type": "Feature",
      "geometry": {
        "type": "Point",
        "coordinates": [
          136.953008,
          36.6369491
        ]
      },
      "properties": {
        "内容": "バス停: 砺波駅前 (加越能バス)",
        "name": "砺波駅前",
        "operator": "加越能バス",
        "ref": "",
        "url": "",
        "url2": ""
      }
    },
    {
      "type": "Feature",
      "geometry": {
        "type": "Point",
        "coordinates": [
          136.9531515,
          36.6367839
        ]
      },
      "properties": {
        "内容": "バス停: 砺波駅前 (加越能バス)",
        "name": "砺波駅前",
        "operator": "加越能バス",
        "ref": "",
        "url": "",
        "url2": ""
      }
    },
    {
      "type": "Feature",
      "geometry": {
        "type": "Point",
        "coordinates": [
          137.2128647,
          36.7008462
        ]
      },
      "properties": {
        "内容": "バス停: 富山駅前",
        "name": "富山駅前",
        "operator": "事業者不明",
        "ref": "",
        "url": "",
        "url2": ""
      }
    },
    {
      "type": "Feature",
      "geometry": {
        "type": "Point",
        "coordinates": [
          137.2129237,
          36.7006769
        ]
      },
      "properties": {
        "内容": "バス停: 富山駅前",
        "name": "富山駅前",
        "operator": "事業者不明",
        "ref": "",
        "url": "",
        "url2": ""
      }
    },
    {
      "type": "Feature",
      "geometry": {
        "type": "Point",
        "coordinates": [
          137.2130854,
          36.70054
        ]
      },
      "properties": {
        "内容": "バス停: 富山駅前",
        "name": "富山駅前",
        "operator": "事業者不明",
        "ref": "",
        "url": "",
        "url2": ""
      }
    },
    {
      "type": "Feature",
      "geometry": {
        "type": "Point",
        "coordinates": [
          137.2129544,
          36.7010287
        ]
      },
      "properties": {
        "内容": "バス停: 富山駅前",
        "name": "富山駅前",
        "operator": "事業者不明",
        "ref": "",
        "url": "",
        "url2": ""
      }
    },
    {
      "type": "Feature",
      "geometry": {
        "type": "Point",
        "coordinates": [
          137.201011,
          36.7455724
        ]
      },
      "properties": {
        "内容": "バス停: 今市",
        "name": "今市",
        "operator": "事業者不明",
        "ref": "",
        "url": "",
        "url2": ""
      }
    },
    {
      "type": "Feature",
      "geometry": {
        "type": "Point",
        "coordinates": [
          137.1977379,
          36.7407794
        ]
      },
      "properties": {
        "内容": "バス停: 八幡",
        "name": "八幡",
        "operator": "事業者不明",
        "ref": "",
        "url": "",
        "url2": ""
      }
    },
    {
      "type": "Feature",
      "geometry": {
        "type": "Point",
        "coordinates": [
          137.1978107,
          36.7409083
        ]
      },
      "properties": {
        "内容": "バス停: 八幡",
        "name": "八幡",
        "operator": "事業者不明",
        "ref": "",
        "url": "",
        "url2": ""
      }
    },
    {
      "type": "Feature",
      "geometry": {
        "type": "Point",
        "coordinates": [
          137.2032291,
          36.6793291
        ]
      },
      "properties": {
        "内容": "バス停: 新根塚 (富山地方鉄道)",
        "name": "新根塚",
        "operator": "富山地方鉄道",
        "ref": "",
        "url": "",
        "url2": ""
      }
    },
    {
      "type": "Feature",
      "geometry": {
        "type": "Point",
        "coordinates": [
          137.1887708,
          36.7566929
        ]
      },
      "properties": {
        "内容": "バス停: 新出町",
        "name": "新出町",
        "operator": "事業者不明",
        "ref": "",
        "url": "",
        "url2": ""
      }
    },
    {
      "type": "Feature",
      "geometry": {
        "type": "Point",
        "coordinates": [
          137.1890689,
          36.7567812
        ]
      },
      "properties": {
        "内容": "バス停: 新出町",
        "name": "新出町",
        "operator": "事業者不明",
        "ref": "",
        "url": "",
        "url2": ""
      }
    },
    {
      "type": "Feature",
      "geometry": {
        "type": "Point",
        "coordinates": [
          137.1949992,
          36.6954822
        ]
      },
      "properties": {
        "内容": "バス停: 五福末広町",
        "name": "五福末広町",
        "operator": "事業者不明",
        "ref": "",
        "url": "",
        "url2": ""
      }
    },
    {
      "type": "Feature",
      "geometry": {
        "type": "Point",
        "coordinates": [
          137.1918502,
          36.6980242
        ]
      },
      "properties": {
        "内容": "バス停: 富山球場前",
        "name": "富山球場前",
        "operator": "事業者不明",
        "ref": "",
        "url": "",
        "url2": ""
      }
    },
    {
      "type": "Feature",
      "geometry": {
        "type": "Point",
        "coordinates": [
          137.1896254,
          36.7001887
        ]
      },
      "properties": {
        "内容": "バス停: 富山大学前",
        "name": "富山大学前",
        "operator": "事業者不明",
        "ref": "",
        "url": "",
        "url2": ""
      }
    },
    {
      "type": "Feature",
      "geometry": {
        "type": "Point",
        "coordinates": [
          137.1917094,
          36.697921
        ]
      },
      "properties": {
        "内容": "バス停: 富山球場前",
        "name": "富山球場前",
        "operator": "事業者不明",
        "ref": "",
        "url": "",
        "url2": ""
      }
    },
    {
      "type": "Feature",
      "geometry": {
        "type": "Point",
        "coordinates": [
          137.1947189,
          36.6952187
        ]
      },
      "properties": {
        "内容": "バス停: 五福末広町",
        "name": "五福末広町",
        "operator": "事業者不明",
        "ref": "",
        "url": "",
        "url2": ""
      }
    },
    {
      "type": "Feature",
      "geometry": {
        "type": "Point",
        "coordinates": [
          137.2081809,
          36.6921007
        ]
      },
      "properties": {
        "内容": "バス停: 丸の内 (富山地方鉄道)",
        "name": "丸の内",
        "operator": "富山地方鉄道",
        "ref": "",
        "url": "",
        "url2": ""
      }
    },
    {
      "type": "Feature",
      "geometry": {
        "type": "Point",
        "coordinates": [
          137.2125958,
          36.6903295
        ]
      },
      "properties": {
        "内容": "バス停: 総曲輪 (富山地方鉄道)",
        "name": "総曲輪",
        "operator": "富山地方鉄道",
        "ref": "",
        "url": "",
        "url2": ""
      }
    },
    {
      "type": "Feature",
      "geometry": {
        "type": "Point",
        "coordinates": [
          137.2126178,
          36.690497
        ]
      },
      "properties": {
        "内容": "バス停: 総曲輪 (富山地方鉄道)",
        "name": "総曲輪",
        "operator": "富山地方鉄道",
        "ref": "",
        "url": "",
        "url2": ""
      }
    },
    {
      "type": "Feature",
      "geometry": {
        "type": "Point",
        "coordinates": [
          137.2126347,
          36.6906527
        ]
      },
      "properties": {
        "内容": "バス停: 総曲輪 (富山地方鉄道)",
        "name": "総曲輪",
        "operator": "富山地方鉄道",
        "ref": "",
        "url": "",
        "url2": ""
      }
    },
    {
      "type": "Feature",
      "geometry": {
        "type": "Point",
        "coordinates": [
          137.21264,
          36.6907194
        ]
      },
      "properties": {
        "内容": "バス停: 総曲輪 (富山地方鉄道)",
        "name": "総曲輪",
        "operator": "富山地方鉄道",
        "ref": "",
        "url": "",
        "url2": ""
      }
    },
    {
      "type": "Feature",
      "geometry": {
        "type": "Point",
        "coordinates": [
          137.2126669,
          36.6908549
        ]
      },
      "properties": {
        "内容": "バス停: 総曲輪 (富山地方鉄道)",
        "name": "総曲輪",
        "operator": "富山地方鉄道",
        "ref": "",
        "url": "",
        "url2": ""
      }
    },
    {
      "type": "Feature",
      "geometry": {
        "type": "Point",
        "coordinates": [
          137.0113518,
          36.7265244
        ]
      },
      "properties": {
        "内容": "バス停: 新高岡駅",
        "name": "新高岡駅",
        "operator": "事業者不明",
        "ref": "",
        "url": "",
        "url2": ""
      }
    },
    {
      "type": "Feature",
      "geometry": {
        "type": "Point",
        "coordinates": [
          137.0113496,
          36.7266441
        ]
      },
      "properties": {
        "内容": "バス停: 新高岡駅",
        "name": "新高岡駅",
        "operator": "事業者不明",
        "ref": "",
        "url": "",
        "url2": ""
      }
    },
    {
      "type": "Feature",
      "geometry": {
        "type": "Point",
        "coordinates": [
          137.1346722,
          36.7722563
        ]
      },
      "properties": {
        "内容": "バス停: 海竜スポーツセンター",
        "name": "海竜スポーツセンター",
        "operator": "事業者不明",
        "ref": "",
        "url": "",
        "url2": ""
      }
    },
    {
      "type": "Feature",
      "geometry": {
        "type": "Point",
        "coordinates": [
          137.0111964,
          36.7266474
        ]
      },
      "properties": {
        "内容": "バス停: 新高岡駅",
        "name": "新高岡駅",
        "operator": "事業者不明",
        "ref": "",
        "url": "",
        "url2": ""
      }
    },
    {
      "type": "Feature",
      "geometry": {
        "type": "Point",
        "coordinates": [
          137.0111961,
          36.7265336
        ]
      },
      "properties": {
        "内容": "バス停: 新高岡駅",
        "name": "新高岡駅",
        "operator": "事業者不明",
        "ref": "",
        "url": "",
        "url2": ""
      }
    },
    {
      "type": "Feature",
      "geometry": {
        "type": "Point",
        "coordinates": [
          136.8804377,
          36.5417656
        ]
      },
      "properties": {
        "内容": "バス停: 吉江野",
        "name": "吉江野",
        "operator": "事業者不明",
        "ref": "",
        "url": "",
        "url2": ""
      }
    },
    {
      "type": "Feature",
      "geometry": {
        "type": "Point",
        "coordinates": [
          136.880568,
          36.5414192
        ]
      },
      "properties": {
        "内容": "バス停: 名称不明バス停",
        "name": "名称不明バス停",
        "operator": "事業者不明",
        "ref": "",
        "url": "",
        "url2": ""
      }
    },
    {
      "type": "Feature",
      "geometry": {
        "type": "Point",
        "coordinates": [
          136.8753563,
          36.5529834
        ]
      },
      "properties": {
        "内容": "バス停: 名称不明バス停",
        "name": "名称不明バス停",
        "operator": "事業者不明",
        "ref": "",
        "url": "",
        "url2": ""
      }
    },
    {
      "type": "Feature",
      "geometry": {
        "type": "Point",
        "coordinates": [
          136.909541,
          36.5828032
        ]
      },
      "properties": {
        "内容": "バス停: 院林",
        "name": "院林",
        "operator": "事業者不明",
        "ref": "",
        "url": "",
        "url2": ""
      }
    },
    {
      "type": "Feature",
      "geometry": {
        "type": "Point",
        "coordinates": [
          136.9094713,
          36.5825695
        ]
      },
      "properties": {
        "内容": "バス停: 院林",
        "name": "院林",
        "operator": "事業者不明",
        "ref": "",
        "url": "",
        "url2": ""
      }
    },
    {
      "type": "Feature",
      "geometry": {
        "type": "Point",
        "coordinates": [
          137.0503436,
          36.7862507
        ]
      },
      "properties": {
        "内容": "バス停: 名称不明バス停",
        "name": "名称不明バス停",
        "operator": "事業者不明",
        "ref": "",
        "url": "",
        "url2": ""
      }
    },
    {
      "type": "Feature",
      "geometry": {
        "type": "Point",
        "coordinates": [
          137.0462868,
          36.7835075
        ]
      },
      "properties": {
        "内容": "バス停: 名称不明バス停",
        "name": "名称不明バス停",
        "operator": "事業者不明",
        "ref": "",
        "url": "",
        "url2": ""
      }
    },
    {
      "type": "Feature",
      "geometry": {
        "type": "Point",
        "coordinates": [
          137.0453989,
          36.8130899
        ]
      },
      "properties": {
        "内容": "バス停: 名称不明バス停",
        "name": "名称不明バス停",
        "operator": "事業者不明",
        "ref": "",
        "url": "",
        "url2": ""
      }
    },
    {
      "type": "Feature",
      "geometry": {
        "type": "Point",
        "coordinates": [
          136.9878642,
          36.8503558
        ]
      },
      "properties": {
        "内容": "バス停: 氷見駅口",
        "name": "氷見駅口",
        "operator": "事業者不明",
        "ref": "",
        "url": "",
        "url2": ""
      }
    },
    {
      "type": "Feature",
      "geometry": {
        "type": "Point",
        "coordinates": [
          136.9878508,
          36.8513871
        ]
      },
      "properties": {
        "内容": "バス停: 氷見市民会館前",
        "name": "氷見市民会館前",
        "operator": "事業者不明",
        "ref": "",
        "url": "",
        "url2": ""
      }
    },
    {
      "type": "Feature",
      "geometry": {
        "type": "Point",
        "coordinates": [
          137.0387337,
          36.7732621
        ]
      },
      "properties": {
        "内容": "バス停: 名称不明バス停",
        "name": "名称不明バス停",
        "operator": "事業者不明",
        "ref": "",
        "url": "",
        "url2": ""
      }
    },
    {
      "type": "Feature",
      "geometry": {
        "type": "Point",
        "coordinates": [
          137.1186192,
          36.7731386
        ]
      },
      "properties": {
        "内容": "バス停: 新港東口",
        "name": "新港東口",
        "operator": "事業者不明",
        "ref": "",
        "url": "",
        "url2": ""
      }
    },
    {
      "type": "Feature",
      "geometry": {
        "type": "Point",
        "coordinates": [
          137.0352937,
          36.7664587
        ]
      },
      "properties": {
        "内容": "バス停: 名称不明バス停",
        "name": "名称不明バス停",
        "operator": "事業者不明",
        "ref": "",
        "url": "",
        "url2": ""
      }
    },
    {
      "type": "Feature",
      "geometry": {
        "type": "Point",
        "coordinates": [
          137.0323433,
          36.7637191
        ]
      },
      "properties": {
        "内容": "バス停: 旭ヶ丘",
        "name": "旭ヶ丘",
        "operator": "事業者不明",
        "ref": "",
        "url": "",
        "url2": ""
      }
    },
    {
      "type": "Feature",
      "geometry": {
        "type": "Point",
        "coordinates": [
          137.0296168,
          36.761263
        ]
      },
      "properties": {
        "内容": "バス停: 江尻",
        "name": "江尻",
        "operator": "事業者不明",
        "ref": "",
        "url": "",
        "url2": ""
      }
    },
    {
      "type": "Feature",
      "geometry": {
        "type": "Point",
        "coordinates": [
          137.0269668,
          36.7588531
        ]
      },
      "properties": {
        "内容": "バス停: 高岡職安前",
        "name": "高岡職安前",
        "operator": "事業者不明",
        "ref": "",
        "url": "",
        "url2": ""
      }
    },
    {
      "type": "Feature",
      "geometry": {
        "type": "Point",
        "coordinates": [
          137.0238769,
          36.7556125
        ]
      },
      "properties": {
        "内容": "バス停: 志貴野中学校前",
        "name": "志貴野中学校前",
        "operator": "事業者不明",
        "ref": "",
        "url": "",
        "url2": ""
      }
    },
    {
      "type": "Feature",
      "geometry": {
        "type": "Point",
        "coordinates": [
          137.0201379,
          36.7519924
        ]
      },
      "properties": {
        "内容": "バス停: 広小路",
        "name": "広小路",
        "operator": "事業者不明",
        "ref": "",
        "url": "",
        "url2": ""
      }
    },
    {
      "type": "Feature",
      "geometry": {
        "type": "Point",
        "coordinates": [
          137.2125892,
          36.6928196
        ]
      },
      "properties": {
        "内容": "バス停: 城址公園前 (富山地方鉄道)",
        "name": "城址公園前",
        "operator": "富山地方鉄道",
        "ref": "",
        "url": "",
        "url2": ""
      }
    },
    {
      "type": "Feature",
      "geometry": {
        "type": "Point",
        "coordinates": [
          137.2129176,
          36.6960089
        ]
      },
      "properties": {
        "内容": "バス停: 富山市役所前",
        "name": "富山市役所前",
        "operator": "事業者不明",
        "ref": "",
        "url": "",
        "url2": ""
      }
    },
    {
      "type": "Feature",
      "geometry": {
        "type": "Point",
        "coordinates": [
          137.1999,
          36.7448232
        ]
      },
      "properties": {
        "内容": "バス停: 今市 (富山地方鉄道バス)",
        "name": "今市",
        "operator": "富山地方鉄道バス",
        "ref": "",
        "url": "",
        "url2": ""
      }
    },
    {
      "type": "Feature",
      "geometry": {
        "type": "Point",
        "coordinates": [
          137.2011371,
          36.7505786
        ]
      },
      "properties": {
        "内容": "バス停: 荒屋南部 (富山地方鉄道バス)",
        "name": "荒屋南部",
        "operator": "富山地方鉄道バス",
        "ref": "",
        "url": "",
        "url2": ""
      }
    },
    {
      "type": "Feature",
      "geometry": {
        "type": "Point",
        "coordinates": [
          137.5556014,
          36.9521908
        ]
      },
      "properties": {
        "内容": "バス停: 名称不明バス停",
        "name": "名称不明バス停",
        "operator": "事業者不明",
        "ref": "",
        "url": "",
        "url2": ""
      }
    },
    {
      "type": "Feature",
      "geometry": {
        "type": "Point",
        "coordinates": [
          137.5582014,
          36.9536059
        ]
      },
      "properties": {
        "内容": "バス停: 名称不明バス停",
        "name": "名称不明バス停",
        "operator": "事業者不明",
        "ref": "",
        "url": "",
        "url2": ""
      }
    },
    {
      "type": "Feature",
      "geometry": {
        "type": "Point",
        "coordinates": [
          137.5606327,
          36.9505055
        ]
      },
      "properties": {
        "内容": "バス停: 名称不明バス停",
        "name": "名称不明バス停",
        "operator": "事業者不明",
        "ref": "",
        "url": "",
        "url2": ""
      }
    },
    {
      "type": "Feature",
      "geometry": {
        "type": "Point",
        "coordinates": [
          137.5597614,
          36.956826
        ]
      },
      "properties": {
        "内容": "バス停: 名称不明バス停",
        "name": "名称不明バス停",
        "operator": "事業者不明",
        "ref": "",
        "url": "",
        "url2": ""
      }
    },
    {
      "type": "Feature",
      "geometry": {
        "type": "Point",
        "coordinates": [
          137.56905,
          36.9426344
        ]
      },
      "properties": {
        "内容": "バス停: 名称不明バス停",
        "name": "名称不明バス停",
        "operator": "事業者不明",
        "ref": "",
        "url": "",
        "url2": ""
      }
    },
    {
      "type": "Feature",
      "geometry": {
        "type": "Point",
        "coordinates": [
          137.1830685,
          36.7309957
        ]
      },
      "properties": {
        "内容": "バス停: 八町口",
        "name": "八町口",
        "operator": "事業者不明",
        "ref": "",
        "url": "",
        "url2": ""
      }
    },
    {
      "type": "Feature",
      "geometry": {
        "type": "Point",
        "coordinates": [
          137.1382427,
          36.7681447
        ]
      },
      "properties": {
        "内容": "バス停: 浜開",
        "name": "浜開",
        "operator": "事業者不明",
        "ref": "",
        "url": "",
        "url2": ""
      }
    },
    {
      "type": "Feature",
      "geometry": {
        "type": "Point",
        "coordinates": [
          137.1477471,
          36.7651481
        ]
      },
      "properties": {
        "内容": "バス停: 海老江中町",
        "name": "海老江中町",
        "operator": "事業者不明",
        "ref": "",
        "url": "",
        "url2": ""
      }
    },
    {
      "type": "Feature",
      "geometry": {
        "type": "Point",
        "coordinates": [
          137.1847807,
          36.7567414
        ]
      },
      "properties": {
        "内容": "バス停: 打出",
        "name": "打出",
        "operator": "事業者不明",
        "ref": "",
        "url": "",
        "url2": ""
      }
    },
    {
      "type": "Feature",
      "geometry": {
        "type": "Point",
        "coordinates": [
          137.1679981,
          36.7600834
        ]
      },
      "properties": {
        "内容": "バス停: 老人福祉センター前",
        "name": "老人福祉センター前",
        "operator": "事業者不明",
        "ref": "",
        "url": "",
        "url2": ""
      }
    },
    {
      "type": "Feature",
      "geometry": {
        "type": "Point",
        "coordinates": [
          137.0945776,
          36.7132602
        ]
      },
      "properties": {
        "内容": "バス停: 太閤山一丁目",
        "name": "太閤山一丁目",
        "operator": "事業者不明",
        "ref": "",
        "url": "",
        "url2": ""
      }
    },
    {
      "type": "Feature",
      "geometry": {
        "type": "Point",
        "coordinates": [
          137.1979273,
          36.7348346
        ]
      },
      "properties": {
        "内容": "バス停: 寺島",
        "name": "寺島",
        "operator": "事業者不明",
        "ref": "",
        "url": "",
        "url2": ""
      }
    },
    {
      "type": "Feature",
      "geometry": {
        "type": "Point",
        "coordinates": [
          137.1978179,
          36.7346198
        ]
      },
      "properties": {
        "内容": "バス停: 寺島",
        "name": "寺島",
        "operator": "事業者不明",
        "ref": "",
        "url": "",
        "url2": ""
      }
    },
    {
      "type": "Feature",
      "geometry": {
        "type": "Point",
        "coordinates": [
          137.2001389,
          36.7091294
        ]
      },
      "properties": {
        "内容": "バス停: 田刈屋",
        "name": "田刈屋",
        "operator": "事業者不明",
        "ref": "",
        "url": "",
        "url2": ""
      }
    },
    {
      "type": "Feature",
      "geometry": {
        "type": "Point",
        "coordinates": [
          137.1798544,
          36.7109828
        ]
      },
      "properties": {
        "内容": "バス停: 県立図書館前",
        "name": "県立図書館前",
        "operator": "事業者不明",
        "ref": "",
        "url": "",
        "url2": ""
      }
    },
    {
      "type": "Feature",
      "geometry": {
        "type": "Point",
        "coordinates": [
          137.1797178,
          36.710353
        ]
      },
      "properties": {
        "内容": "バス停: 県立図書館前 (地鉄バス)",
        "name": "県立図書館前",
        "operator": "地鉄バス",
        "ref": "",
        "url": "",
        "url2": ""
      }
    },
    {
      "type": "Feature",
      "geometry": {
        "type": "Point",
        "coordinates": [
          137.4822326,
          36.8738925
        ]
      },
      "properties": {
        "内容": "バス停: 名称不明バス停",
        "name": "名称不明バス停",
        "operator": "事業者不明",
        "ref": "",
        "url": "",
        "url2": ""
      }
    },
    {
      "type": "Feature",
      "geometry": {
        "type": "Point",
        "coordinates": [
          137.4820063,
          36.8742162
        ]
      },
      "properties": {
        "内容": "バス停: 名称不明バス停",
        "name": "名称不明バス停",
        "operator": "事業者不明",
        "ref": "",
        "url": "",
        "url2": ""
      }
    },
    {
      "type": "Feature",
      "geometry": {
        "type": "Point",
        "coordinates": [
          137.4817771,
          36.8742126
        ]
      },
      "properties": {
        "内容": "バス停: 名称不明バス停",
        "name": "名称不明バス停",
        "operator": "事業者不明",
        "ref": "",
        "url": "",
        "url2": ""
      }
    },
    {
      "type": "Feature",
      "geometry": {
        "type": "Point",
        "coordinates": [
          137.4821457,
          36.8737583
        ]
      },
      "properties": {
        "内容": "バス停: 名称不明バス停",
        "name": "名称不明バス停",
        "operator": "事業者不明",
        "ref": "",
        "url": "",
        "url2": ""
      }
    },
    {
      "type": "Feature",
      "geometry": {
        "type": "Point",
        "coordinates": [
          137.4818909,
          36.8736983
        ]
      },
      "properties": {
        "内容": "バス停: 名称不明バス停",
        "name": "名称不明バス停",
        "operator": "事業者不明",
        "ref": "",
        "url": "",
        "url2": ""
      }
    },
    {
      "type": "Feature",
      "geometry": {
        "type": "Point",
        "coordinates": [
          137.2671319,
          36.7434328
        ]
      },
      "properties": {
        "内容": "バス停: 県リハビリセンター南口 (富山地鉄バス)",
        "name": "県リハビリセンター南口",
        "operator": "富山地鉄バス",
        "ref": "",
        "url": "",
        "url2": ""
      }
    },
    {
      "type": "Feature",
      "geometry": {
        "type": "Point",
        "coordinates": [
          137.1346978,
          36.7601972
        ]
      },
      "properties": {
        "内容": "バス停: 七美中野",
        "name": "七美中野",
        "operator": "事業者不明",
        "ref": "",
        "url": "",
        "url2": ""
      }
    },
    {
      "type": "Feature",
      "geometry": {
        "type": "Point",
        "coordinates": [
          137.1323381,
          36.7545025
        ]
      },
      "properties": {
        "内容": "バス停: 二十六町口",
        "name": "二十六町口",
        "operator": "事業者不明",
        "ref": "",
        "url": "",
        "url2": ""
      }
    },
    {
      "type": "Feature",
      "geometry": {
        "type": "Point",
        "coordinates": [
          137.1900337,
          36.7487335
        ]
      },
      "properties": {
        "内容": "バス停: 倉垣小学校前 (地鉄北斗バス)",
        "name": "倉垣小学校前",
        "operator": "地鉄北斗バス",
        "ref": "",
        "url": "",
        "url2": ""
      }
    },
    {
      "type": "Feature",
      "geometry": {
        "type": "Point",
        "coordinates": [
          137.1921275,
          36.7513528
        ]
      },
      "properties": {
        "内容": "バス停: 鯰温泉口 (地鉄北斗バス)",
        "name": "鯰温泉口",
        "operator": "地鉄北斗バス",
        "ref": "",
        "url": "",
        "url2": ""
      }
    },
    {
      "type": "Feature",
      "geometry": {
        "type": "Point",
        "coordinates": [
          137.1924621,
          36.7560286
        ]
      },
      "properties": {
        "内容": "バス停: 四方口 (地鉄北斗バス)",
        "name": "四方口",
        "operator": "地鉄北斗バス",
        "ref": "",
        "url": "",
        "url2": ""
      }
    },
    {
      "type": "Feature",
      "geometry": {
        "type": "Point",
        "coordinates": [
          137.193074,
          36.7556536
        ]
      },
      "properties": {
        "内容": "バス停: 四方口 (地鉄北斗バス)",
        "name": "四方口",
        "operator": "地鉄北斗バス",
        "ref": "",
        "url": "",
        "url2": ""
      }
    },
    {
      "type": "Feature",
      "geometry": {
        "type": "Point",
        "coordinates": [
          137.1917925,
          36.7511189
        ]
      },
      "properties": {
        "内容": "バス停: 鯰温泉口 (地鉄北斗バス)",
        "name": "鯰温泉口",
        "operator": "地鉄北斗バス",
        "ref": "",
        "url": "",
        "url2": ""
      }
    },
    {
      "type": "Feature",
      "geometry": {
        "type": "Point",
        "coordinates": [
          137.1904346,
          36.7491168
        ]
      },
      "properties": {
        "内容": "バス停: 倉垣小学校前 (地鉄北斗バス)",
        "name": "倉垣小学校前",
        "operator": "地鉄北斗バス",
        "ref": "",
        "url": "",
        "url2": ""
      }
    },
    {
      "type": "Feature",
      "geometry": {
        "type": "Point",
        "coordinates": [
          137.1898691,
          36.7466163
        ]
      },
      "properties": {
        "内容": "バス停: 和合中学校前 (地鉄北斗バス)",
        "name": "和合中学校前",
        "operator": "地鉄北斗バス",
        "ref": "",
        "url": "",
        "url2": ""
      }
    },
    {
      "type": "Feature",
      "geometry": {
        "type": "Point",
        "coordinates": [
          137.1462876,
          36.6770553
        ]
      },
      "properties": {
        "内容": "バス停: 友坂",
        "name": "友坂",
        "operator": "事業者不明",
        "ref": "",
        "url": "",
        "url2": ""
      }
    },
    {
      "type": "Feature",
      "geometry": {
        "type": "Point",
        "coordinates": [
          137.1605394,
          36.7603743
        ]
      },
      "properties": {
        "内容": "バス停: 練合",
        "name": "練合",
        "operator": "事業者不明",
        "ref": "",
        "url": "",
        "url2": ""
      }
    },
    {
      "type": "Feature",
      "geometry": {
        "type": "Point",
        "coordinates": [
          137.1963918,
          36.7147877
        ]
      },
      "properties": {
        "内容": "バス停: 御廟口",
        "name": "御廟口",
        "operator": "事業者不明",
        "ref": "",
        "url": "",
        "url2": ""
      }
    },
    {
      "type": "Feature",
      "geometry": {
        "type": "Point",
        "coordinates": [
          137.1962275,
          36.7148495
        ]
      },
      "properties": {
        "内容": "バス停: 御廟口",
        "name": "御廟口",
        "operator": "事業者不明",
        "ref": "",
        "url": "",
        "url2": ""
      }
    },
    {
      "type": "Feature",
      "geometry": {
        "type": "Point",
        "coordinates": [
          137.1793419,
          36.7575214
        ]
      },
      "properties": {
        "内容": "バス停: 本江",
        "name": "本江",
        "operator": "事業者不明",
        "ref": "",
        "url": "",
        "url2": ""
      }
    },
    {
      "type": "Feature",
      "geometry": {
        "type": "Point",
        "coordinates": [
          137.0158115,
          36.7404564
        ]
      },
      "properties": {
        "内容": "バス停: 高岡駅南口",
        "name": "高岡駅南口",
        "operator": "事業者不明",
        "ref": "",
        "url": "",
        "url2": ""
      }
    },
    {
      "type": "Feature",
      "geometry": {
        "type": "Point",
        "coordinates": [
          137.2109162,
          36.7106745
        ]
      },
      "properties": {
        "内容": "バス停: 富山県美術館 (富山地方鉄道)",
        "name": "富山県美術館",
        "operator": "富山地方鉄道",
        "ref": "",
        "url": "",
        "url2": ""
      }
    },
    {
      "type": "Feature",
      "geometry": {
        "type": "Point",
        "coordinates": [
          137.5891437,
          36.9730029
        ]
      },
      "properties": {
        "内容": "バス停: 名称不明バス停",
        "name": "名称不明バス停",
        "operator": "事業者不明",
        "ref": "",
        "url": "",
        "url2": ""
      }
    },
    {
      "type": "Feature",
      "geometry": {
        "type": "Point",
        "coordinates": [
          137.5372527,
          36.9269224
        ]
      },
      "properties": {
        "内容": "バス停: 名称不明バス停",
        "name": "名称不明バス停",
        "operator": "事業者不明",
        "ref": "",
        "url": "",
        "url2": ""
      }
    },
    {
      "type": "Feature",
      "geometry": {
        "type": "Point",
        "coordinates": [
          137.548312,
          36.9302694
        ]
      },
      "properties": {
        "内容": "バス停: 名称不明バス停",
        "name": "名称不明バス停",
        "operator": "事業者不明",
        "ref": "",
        "url": "",
        "url2": ""
      }
    },
    {
      "type": "Feature",
      "geometry": {
        "type": "Point",
        "coordinates": [
          137.5443208,
          36.9286987
        ]
      },
      "properties": {
        "内容": "バス停: 名称不明バス停",
        "name": "名称不明バス停",
        "operator": "事業者不明",
        "ref": "",
        "url": "",
        "url2": ""
      }
    },
    {
      "type": "Feature",
      "geometry": {
        "type": "Point",
        "coordinates": [
          137.5459453,
          36.9328029
        ]
      },
      "properties": {
        "内容": "バス停: 名称不明バス停",
        "name": "名称不明バス停",
        "operator": "事業者不明",
        "ref": "",
        "url": "",
        "url2": ""
      }
    },
    {
      "type": "Feature",
      "geometry": {
        "type": "Point",
        "coordinates": [
          137.5379619,
          36.9240982
        ]
      },
      "properties": {
        "内容": "バス停: 名称不明バス停",
        "name": "名称不明バス停",
        "operator": "事業者不明",
        "ref": "",
        "url": "",
        "url2": ""
      }
    },
    {
      "type": "Feature",
      "geometry": {
        "type": "Point",
        "coordinates": [
          137.5449718,
          36.9173309
        ]
      },
      "properties": {
        "内容": "バス停: 名称不明バス停",
        "name": "名称不明バス停",
        "operator": "事業者不明",
        "ref": "",
        "url": "",
        "url2": ""
      }
    },
    {
      "type": "Feature",
      "geometry": {
        "type": "Point",
        "coordinates": [
          137.5455209,
          36.9125292
        ]
      },
      "properties": {
        "内容": "バス停: 名称不明バス停",
        "name": "名称不明バス停",
        "operator": "事業者不明",
        "ref": "",
        "url": "",
        "url2": ""
      }
    },
    {
      "type": "Feature",
      "geometry": {
        "type": "Point",
        "coordinates": [
          137.6232482,
          36.9766689
        ]
      },
      "properties": {
        "内容": "バス停: 名称不明バス停",
        "name": "名称不明バス停",
        "operator": "事業者不明",
        "ref": "",
        "url": "",
        "url2": ""
      }
    },
    {
      "type": "Feature",
      "geometry": {
        "type": "Point",
        "coordinates": [
          137.5631388,
          36.9607171
        ]
      },
      "properties": {
        "内容": "バス停: 名称不明バス停",
        "name": "名称不明バス停",
        "operator": "事業者不明",
        "ref": "",
        "url": "",
        "url2": ""
      }
    },
    {
      "type": "Feature",
      "geometry": {
        "type": "Point",
        "coordinates": [
          137.561173,
          36.9584347
        ]
      },
      "properties": {
        "内容": "バス停: 名称不明バス停",
        "name": "名称不明バス停",
        "operator": "事業者不明",
        "ref": "",
        "url": "",
        "url2": ""
      }
    },
    {
      "type": "Feature",
      "geometry": {
        "type": "Point",
        "coordinates": [
          137.5701357,
          36.936999
        ]
      },
      "properties": {
        "内容": "バス停: 名称不明バス停",
        "name": "名称不明バス停",
        "operator": "事業者不明",
        "ref": "",
        "url": "",
        "url2": ""
      }
    },
    {
      "type": "Feature",
      "geometry": {
        "type": "Point",
        "coordinates": [
          137.5536798,
          36.9535303
        ]
      },
      "properties": {
        "内容": "バス停: 名称不明バス停",
        "name": "名称不明バス停",
        "operator": "事業者不明",
        "ref": "",
        "url": "",
        "url2": ""
      }
    },
    {
      "type": "Feature",
      "geometry": {
        "type": "Point",
        "coordinates": [
          137.5621288,
          36.9498097
        ]
      },
      "properties": {
        "内容": "バス停: 名称不明バス停",
        "name": "名称不明バス停",
        "operator": "事業者不明",
        "ref": "",
        "url": "",
        "url2": ""
      }
    },
    {
      "type": "Feature",
      "geometry": {
        "type": "Point",
        "coordinates": [
          137.5600724,
          36.9465012
        ]
      },
      "properties": {
        "内容": "バス停: 名称不明バス停",
        "name": "名称不明バス停",
        "operator": "事業者不明",
        "ref": "",
        "url": "",
        "url2": ""
      }
    },
    {
      "type": "Feature",
      "geometry": {
        "type": "Point",
        "coordinates": [
          137.5521373,
          36.944574
        ]
      },
      "properties": {
        "内容": "バス停: 名称不明バス停",
        "name": "名称不明バス停",
        "operator": "事業者不明",
        "ref": "",
        "url": "",
        "url2": ""
      }
    },
    {
      "type": "Feature",
      "geometry": {
        "type": "Point",
        "coordinates": [
          137.5597922,
          36.9382918
        ]
      },
      "properties": {
        "内容": "バス停: 名称不明バス停",
        "name": "名称不明バス停",
        "operator": "事業者不明",
        "ref": "",
        "url": "",
        "url2": ""
      }
    },
    {
      "type": "Feature",
      "geometry": {
        "type": "Point",
        "coordinates": [
          137.5692783,
          36.9295789
        ]
      },
      "properties": {
        "内容": "バス停: 名称不明バス停",
        "name": "名称不明バス停",
        "operator": "事業者不明",
        "ref": "",
        "url": "",
        "url2": ""
      }
    },
    {
      "type": "Feature",
      "geometry": {
        "type": "Point",
        "coordinates": [
          137.5797272,
          36.9200776
        ]
      },
      "properties": {
        "内容": "バス停: 名称不明バス停",
        "name": "名称不明バス停",
        "operator": "事業者不明",
        "ref": "",
        "url": "",
        "url2": ""
      }
    },
    {
      "type": "Feature",
      "geometry": {
        "type": "Point",
        "coordinates": [
          137.5785571,
          36.9177375
        ]
      },
      "properties": {
        "内容": "バス停: 名称不明バス停",
        "name": "名称不明バス停",
        "operator": "事業者不明",
        "ref": "",
        "url": "",
        "url2": ""
      }
    },
    {
      "type": "Feature",
      "geometry": {
        "type": "Point",
        "coordinates": [
          137.5870379,
          36.9121226
        ]
      },
      "properties": {
        "内容": "バス停: 名称不明バス停",
        "name": "名称不明バス停",
        "operator": "事業者不明",
        "ref": "",
        "url": "",
        "url2": ""
      }
    },
    {
      "type": "Feature",
      "geometry": {
        "type": "Point",
        "coordinates": [
          137.5926379,
          36.9056498
        ]
      },
      "properties": {
        "内容": "バス停: 名称不明バス停",
        "name": "名称不明バス停",
        "operator": "事業者不明",
        "ref": "",
        "url": "",
        "url2": ""
      }
    },
    {
      "type": "Feature",
      "geometry": {
        "type": "Point",
        "coordinates": [
          137.5908513,
          36.9038858
        ]
      },
      "properties": {
        "内容": "バス停: 名称不明バス停",
        "name": "名称不明バス停",
        "operator": "事業者不明",
        "ref": "",
        "url": "",
        "url2": ""
      }
    },
    {
      "type": "Feature",
      "geometry": {
        "type": "Point",
        "coordinates": [
          137.5733823,
          36.9135785
        ]
      },
      "properties": {
        "内容": "バス停: 名称不明バス停",
        "name": "名称不明バス停",
        "operator": "事業者不明",
        "ref": "",
        "url": "",
        "url2": ""
      }
    },
    {
      "type": "Feature",
      "geometry": {
        "type": "Point",
        "coordinates": [
          137.5706699,
          36.9058433
        ]
      },
      "properties": {
        "内容": "バス停: 名称不明バス停",
        "name": "名称不明バス停",
        "operator": "事業者不明",
        "ref": "",
        "url": "",
        "url2": ""
      }
    },
    {
      "type": "Feature",
      "geometry": {
        "type": "Point",
        "coordinates": [
          137.5547131,
          36.9082099
        ]
      },
      "properties": {
        "内容": "バス停: 名称不明バス停",
        "name": "名称不明バス停",
        "operator": "事業者不明",
        "ref": "",
        "url": "",
        "url2": ""
      }
    },
    {
      "type": "Feature",
      "geometry": {
        "type": "Point",
        "coordinates": [
          137.5206082,
          36.9548433
        ]
      },
      "properties": {
        "内容": "バス停: 名称不明バス停",
        "name": "名称不明バス停",
        "operator": "事業者不明",
        "ref": "",
        "url": "",
        "url2": ""
      }
    },
    {
      "type": "Feature",
      "geometry": {
        "type": "Point",
        "coordinates": [
          137.5637204,
          36.9075112
        ]
      },
      "properties": {
        "内容": "バス停: 名称不明バス停",
        "name": "名称不明バス停",
        "operator": "事業者不明",
        "ref": "",
        "url": "",
        "url2": ""
      }
    },
    {
      "type": "Feature",
      "geometry": {
        "type": "Point",
        "coordinates": [
          137.569348,
          36.9201451
        ]
      },
      "properties": {
        "内容": "バス停: 名称不明バス停",
        "name": "名称不明バス停",
        "operator": "事業者不明",
        "ref": "",
        "url": "",
        "url2": ""
      }
    },
    {
      "type": "Feature",
      "geometry": {
        "type": "Point",
        "coordinates": [
          137.5549421,
          36.9123606
        ]
      },
      "properties": {
        "内容": "バス停: 名称不明バス停",
        "name": "名称不明バス停",
        "operator": "事業者不明",
        "ref": "",
        "url": "",
        "url2": ""
      }
    },
    {
      "type": "Feature",
      "geometry": {
        "type": "Point",
        "coordinates": [
          137.5668633,
          36.9218198
        ]
      },
      "properties": {
        "内容": "バス停: 名称不明バス停",
        "name": "名称不明バス停",
        "operator": "事業者不明",
        "ref": "",
        "url": "",
        "url2": ""
      }
    },
    {
      "type": "Feature",
      "geometry": {
        "type": "Point",
        "coordinates": [
          137.5573401,
          36.9282308
        ]
      },
      "properties": {
        "内容": "バス停: 名称不明バス停",
        "name": "名称不明バス停",
        "operator": "事業者不明",
        "ref": "",
        "url": "",
        "url2": ""
      }
    },
    {
      "type": "Feature",
      "geometry": {
        "type": "Point",
        "coordinates": [
          137.5362632,
          36.9381962
        ]
      },
      "properties": {
        "内容": "バス停: 名称不明バス停",
        "name": "名称不明バス停",
        "operator": "事業者不明",
        "ref": "",
        "url": "",
        "url2": ""
      }
    },
    {
      "type": "Feature",
      "geometry": {
        "type": "Point",
        "coordinates": [
          137.5377757,
          36.952622
        ]
      },
      "properties": {
        "内容": "バス停: 名称不明バス停",
        "name": "名称不明バス停",
        "operator": "事業者不明",
        "ref": "",
        "url": "",
        "url2": ""
      }
    },
    {
      "type": "Feature",
      "geometry": {
        "type": "Point",
        "coordinates": [
          137.509509,
          36.9554468
        ]
      },
      "properties": {
        "内容": "バス停: 名称不明バス停",
        "name": "名称不明バス停",
        "operator": "事業者不明",
        "ref": "",
        "url": "",
        "url2": ""
      }
    },
    {
      "type": "Feature",
      "geometry": {
        "type": "Point",
        "coordinates": [
          137.5322037,
          36.9522511
        ]
      },
      "properties": {
        "内容": "バス停: 名称不明バス停",
        "name": "名称不明バス停",
        "operator": "事業者不明",
        "ref": "",
        "url": "",
        "url2": ""
      }
    },
    {
      "type": "Feature",
      "geometry": {
        "type": "Point",
        "coordinates": [
          137.5266523,
          36.953778
        ]
      },
      "properties": {
        "内容": "バス停: 名称不明バス停",
        "name": "名称不明バス停",
        "operator": "事業者不明",
        "ref": "",
        "url": "",
        "url2": ""
      }
    },
    {
      "type": "Feature",
      "geometry": {
        "type": "Point",
        "coordinates": [
          137.513601,
          36.9562528
        ]
      },
      "properties": {
        "内容": "バス停: 名称不明バス停",
        "name": "名称不明バス停",
        "operator": "事業者不明",
        "ref": "",
        "url": "",
        "url2": ""
      }
    },
    {
      "type": "Feature",
      "geometry": {
        "type": "Point",
        "coordinates": [
          137.5091668,
          36.9477368
        ]
      },
      "properties": {
        "内容": "バス停: 名称不明バス停",
        "name": "名称不明バス停",
        "operator": "事業者不明",
        "ref": "",
        "url": "",
        "url2": ""
      }
    },
    {
      "type": "Feature",
      "geometry": {
        "type": "Point",
        "coordinates": [
          137.5062416,
          36.942767
        ]
      },
      "properties": {
        "内容": "バス停: 名称不明バス停",
        "name": "名称不明バス停",
        "operator": "事業者不明",
        "ref": "",
        "url": "",
        "url2": ""
      }
    },
    {
      "type": "Feature",
      "geometry": {
        "type": "Point",
        "coordinates": [
          137.5004973,
          36.9412762
        ]
      },
      "properties": {
        "内容": "バス停: 名称不明バス停",
        "name": "名称不明バス停",
        "operator": "事業者不明",
        "ref": "",
        "url": "",
        "url2": ""
      }
    },
    {
      "type": "Feature",
      "geometry": {
        "type": "Point",
        "coordinates": [
          137.2071894,
          36.7000366
        ]
      },
      "properties": {
        "内容": "バス停: 神通町 (富山地方鉄道)",
        "name": "神通町",
        "operator": "富山地方鉄道",
        "ref": "",
        "url": "",
        "url2": ""
      }
    },
    {
      "type": "Feature",
      "geometry": {
        "type": "Point",
        "coordinates": [
          137.5939058,
          36.9468444
        ]
      },
      "properties": {
        "内容": "バス停: 名称不明バス停",
        "name": "名称不明バス停",
        "operator": "事業者不明",
        "ref": "",
        "url": "",
        "url2": ""
      }
    },
    {
      "type": "Feature",
      "geometry": {
        "type": "Point",
        "coordinates": [
          137.5882122,
          36.9504349
        ]
      },
      "properties": {
        "内容": "バス停: 名称不明バス停",
        "name": "名称不明バス停",
        "operator": "事業者不明",
        "ref": "",
        "url": "",
        "url2": ""
      }
    },
    {
      "type": "Feature",
      "geometry": {
        "type": "Point",
        "coordinates": [
          137.5718295,
          36.9551524
        ]
      },
      "properties": {
        "内容": "バス停: 名称不明バス停",
        "name": "名称不明バス停",
        "operator": "事業者不明",
        "ref": "",
        "url": "",
        "url2": ""
      }
    },
    {
      "type": "Feature",
      "geometry": {
        "type": "Point",
        "coordinates": [
          137.4308471,
          36.9238698
        ]
      },
      "properties": {
        "内容": "バス停: 名称不明バス停",
        "name": "名称不明バス停",
        "operator": "事業者不明",
        "ref": "",
        "url": "",
        "url2": ""
      }
    },
    {
      "type": "Feature",
      "geometry": {
        "type": "Point",
        "coordinates": [
          137.4321198,
          36.9251323
        ]
      },
      "properties": {
        "内容": "バス停: 名称不明バス停",
        "name": "名称不明バス停",
        "operator": "事業者不明",
        "ref": "",
        "url": "",
        "url2": ""
      }
    },
    {
      "type": "Feature",
      "geometry": {
        "type": "Point",
        "coordinates": [
          137.4342434,
          36.9262145
        ]
      },
      "properties": {
        "内容": "バス停: 名称不明バス停",
        "name": "名称不明バス停",
        "operator": "事業者不明",
        "ref": "",
        "url": "",
        "url2": ""
      }
    },
    {
      "type": "Feature",
      "geometry": {
        "type": "Point",
        "coordinates": [
          137.1406313,
          36.6805833
        ]
      },
      "properties": {
        "内容": "バス停: 名称不明バス停",
        "name": "名称不明バス停",
        "operator": "事業者不明",
        "ref": "",
        "url": "",
        "url2": ""
      }
    },
    {
      "type": "Feature",
      "geometry": {
        "type": "Point",
        "coordinates": [
          137.140541,
          36.6805762
        ]
      },
      "properties": {
        "内容": "バス停: 名称不明バス停",
        "name": "名称不明バス停",
        "operator": "事業者不明",
        "ref": "",
        "url": "",
        "url2": ""
      }
    },
    {
      "type": "Feature",
      "geometry": {
        "type": "Point",
        "coordinates": [
          137.1404636,
          36.680573
        ]
      },
      "properties": {
        "内容": "バス停: 名称不明バス停",
        "name": "名称不明バス停",
        "operator": "事業者不明",
        "ref": "",
        "url": "",
        "url2": ""
      }
    },
    {
      "type": "Feature",
      "geometry": {
        "type": "Point",
        "coordinates": [
          137.1403921,
          36.680573
        ]
      },
      "properties": {
        "内容": "バス停: 名称不明バス停",
        "name": "名称不明バス停",
        "operator": "事業者不明",
        "ref": "",
        "url": "",
        "url2": ""
      }
    },
    {
      "type": "Feature",
      "geometry": {
        "type": "Point",
        "coordinates": [
          137.1403256,
          36.6805738
        ]
      },
      "properties": {
        "内容": "バス停: 名称不明バス停",
        "name": "名称不明バス停",
        "operator": "事業者不明",
        "ref": "",
        "url": "",
        "url2": ""
      }
    },
    {
      "type": "Feature",
      "geometry": {
        "type": "Point",
        "coordinates": [
          137.1959332,
          36.7566125
        ]
      },
      "properties": {
        "内容": "バス停: 田町",
        "name": "田町",
        "operator": "事業者不明",
        "ref": "",
        "url": "",
        "url2": ""
      }
    },
    {
      "type": "Feature",
      "geometry": {
        "type": "Point",
        "coordinates": [
          137.1960456,
          36.7568147
        ]
      },
      "properties": {
        "内容": "バス停: 田町",
        "name": "田町",
        "operator": "事業者不明",
        "ref": "",
        "url": "",
        "url2": ""
      }
    },
    {
      "type": "Feature",
      "geometry": {
        "type": "Point",
        "coordinates": [
          137.1897491,
          36.7466392
        ]
      },
      "properties": {
        "内容": "バス停: 和合中学校前 (地鉄北斗バス)",
        "name": "和合中学校前",
        "operator": "地鉄北斗バス",
        "ref": "",
        "url": "",
        "url2": ""
      }
    },
    {
      "type": "Feature",
      "geometry": {
        "type": "Point",
        "coordinates": [
          137.1981729,
          36.7054093
        ]
      },
      "properties": {
        "内容": "バス停: 田刈屋南口",
        "name": "田刈屋南口",
        "operator": "事業者不明",
        "ref": "",
        "url": "",
        "url2": ""
      }
    },
    {
      "type": "Feature",
      "geometry": {
        "type": "Point",
        "coordinates": [
          137.2014587,
          36.7499743
        ]
      },
      "properties": {
        "内容": "バス停: 荒屋南部",
        "name": "荒屋南部",
        "operator": "事業者不明",
        "ref": "",
        "url": "",
        "url2": ""
      }
    },
    {
      "type": "Feature",
      "geometry": {
        "type": "Point",
        "coordinates": [
          137.1994652,
          36.7532384
        ]
      },
      "properties": {
        "内容": "バス停: 荒屋",
        "name": "荒屋",
        "operator": "事業者不明",
        "ref": "",
        "url": "",
        "url2": ""
      }
    },
    {
      "type": "Feature",
      "geometry": {
        "type": "Point",
        "coordinates": [
          137.1982373,
          36.7051511
        ]
      },
      "properties": {
        "内容": "バス停: 田刈屋南口",
        "name": "田刈屋南口",
        "operator": "事業者不明",
        "ref": "",
        "url": "",
        "url2": ""
      }
    },
    {
      "type": "Feature",
      "geometry": {
        "type": "Point",
        "coordinates": [
          137.3933309,
          36.574305
        ]
      },
      "properties": {
        "内容": "バス停: 本宮",
        "name": "本宮",
        "operator": "事業者不明",
        "ref": "",
        "url": "",
        "url2": ""
      }
    },
    {
      "type": "Feature",
      "geometry": {
        "type": "Point",
        "coordinates": [
          137.1254848,
          36.5321744
        ]
      },
      "properties": {
        "内容": "バス停: 川倉不動前",
        "name": "川倉不動前",
        "operator": "事業者不明",
        "ref": "",
        "url": "",
        "url2": ""
      }
    },
    {
      "type": "Feature",
      "geometry": {
        "type": "Point",
        "coordinates": [
          137.0029704,
          36.6599106
        ]
      },
      "properties": {
        "内容": "バス停: 名称不明バス停",
        "name": "名称不明バス停",
        "operator": "事業者不明",
        "ref": "",
        "url": "",
        "url2": ""
      }
    },
    {
      "type": "Feature",
      "geometry": {
        "type": "Point",
        "coordinates": [
          137.0026378,
          36.6597234
        ]
      },
      "properties": {
        "内容": "バス停: 名称不明バス停",
        "name": "名称不明バス停",
        "operator": "事業者不明",
        "ref": "",
        "url": "",
        "url2": ""
      }
    },
    {
      "type": "Feature",
      "geometry": {
        "type": "Point",
        "coordinates": [
          137.2136917,
          36.71103
        ]
      },
      "properties": {
        "内容": "バス停: 環水公園 (富山地方鉄道)",
        "name": "環水公園",
        "operator": "富山地方鉄道",
        "ref": "",
        "url": "",
        "url2": ""
      }
    },
    {
      "type": "Feature",
      "geometry": {
        "type": "Point",
        "coordinates": [
          137.2138933,
          36.7109818
        ]
      },
      "properties": {
        "内容": "バス停: 環水公園 (富山地方鉄道)",
        "name": "環水公園",
        "operator": "富山地方鉄道",
        "ref": "",
        "url": "",
        "url2": ""
      }
    },
    {
      "type": "Feature",
      "geometry": {
        "type": "Point",
        "coordinates": [
          137.1564507,
          36.7616586
        ]
      },
      "properties": {
        "内容": "バス停: 槍ヶ崎口",
        "name": "槍ヶ崎口",
        "operator": "事業者不明",
        "ref": "",
        "url": "",
        "url2": ""
      }
    },
    {
      "type": "Feature",
      "geometry": {
        "type": "Point",
        "coordinates": [
          137.1354575,
          36.7689026
        ]
      },
      "properties": {
        "内容": "バス停: 射北中学校前",
        "name": "射北中学校前",
        "operator": "事業者不明",
        "ref": "",
        "url": "",
        "url2": ""
      }
    },
    {
      "type": "Feature",
      "geometry": {
        "type": "Point",
        "coordinates": [
          137.1401524,
          36.7678168
        ]
      },
      "properties": {
        "内容": "バス停: 浜開",
        "name": "浜開",
        "operator": "事業者不明",
        "ref": "",
        "url": "",
        "url2": ""
      }
    },
    {
      "type": "Feature",
      "geometry": {
        "type": "Point",
        "coordinates": [
          137.1609978,
          36.7605483
        ]
      },
      "properties": {
        "内容": "バス停: 練合",
        "name": "練合",
        "operator": "事業者不明",
        "ref": "",
        "url": "",
        "url2": ""
      }
    },
    {
      "type": "Feature",
      "geometry": {
        "type": "Point",
        "coordinates": [
          137.2086686,
          36.7465085
        ]
      },
      "properties": {
        "内容": "バス停: 草島小学校口",
        "name": "草島小学校口",
        "operator": "事業者不明",
        "ref": "",
        "url": "",
        "url2": ""
      }
    },
    {
      "type": "Feature",
      "geometry": {
        "type": "Point",
        "coordinates": [
          137.1854432,
          36.7391984
        ]
      },
      "properties": {
        "内容": "バス停: 八町北口 (地鉄北斗バス)",
        "name": "八町北口",
        "operator": "地鉄北斗バス",
        "ref": "",
        "url": "",
        "url2": ""
      }
    },
    {
      "type": "Feature",
      "geometry": {
        "type": "Point",
        "coordinates": [
          137.1831077,
          36.736001
        ]
      },
      "properties": {
        "内容": "バス停: 八町 (地鉄北斗バス)",
        "name": "八町",
        "operator": "地鉄北斗バス",
        "ref": "",
        "url": "",
        "url2": ""
      }
    },
    {
      "type": "Feature",
      "geometry": {
        "type": "Point",
        "coordinates": [
          137.183018,
          36.7356298
        ]
      },
      "properties": {
        "内容": "バス停: 八町 (地鉄北斗バス)",
        "name": "八町",
        "operator": "地鉄北斗バス",
        "ref": "",
        "url": "",
        "url2": ""
      }
    },
    {
      "type": "Feature",
      "geometry": {
        "type": "Point",
        "coordinates": [
          137.188293,
          36.742312
        ]
      },
      "properties": {
        "内容": "バス停: 布目 (地鉄北斗バス)",
        "name": "布目",
        "operator": "地鉄北斗バス",
        "ref": "",
        "url": "",
        "url2": ""
      }
    },
    {
      "type": "Feature",
      "geometry": {
        "type": "Point",
        "coordinates": [
          137.1831789,
          36.7311438
        ]
      },
      "properties": {
        "内容": "バス停: 八町口 (地鉄北斗バス)",
        "name": "八町口",
        "operator": "地鉄北斗バス",
        "ref": "",
        "url": "",
        "url2": ""
      }
    },
    {
      "type": "Feature",
      "geometry": {
        "type": "Point",
        "coordinates": [
          137.1884319,
          36.7423614
        ]
      },
      "properties": {
        "内容": "バス停: 布目 (地鉄北斗バス)",
        "name": "布目",
        "operator": "地鉄北斗バス",
        "ref": "",
        "url": "",
        "url2": ""
      }
    },
    {
      "type": "Feature",
      "geometry": {
        "type": "Point",
        "coordinates": [
          136.913427,
          36.699419
        ]
      },
      "properties": {
        "内容": "バス停: 本領 (高岡市公営バス)",
        "name": "本領",
        "operator": "高岡市公営バス",
        "ref": "",
        "url": "",
        "url2": ""
      }
    },
    {
      "type": "Feature",
      "geometry": {
        "type": "Point",
        "coordinates": [
          136.9154191,
          36.6951692
        ]
      },
      "properties": {
        "内容": "バス停: 木舟新 (高岡市公営バス)",
        "name": "木舟新",
        "operator": "高岡市公営バス",
        "ref": "",
        "url": "",
        "url2": ""
      }
    },
    {
      "type": "Feature",
      "geometry": {
        "type": "Point",
        "coordinates": [
          136.9144857,
          36.6935734
        ]
      },
      "properties": {
        "内容": "バス停: 木舟 (高岡市公営バス)",
        "name": "木舟",
        "operator": "高岡市公営バス",
        "ref": "",
        "url": "",
        "url2": ""
      }
    },
    {
      "type": "Feature",
      "geometry": {
        "type": "Point",
        "coordinates": [
          136.9201291,
          36.7036983
        ]
      },
      "properties": {
        "内容": "バス停: 大滝 (高岡市公営バス)",
        "name": "大滝",
        "operator": "高岡市公営バス",
        "ref": "",
        "url": "",
        "url2": ""
      }
    },
    {
      "type": "Feature",
      "geometry": {
        "type": "Point",
        "coordinates": [
          136.9340122,
          36.687577
        ]
      },
      "properties": {
        "内容": "バス停: 上矢部 (高岡市公営バス)",
        "name": "上矢部",
        "operator": "高岡市公営バス",
        "ref": "",
        "url": "",
        "url2": ""
      }
    },
    {
      "type": "Feature",
      "geometry": {
        "type": "Point",
        "coordinates": [
          136.9390601,
          36.6858821
        ]
      },
      "properties": {
        "内容": "バス停: 上南矢部 (高岡市公営バス)",
        "name": "上南矢部",
        "operator": "高岡市公営バス",
        "ref": "",
        "url": "",
        "url2": ""
      }
    },
    {
      "type": "Feature",
      "geometry": {
        "type": "Point",
        "coordinates": [
          136.9388455,
          36.6892117
        ]
      },
      "properties": {
        "内容": "バス停: 南矢部 (高岡市公営バス)",
        "name": "南矢部",
        "operator": "高岡市公営バス",
        "ref": "",
        "url": "",
        "url2": ""
      }
    },
    {
      "type": "Feature",
      "geometry": {
        "type": "Point",
        "coordinates": [
          136.938919,
          36.6948704
        ]
      },
      "properties": {
        "内容": "バス停: 矢部 (高岡市公営バス)",
        "name": "矢部",
        "operator": "高岡市公営バス",
        "ref": "",
        "url": "",
        "url2": ""
      }
    },
    {
      "type": "Feature",
      "geometry": {
        "type": "Point",
        "coordinates": [
          136.9375849,
          36.7009371
        ]
      },
      "properties": {
        "内容": "バス停: 江尻 (高岡市公営バス)",
        "name": "江尻",
        "operator": "高岡市公営バス",
        "ref": "",
        "url": "",
        "url2": ""
      }
    },
    {
      "type": "Feature",
      "geometry": {
        "type": "Point",
        "coordinates": [
          136.9327843,
          36.7034494
        ]
      },
      "properties": {
        "内容": "バス停: 上蓑 (高岡市公営バス)",
        "name": "上蓑",
        "operator": "高岡市公営バス",
        "ref": "",
        "url": "",
        "url2": ""
      }
    },
    {
      "type": "Feature",
      "geometry": {
        "type": "Point",
        "coordinates": [
          136.9212073,
          36.7018833
        ]
      },
      "properties": {
        "内容": "バス停: 大滝消防分団前 (高岡市公営バス)",
        "name": "大滝消防分団前",
        "operator": "高岡市公営バス",
        "ref": "",
        "url": "",
        "url2": ""
      }
    },
    {
      "type": "Feature",
      "geometry": {
        "type": "Point",
        "coordinates": [
          136.9213575,
          36.6967951
        ]
      },
      "properties": {
        "内容": "バス停: 大滝公民館前 (高岡市公営バス)",
        "name": "大滝公民館前",
        "operator": "高岡市公営バス",
        "ref": "",
        "url": "",
        "url2": ""
      }
    },
    {
      "type": "Feature",
      "geometry": {
        "type": "Point",
        "coordinates": [
          136.922527,
          36.6931605
        ]
      },
      "properties": {
        "内容": "バス停: 開馞口 (高岡市公営バス)",
        "name": "開馞口",
        "operator": "高岡市公営バス",
        "ref": "",
        "url": "",
        "url2": ""
      }
    },
    {
      "type": "Feature",
      "geometry": {
        "type": "Point",
        "coordinates": [
          136.9298802,
          36.6916404
        ]
      },
      "properties": {
        "内容": "バス停: 西矢部 (高岡市公営バス)",
        "name": "西矢部",
        "operator": "高岡市公営バス",
        "ref": "",
        "url": "",
        "url2": ""
      }
    },
    {
      "type": "Feature",
      "geometry": {
        "type": "Point",
        "coordinates": [
          136.9457227,
          36.6920163
        ]
      },
      "properties": {
        "内容": "バス停: 小伊勢領 (高岡市公営バス)",
        "name": "小伊勢領",
        "operator": "高岡市公営バス",
        "ref": "",
        "url": "",
        "url2": ""
      }
    },
    {
      "type": "Feature",
      "geometry": {
        "type": "Point",
        "coordinates": [
          136.9494895,
          36.6931727
        ]
      },
      "properties": {
        "内容": "バス停: 西川原島 (高岡市公営バス)",
        "name": "西川原島",
        "operator": "高岡市公営バス",
        "ref": "",
        "url": "",
        "url2": ""
      }
    },
    {
      "type": "Feature",
      "geometry": {
        "type": "Point",
        "coordinates": [
          136.9505346,
          36.7012554
        ]
      },
      "properties": {
        "内容": "バス停: 二歩 (高岡市公営バス)",
        "name": "二歩",
        "operator": "高岡市公営バス",
        "ref": "",
        "url": "",
        "url2": ""
      }
    },
    {
      "type": "Feature",
      "geometry": {
        "type": "Point",
        "coordinates": [
          136.9474179,
          36.7034058
        ]
      },
      "properties": {
        "内容": "バス停: 五社祠 (高岡市公営バス)",
        "name": "五社祠",
        "operator": "高岡市公営バス",
        "ref": "",
        "url": "",
        "url2": ""
      }
    },
    {
      "type": "Feature",
      "geometry": {
        "type": "Point",
        "coordinates": [
          136.9449395,
          36.7036037
        ]
      },
      "properties": {
        "内容": "バス停: 下老子口 (高岡市公営バス)",
        "name": "下老子口",
        "operator": "高岡市公営バス",
        "ref": "",
        "url": "",
        "url2": ""
      }
    },
    {
      "type": "Feature",
      "geometry": {
        "type": "Point",
        "coordinates": [
          136.9414526,
          36.7046058
        ]
      },
      "properties": {
        "内容": "バス停: 一歩口 (高岡市公営バス)",
        "name": "一歩口",
        "operator": "高岡市公営バス",
        "ref": "",
        "url": "",
        "url2": ""
      }
    },
    {
      "type": "Feature",
      "geometry": {
        "type": "Point",
        "coordinates": [
          136.9410074,
          36.7110137
        ]
      },
      "properties": {
        "内容": "バス停: 下老子 (高岡市公営バス)",
        "name": "下老子",
        "operator": "高岡市公営バス",
        "ref": "",
        "url": "",
        "url2": ""
      }
    },
    {
      "type": "Feature",
      "geometry": {
        "type": "Point",
        "coordinates": [
          136.9089284,
          36.7427529
        ]
      },
      "properties": {
        "内容": "バス停: 花尾 (高岡市公営バス)",
        "name": "花尾",
        "operator": "高岡市公営バス",
        "ref": "",
        "url": "",
        "url2": ""
      }
    },
    {
      "type": "Feature",
      "geometry": {
        "type": "Point",
        "coordinates": [
          136.9090998,
          36.7424779
        ]
      },
      "properties": {
        "内容": "バス停: 花尾 (高岡市公営バス)",
        "name": "花尾",
        "operator": "高岡市公営バス",
        "ref": "",
        "url": "",
        "url2": ""
      }
    },
    {
      "type": "Feature",
      "geometry": {
        "type": "Point",
        "coordinates": [
          136.9254559,
          36.7520548
        ]
      },
      "properties": {
        "内容": "バス停: 谷内 (高岡市公営バス)",
        "name": "谷内",
        "operator": "高岡市公営バス",
        "ref": "",
        "url": "",
        "url2": ""
      }
    },
    {
      "type": "Feature",
      "geometry": {
        "type": "Point",
        "coordinates": [
          136.9369894,
          36.7438922
        ]
      },
      "properties": {
        "内容": "バス停: 石堤 (高岡市公営バス)",
        "name": "石堤",
        "operator": "高岡市公営バス",
        "ref": "",
        "url": "",
        "url2": ""
      }
    },
    {
      "type": "Feature",
      "geometry": {
        "type": "Point",
        "coordinates": [
          136.9362997,
          36.7411261
        ]
      },
      "properties": {
        "内容": "バス停: 赤丸公園前 (高岡市公営バス)",
        "name": "赤丸公園前",
        "operator": "高岡市公営バス",
        "ref": "",
        "url": "",
        "url2": ""
      }
    },
    {
      "type": "Feature",
      "geometry": {
        "type": "Point",
        "coordinates": [
          136.9364959,
          36.7412528
        ]
      },
      "properties": {
        "内容": "バス停: 赤丸公園前 (高岡市公営バス)",
        "name": "赤丸公園前",
        "operator": "高岡市公営バス",
        "ref": "",
        "url": "",
        "url2": ""
      }
    },
    {
      "type": "Feature",
      "geometry": {
        "type": "Point",
        "coordinates": [
          136.932199,
          36.7370055
        ]
      },
      "properties": {
        "内容": "バス停: アルテン赤丸前 (高岡市公営バス)",
        "name": "アルテン赤丸前",
        "operator": "高岡市公営バス",
        "ref": "",
        "url": "",
        "url2": ""
      }
    },
    {
      "type": "Feature",
      "geometry": {
        "type": "Point",
        "coordinates": [
          136.9276761,
          36.7396415
        ]
      },
      "properties": {
        "内容": "バス停: 舞谷 (高岡市公営バス)",
        "name": "舞谷",
        "operator": "高岡市公営バス",
        "ref": "",
        "url": "",
        "url2": ""
      }
    },
    {
      "type": "Feature",
      "geometry": {
        "type": "Point",
        "coordinates": [
          136.9351172,
          36.7362489
        ]
      },
      "properties": {
        "内容": "バス停: 古村 (高岡市公営バス)",
        "name": "古村",
        "operator": "高岡市公営バス",
        "ref": "",
        "url": "",
        "url2": ""
      }
    },
    {
      "type": "Feature",
      "geometry": {
        "type": "Point",
        "coordinates": [
          136.9267323,
          36.7304592
        ]
      },
      "properties": {
        "内容": "バス停: 馬場 (高岡市公営バス)",
        "name": "馬場",
        "operator": "高岡市公営バス",
        "ref": "",
        "url": "",
        "url2": ""
      }
    },
    {
      "type": "Feature",
      "geometry": {
        "type": "Point",
        "coordinates": [
          136.926738,
          36.7302042
        ]
      },
      "properties": {
        "内容": "バス停: 馬場 (高岡市公営バス)",
        "name": "馬場",
        "operator": "高岡市公営バス",
        "ref": "",
        "url": "",
        "url2": ""
      }
    },
    {
      "type": "Feature",
      "geometry": {
        "type": "Point",
        "coordinates": [
          136.9202095,
          36.7257692
        ]
      },
      "properties": {
        "内容": "バス停: 加茂 (高岡市公営バス)",
        "name": "加茂",
        "operator": "高岡市公営バス",
        "ref": "",
        "url": "",
        "url2": ""
      }
    },
    {
      "type": "Feature",
      "geometry": {
        "type": "Point",
        "coordinates": [
          136.9170552,
          36.7224993
        ]
      },
      "properties": {
        "内容": "バス停: 鳥倉 (高岡市公営バス)",
        "name": "鳥倉",
        "operator": "高岡市公営バス",
        "ref": "",
        "url": "",
        "url2": ""
      }
    },
    {
      "type": "Feature",
      "geometry": {
        "type": "Point",
        "coordinates": [
          136.9190508,
          36.7197818
        ]
      },
      "properties": {
        "内容": "バス停: 山岸 (高岡市公営バス)",
        "name": "山岸",
        "operator": "高岡市公営バス",
        "ref": "",
        "url": "",
        "url2": ""
      }
    },
    {
      "type": "Feature",
      "geometry": {
        "type": "Point",
        "coordinates": [
          136.9218386,
          36.7164626
        ]
      },
      "properties": {
        "内容": "バス停: 土屋 (高岡市公営バス)",
        "name": "土屋",
        "operator": "高岡市公営バス",
        "ref": "",
        "url": "",
        "url2": ""
      }
    },
    {
      "type": "Feature",
      "geometry": {
        "type": "Point",
        "coordinates": [
          136.9218671,
          36.7163676
        ]
      },
      "properties": {
        "内容": "バス停: 土屋 (高岡市公営バス)",
        "name": "土屋",
        "operator": "高岡市公営バス",
        "ref": "",
        "url": "",
        "url2": ""
      }
    },
    {
      "type": "Feature",
      "geometry": {
        "type": "Point",
        "coordinates": [
          136.9277036,
          36.7204913
        ]
      },
      "properties": {
        "内容": "バス停: 寺町 (高岡市公営バス)",
        "name": "寺町",
        "operator": "高岡市公営バス",
        "ref": "",
        "url": "",
        "url2": ""
      }
    },
    {
      "type": "Feature",
      "geometry": {
        "type": "Point",
        "coordinates": [
          136.9305787,
          36.7227153
        ]
      },
      "properties": {
        "内容": "バス停: 三日市橋詰 (高岡市公営バス)",
        "name": "三日市橋詰",
        "operator": "高岡市公営バス",
        "ref": "",
        "url": "",
        "url2": ""
      }
    },
    {
      "type": "Feature",
      "geometry": {
        "type": "Point",
        "coordinates": [
          136.9306701,
          36.7225853
        ]
      },
      "properties": {
        "内容": "バス停: 三日市橋詰 (高岡市公営バス)",
        "name": "三日市橋詰",
        "operator": "高岡市公営バス",
        "ref": "",
        "url": "",
        "url2": ""
      }
    },
    {
      "type": "Feature",
      "geometry": {
        "type": "Point",
        "coordinates": [
          136.9324796,
          36.7261994
        ]
      },
      "properties": {
        "内容": "バス停: 三日市 (高岡市公営バス)",
        "name": "三日市",
        "operator": "高岡市公営バス",
        "ref": "",
        "url": "",
        "url2": ""
      }
    },
    {
      "type": "Feature",
      "geometry": {
        "type": "Point",
        "coordinates": [
          136.9326282,
          36.7262444
        ]
      },
      "properties": {
        "内容": "バス停: 三日市 (高岡市公営バス)",
        "name": "三日市",
        "operator": "高岡市公営バス",
        "ref": "",
        "url": "",
        "url2": ""
      }
    },
    {
      "type": "Feature",
      "geometry": {
        "type": "Point",
        "coordinates": [
          136.9341395,
          36.7313393
        ]
      },
      "properties": {
        "内容": "バス停: 馬場口 (高岡市公営バス)",
        "name": "馬場口",
        "operator": "高岡市公営バス",
        "ref": "",
        "url": "",
        "url2": ""
      }
    },
    {
      "type": "Feature",
      "geometry": {
        "type": "Point",
        "coordinates": [
          136.9349509,
          36.731666
        ]
      },
      "properties": {
        "内容": "バス停: 馬場口 (高岡市公営バス)",
        "name": "馬場口",
        "operator": "高岡市公営バス",
        "ref": "",
        "url": "",
        "url2": ""
      }
    },
    {
      "type": "Feature",
      "geometry": {
        "type": "Point",
        "coordinates": [
          136.936233,
          36.735935
        ]
      },
      "properties": {
        "内容": "バス停: 赤丸 (高岡市公営バス)",
        "name": "赤丸",
        "operator": "高岡市公営バス",
        "ref": "",
        "url": "",
        "url2": ""
      }
    },
    {
      "type": "Feature",
      "geometry": {
        "type": "Point",
        "coordinates": [
          136.9399774,
          36.735058
        ]
      },
      "properties": {
        "内容": "バス停: 川原 (高岡市公営バス)",
        "name": "川原",
        "operator": "高岡市公営バス",
        "ref": "",
        "url": "",
        "url2": ""
      }
    },
    {
      "type": "Feature",
      "geometry": {
        "type": "Point",
        "coordinates": [
          136.9479328,
          36.7332223
        ]
      },
      "properties": {
        "内容": "バス停: 向野 (高岡市公営バス)",
        "name": "向野",
        "operator": "高岡市公営バス",
        "ref": "",
        "url": "",
        "url2": ""
      }
    },
    {
      "type": "Feature",
      "geometry": {
        "type": "Point",
        "coordinates": [
          136.9578677,
          36.7280244
        ]
      },
      "properties": {
        "内容": "バス停: 立野 (高岡市公営バス)",
        "name": "立野",
        "operator": "高岡市公営バス",
        "ref": "",
        "url": "",
        "url2": ""
      }
    },
    {
      "type": "Feature",
      "geometry": {
        "type": "Point",
        "coordinates": [
          136.9312782,
          36.7132771
        ]
      },
      "properties": {
        "内容": "バス停: 福岡小学校 (高岡市公営バス)",
        "name": "福岡小学校",
        "operator": "高岡市公営バス",
        "ref": "",
        "url": "",
        "url2": ""
      }
    },
    {
      "type": "Feature",
      "geometry": {
        "type": "Point",
        "coordinates": [
          136.9338673,
          36.7166471
        ]
      },
      "properties": {
        "内容": "バス停: 西干場住宅前 (高岡市公営バス)",
        "name": "西干場住宅前",
        "operator": "高岡市公営バス",
        "ref": "",
        "url": "",
        "url2": ""
      }
    },
    {
      "type": "Feature",
      "geometry": {
        "type": "Point",
        "coordinates": [
          136.935702,
          36.7187231
        ]
      },
      "properties": {
        "内容": "バス停: サンバリー福岡病院前 (高岡市公営バス)",
        "name": "サンバリー福岡病院前",
        "operator": "高岡市公営バス",
        "ref": "",
        "url": "",
        "url2": ""
      }
    },
    {
      "type": "Feature",
      "geometry": {
        "type": "Point",
        "coordinates": [
          136.937955,
          36.7170255
        ]
      },
      "properties": {
        "内容": "バス停: 光風苑前 (高岡市公営バス)",
        "name": "光風苑前",
        "operator": "高岡市公営バス",
        "ref": "",
        "url": "",
        "url2": ""
      }
    },
    {
      "type": "Feature",
      "geometry": {
        "type": "Point",
        "coordinates": [
          136.9404666,
          36.7152155
        ]
      },
      "properties": {
        "内容": "バス停: 大野口 (高岡市公営バス)",
        "name": "大野口",
        "operator": "高岡市公営バス",
        "ref": "",
        "url": "",
        "url2": ""
      }
    },
    {
      "type": "Feature",
      "geometry": {
        "type": "Point",
        "coordinates": [
          136.9404152,
          36.7146355
        ]
      },
      "properties": {
        "内容": "バス停: 大野口 (高岡市公営バス)",
        "name": "大野口",
        "operator": "高岡市公営バス",
        "ref": "",
        "url": "",
        "url2": ""
      }
    },
    {
      "type": "Feature",
      "geometry": {
        "type": "Point",
        "coordinates": [
          136.9404495,
          36.7144755
        ]
      },
      "properties": {
        "内容": "バス停: 大野口 (高岡市公営バス)",
        "name": "大野口",
        "operator": "高岡市公営バス",
        "ref": "",
        "url": "",
        "url2": ""
      }
    },
    {
      "type": "Feature",
      "geometry": {
        "type": "Point",
        "coordinates": [
          136.9361698,
          36.7121913
        ]
      },
      "properties": {
        "内容": "バス停: 農協給油所前 (高岡市公営バス)",
        "name": "農協給油所前",
        "operator": "高岡市公営バス",
        "ref": "",
        "url": "",
        "url2": ""
      }
    },
    {
      "type": "Feature",
      "geometry": {
        "type": "Point",
        "coordinates": [
          136.9361165,
          36.7123167
        ]
      },
      "properties": {
        "内容": "バス停: 農協給油所前 (高岡市公営バス)",
        "name": "農協給油所前",
        "operator": "高岡市公営バス",
        "ref": "",
        "url": "",
        "url2": ""
      }
    },
    {
      "type": "Feature",
      "geometry": {
        "type": "Point",
        "coordinates": [
          136.9373108,
          36.7124917
        ]
      },
      "properties": {
        "内容": "バス停: 農協給油所前 (高岡市公営バス)",
        "name": "農協給油所前",
        "operator": "高岡市公営バス",
        "ref": "",
        "url": "",
        "url2": ""
      }
    },
    {
      "type": "Feature",
      "geometry": {
        "type": "Point",
        "coordinates": [
          136.9376231,
          36.712508
        ]
      },
      "properties": {
        "内容": "バス停: 農協給油所前 (高岡市公営バス)",
        "name": "農協給油所前",
        "operator": "高岡市公営バス",
        "ref": "",
        "url": "",
        "url2": ""
      }
    },
    {
      "type": "Feature",
      "geometry": {
        "type": "Point",
        "coordinates": [
          136.9340318,
          36.7106655
        ]
      },
      "properties": {
        "内容": "バス停: 福岡元町 (高岡市公営バス)",
        "name": "福岡元町",
        "operator": "高岡市公営バス",
        "ref": "",
        "url": "",
        "url2": ""
      }
    },
    {
      "type": "Feature",
      "geometry": {
        "type": "Point",
        "coordinates": [
          136.9329232,
          36.7100805
        ]
      },
      "properties": {
        "内容": "バス停: 福岡元町 (高岡市公営バス)",
        "name": "福岡元町",
        "operator": "高岡市公営バス",
        "ref": "",
        "url": "",
        "url2": ""
      }
    },
    {
      "type": "Feature",
      "geometry": {
        "type": "Point",
        "coordinates": [
          136.9315229,
          36.7097593
        ]
      },
      "properties": {
        "内容": "バス停: 福岡駅前 (高岡市公営バス)",
        "name": "福岡駅前",
        "operator": "高岡市公営バス",
        "ref": "",
        "url": "",
        "url2": ""
      }
    },
    {
      "type": "Feature",
      "geometry": {
        "type": "Point",
        "coordinates": [
          136.9318771,
          36.7097193
        ]
      },
      "properties": {
        "内容": "バス停: 福岡駅前 (高岡市公営バス)",
        "name": "福岡駅前",
        "operator": "高岡市公営バス",
        "ref": "",
        "url": "",
        "url2": ""
      }
    },
    {
      "type": "Feature",
      "geometry": {
        "type": "Point",
        "coordinates": [
          136.9272055,
          36.7077886
        ]
      },
      "properties": {
        "内容": "バス停: 福岡橋詰 (高岡市公営バス)",
        "name": "福岡橋詰",
        "operator": "高岡市公営バス",
        "ref": "",
        "url": "",
        "url2": ""
      }
    },
    {
      "type": "Feature",
      "geometry": {
        "type": "Point",
        "coordinates": [
          136.9273388,
          36.7076636
        ]
      },
      "properties": {
        "内容": "バス停: 福岡橋詰 (高岡市公営バス)",
        "name": "福岡橋詰",
        "operator": "高岡市公営バス",
        "ref": "",
        "url": "",
        "url2": ""
      }
    },
    {
      "type": "Feature",
      "geometry": {
        "type": "Point",
        "coordinates": [
          136.9250858,
          36.7072034
        ]
      },
      "properties": {
        "内容": "バス停: Uホール前 (高岡市公営バス)",
        "name": "Uホール前",
        "operator": "高岡市公営バス",
        "ref": "",
        "url": "",
        "url2": ""
      }
    },
    {
      "type": "Feature",
      "geometry": {
        "type": "Point",
        "coordinates": [
          136.9273978,
          36.7088204
        ]
      },
      "properties": {
        "内容": "バス停: ふれあいセンター前 (高岡市公営バス)",
        "name": "ふれあいセンター前",
        "operator": "高岡市公営バス",
        "ref": "",
        "url": "",
        "url2": ""
      }
    },
    {
      "type": "Feature",
      "geometry": {
        "type": "Point",
        "coordinates": [
          136.923337,
          36.7083474
        ]
      },
      "properties": {
        "内容": "バス停: 福岡支所前 (高岡市公営バス)",
        "name": "福岡支所前",
        "operator": "高岡市公営バス",
        "ref": "",
        "url": "",
        "url2": ""
      }
    },
    {
      "type": "Feature",
      "geometry": {
        "type": "Point",
        "coordinates": [
          136.9199038,
          36.7061971
        ]
      },
      "properties": {
        "内容": "バス停: 荒屋敷 (高岡市公営バス)",
        "name": "荒屋敷",
        "operator": "高岡市公営バス",
        "ref": "",
        "url": "",
        "url2": ""
      }
    },
    {
      "type": "Feature",
      "geometry": {
        "type": "Point",
        "coordinates": [
          136.9168246,
          36.7068981
        ]
      },
      "properties": {
        "内容": "バス停: 中学校前 (高岡市公営バス)",
        "name": "中学校前",
        "operator": "高岡市公営バス",
        "ref": "",
        "url": "",
        "url2": ""
      }
    },
    {
      "type": "Feature",
      "geometry": {
        "type": "Point",
        "coordinates": [
          136.8970782,
          36.7014231
        ]
      },
      "properties": {
        "内容": "バス停: 上野 (高岡市公営バス)",
        "name": "上野",
        "operator": "高岡市公営バス",
        "ref": "",
        "url": "",
        "url2": ""
      }
    },
    {
      "type": "Feature",
      "geometry": {
        "type": "Point",
        "coordinates": [
          136.8944113,
          36.7009328
        ]
      },
      "properties": {
        "内容": "バス停: 上野西 (高岡市公営バス)",
        "name": "上野西",
        "operator": "高岡市公営バス",
        "ref": "",
        "url": "",
        "url2": ""
      }
    },
    {
      "type": "Feature",
      "geometry": {
        "type": "Point",
        "coordinates": [
          136.9100338,
          36.7109338
        ]
      },
      "properties": {
        "内容": "バス停: 上向田 (高岡市公営バス)",
        "name": "上向田",
        "operator": "高岡市公営バス",
        "ref": "",
        "url": "",
        "url2": ""
      }
    },
    {
      "type": "Feature",
      "geometry": {
        "type": "Point",
        "coordinates": [
          136.9098777,
          36.7106955
        ]
      },
      "properties": {
        "内容": "バス停: 上向田 (高岡市公営バス)",
        "name": "上向田",
        "operator": "高岡市公営バス",
        "ref": "",
        "url": "",
        "url2": ""
      }
    },
    {
      "type": "Feature",
      "geometry": {
        "type": "Point",
        "coordinates": [
          136.9138044,
          36.7125662
        ]
      },
      "properties": {
        "内容": "バス停: 表島 (高岡市公営バス)",
        "name": "表島",
        "operator": "高岡市公営バス",
        "ref": "",
        "url": "",
        "url2": ""
      }
    },
    {
      "type": "Feature",
      "geometry": {
        "type": "Point",
        "coordinates": [
          136.9099635,
          36.7136025
        ]
      },
      "properties": {
        "内容": "バス停: 下向田口 (高岡市公営バス)",
        "name": "下向田口",
        "operator": "高岡市公営バス",
        "ref": "",
        "url": "",
        "url2": ""
      }
    },
    {
      "type": "Feature",
      "geometry": {
        "type": "Point",
        "coordinates": [
          136.9069326,
          36.712721
        ]
      },
      "properties": {
        "内容": "バス停: 上向田口 (高岡市公営バス)",
        "name": "上向田口",
        "operator": "高岡市公営バス",
        "ref": "",
        "url": "",
        "url2": ""
      }
    },
    {
      "type": "Feature",
      "geometry": {
        "type": "Point",
        "coordinates": [
          136.9057095,
          36.7134649
        ]
      },
      "properties": {
        "内容": "バス停: 福岡公園前 (高岡市公営バス)",
        "name": "福岡公園前",
        "operator": "高岡市公営バス",
        "ref": "",
        "url": "",
        "url2": ""
      }
    },
    {
      "type": "Feature",
      "geometry": {
        "type": "Point",
        "coordinates": [
          136.9033813,
          36.7153656
        ]
      },
      "properties": {
        "内容": "バス停: 西明寺 (高岡市公営バス)",
        "name": "西明寺",
        "operator": "高岡市公営バス",
        "ref": "",
        "url": "",
        "url2": ""
      }
    },
    {
      "type": "Feature",
      "geometry": {
        "type": "Point",
        "coordinates": [
          136.9035191,
          36.7189922
        ]
      },
      "properties": {
        "内容": "バス停: 西明寺パークゴルフ場南口 (高岡市公営バス)",
        "name": "西明寺パークゴルフ場南口",
        "operator": "高岡市公営バス",
        "ref": "",
        "url": "",
        "url2": ""
      }
    },
    {
      "type": "Feature",
      "geometry": {
        "type": "Point",
        "coordinates": [
          136.8977809,
          36.7290132
        ]
      },
      "properties": {
        "内容": "バス停: 栃丘集会所前 (高岡市公営バス)",
        "name": "栃丘集会所前",
        "operator": "高岡市公営バス",
        "ref": "",
        "url": "",
        "url2": ""
      }
    },
    {
      "type": "Feature",
      "geometry": {
        "type": "Point",
        "coordinates": [
          136.8984944,
          36.7328569
        ]
      },
      "properties": {
        "内容": "バス停: 栃丘 (高岡市公営バス)",
        "name": "栃丘",
        "operator": "高岡市公営バス",
        "ref": "",
        "url": "",
        "url2": ""
      }
    },
    {
      "type": "Feature",
      "geometry": {
        "type": "Point",
        "coordinates": [
          136.8945936,
          36.7357288
        ]
      },
      "properties": {
        "内容": "バス停: 栃丘北部 (高岡市公営バス)",
        "name": "栃丘北部",
        "operator": "高岡市公営バス",
        "ref": "",
        "url": "",
        "url2": ""
      }
    },
    {
      "type": "Feature",
      "geometry": {
        "type": "Point",
        "coordinates": [
          136.901613,
          36.72152
        ]
      },
      "properties": {
        "内容": "バス停: 西明寺パークゴルフ場前 (高岡市公営バス)",
        "name": "西明寺パークゴルフ場前",
        "operator": "高岡市公営バス",
        "ref": "",
        "url": "",
        "url2": ""
      }
    },
    {
      "type": "Feature",
      "geometry": {
        "type": "Point",
        "coordinates": [
          136.8875065,
          36.7232686
        ]
      },
      "properties": {
        "内容": "バス停: 小野トンネル (高岡市公営バス)",
        "name": "小野トンネル",
        "operator": "高岡市公営バス",
        "ref": "",
        "url": "",
        "url2": ""
      }
    },
    {
      "type": "Feature",
      "geometry": {
        "type": "Point",
        "coordinates": [
          136.8753721,
          36.7328032
        ]
      },
      "properties": {
        "内容": "バス停: 小野 (高岡市公営バス)",
        "name": "小野",
        "operator": "高岡市公営バス",
        "ref": "",
        "url": "",
        "url2": ""
      }
    },
    {
      "type": "Feature",
      "geometry": {
        "type": "Point",
        "coordinates": [
          136.8738605,
          36.7420015
        ]
      },
      "properties": {
        "内容": "バス停: 五位山交流館前 (高岡市公営バス)",
        "name": "五位山交流館前",
        "operator": "高岡市公営バス",
        "ref": "",
        "url": "",
        "url2": ""
      }
    },
    {
      "type": "Feature",
      "geometry": {
        "type": "Point",
        "coordinates": [
          136.8762241,
          36.7472325
        ]
      },
      "properties": {
        "内容": "バス停: 棚原 (高岡市公営バス)",
        "name": "棚原",
        "operator": "高岡市公営バス",
        "ref": "",
        "url": "",
        "url2": ""
      }
    },
    {
      "type": "Feature",
      "geometry": {
        "type": "Point",
        "coordinates": [
          136.881241,
          36.7483656
        ]
      },
      "properties": {
        "内容": "バス停: 五位 (高岡市公営バス)",
        "name": "五位",
        "operator": "高岡市公営バス",
        "ref": "",
        "url": "",
        "url2": ""
      }
    },
    {
      "type": "Feature",
      "geometry": {
        "type": "Point",
        "coordinates": [
          136.8798959,
          36.7608569
        ]
      },
      "properties": {
        "内容": "バス停: 山ぼうし前 (高岡市公営バス)",
        "name": "山ぼうし前",
        "operator": "高岡市公営バス",
        "ref": "",
        "url": "",
        "url2": ""
      }
    },
    {
      "type": "Feature",
      "geometry": {
        "type": "Point",
        "coordinates": [
          136.8777502,
          36.7610546
        ]
      },
      "properties": {
        "内容": "バス停: ピクニカル広場 (高岡市公営バス)",
        "name": "ピクニカル広場",
        "operator": "高岡市公営バス",
        "ref": "",
        "url": "",
        "url2": ""
      }
    },
    {
      "type": "Feature",
      "geometry": {
        "type": "Point",
        "coordinates": [
          136.855343,
          36.7715444
        ]
      },
      "properties": {
        "内容": "バス停: 向出 (高岡市公営バス)",
        "name": "向出",
        "operator": "高岡市公営バス",
        "ref": "",
        "url": "",
        "url2": ""
      }
    },
    {
      "type": "Feature",
      "geometry": {
        "type": "Point",
        "coordinates": [
          136.8552142,
          36.773521
        ]
      },
      "properties": {
        "内容": "バス停: 沢川農協前 (高岡市公営バス)",
        "name": "沢川農協前",
        "operator": "高岡市公営バス",
        "ref": "",
        "url": "",
        "url2": ""
      }
    },
    {
      "type": "Feature",
      "geometry": {
        "type": "Point",
        "coordinates": [
          136.8551016,
          36.7749691
        ]
      },
      "properties": {
        "内容": "バス停: 沢川 (高岡市公営バス)",
        "name": "沢川",
        "operator": "高岡市公営バス",
        "ref": "",
        "url": "",
        "url2": ""
      }
    },
    {
      "type": "Feature",
      "geometry": {
        "type": "Point",
        "coordinates": [
          137.5956865,
          36.5771409
        ]
      },
      "properties": {
        "内容": "バス停: 室堂",
        "name": "室堂",
        "operator": "事業者不明",
        "ref": "",
        "url": "",
        "url2": ""
      }
    },
    {
      "type": "Feature",
      "geometry": {
        "type": "Point",
        "coordinates": [
          137.0102534,
          36.7265248
        ]
      },
      "properties": {
        "内容": "バス停: 新高岡",
        "name": "新高岡",
        "operator": "事業者不明",
        "ref": "",
        "url": "",
        "url2": ""
      }
    },
    {
      "type": "Feature",
      "geometry": {
        "type": "Point",
        "coordinates": [
          137.0111597,
          36.7268034
        ]
      },
      "properties": {
        "内容": "バス停: 新高岡",
        "name": "新高岡",
        "operator": "事業者不明",
        "ref": "5",
        "url": "",
        "url2": ""
      }
    },
    {
      "type": "Feature",
      "geometry": {
        "type": "Point",
        "coordinates": [
          137.1921094,
          36.7108956
        ]
      },
      "properties": {
        "内容": "バス停: 新桜谷町",
        "name": "新桜谷町",
        "operator": "事業者不明",
        "ref": "",
        "url": "",
        "url2": ""
      }
    },
    {
      "type": "Feature",
      "geometry": {
        "type": "Point",
        "coordinates": [
          137.163064,
          36.7130405
        ]
      },
      "properties": {
        "内容": "バス停: 呉羽本町南",
        "name": "呉羽本町南",
        "operator": "事業者不明",
        "ref": "",
        "url": "",
        "url2": ""
      }
    },
    {
      "type": "Feature",
      "geometry": {
        "type": "Point",
        "coordinates": [
          137.0159329,
          36.7420459
        ]
      },
      "properties": {
        "内容": "バス停: 高岡駅前",
        "name": "高岡駅前",
        "operator": "事業者不明",
        "ref": "",
        "url": "",
        "url2": ""
      }
    },
    {
      "type": "Feature",
      "geometry": {
        "type": "Point",
        "coordinates": [
          137.0157706,
          36.7422839
        ]
      },
      "properties": {
        "内容": "バス停: 高岡駅前",
        "name": "高岡駅前",
        "operator": "事業者不明",
        "ref": "",
        "url": "",
        "url2": ""
      }
    },
    {
      "type": "Feature",
      "geometry": {
        "type": "Point",
        "coordinates": [
          137.3973628,
          36.8156942
        ]
      },
      "properties": {
        "内容": "バス停: 名称不明バス停",
        "name": "名称不明バス停",
        "operator": "事業者不明",
        "ref": "",
        "url": "",
        "url2": ""
      }
    },
    {
      "type": "Feature",
      "geometry": {
        "type": "Point",
        "coordinates": [
          137.3974106,
          36.8160697
        ]
      },
      "properties": {
        "内容": "バス停: 名称不明バス停",
        "name": "名称不明バス停",
        "operator": "事業者不明",
        "ref": "",
        "url": "",
        "url2": ""
      }
    },
    {
      "type": "Feature",
      "geometry": {
        "type": "Point",
        "coordinates": [
          137.4091729,
          36.8178048
        ]
      },
      "properties": {
        "内容": "バス停: 名称不明バス停",
        "name": "名称不明バス停",
        "operator": "事業者不明",
        "ref": "",
        "url": "",
        "url2": ""
      }
    },
    {
      "type": "Feature",
      "geometry": {
        "type": "Point",
        "coordinates": [
          137.4091112,
          36.8177103
        ]
      },
      "properties": {
        "内容": "バス停: 名称不明バス停",
        "name": "名称不明バス停",
        "operator": "事業者不明",
        "ref": "",
        "url": "",
        "url2": ""
      }
    },
    {
      "type": "Feature",
      "geometry": {
        "type": "Point",
        "coordinates": [
          137.42096,
          36.8145954
        ]
      },
      "properties": {
        "内容": "バス停: 名称不明バス停",
        "name": "名称不明バス停",
        "operator": "事業者不明",
        "ref": "",
        "url": "",
        "url2": ""
      }
    },
    {
      "type": "Feature",
      "geometry": {
        "type": "Point",
        "coordinates": [
          137.4276074,
          36.8123652
        ]
      },
      "properties": {
        "内容": "バス停: 名称不明バス停",
        "name": "名称不明バス停",
        "operator": "事業者不明",
        "ref": "",
        "url": "",
        "url2": ""
      }
    },
    {
      "type": "Feature",
      "geometry": {
        "type": "Point",
        "coordinates": [
          137.4276598,
          36.8124614
        ]
      },
      "properties": {
        "内容": "バス停: 名称不明バス停",
        "name": "名称不明バス停",
        "operator": "事業者不明",
        "ref": "",
        "url": "",
        "url2": ""
      }
    },
    {
      "type": "Feature",
      "geometry": {
        "type": "Point",
        "coordinates": [
          137.4326942,
          36.8107397
        ]
      },
      "properties": {
        "内容": "バス停: 名称不明バス停",
        "name": "名称不明バス停",
        "operator": "事業者不明",
        "ref": "",
        "url": "",
        "url2": ""
      }
    },
    {
      "type": "Feature",
      "geometry": {
        "type": "Point",
        "coordinates": [
          137.4326665,
          36.8106114
        ]
      },
      "properties": {
        "内容": "バス停: 名称不明バス停",
        "name": "名称不明バス停",
        "operator": "事業者不明",
        "ref": "",
        "url": "",
        "url2": ""
      }
    },
    {
      "type": "Feature",
      "geometry": {
        "type": "Point",
        "coordinates": [
          137.4509409,
          36.8040335
        ]
      },
      "properties": {
        "内容": "バス停: 名称不明バス停",
        "name": "名称不明バス停",
        "operator": "事業者不明",
        "ref": "",
        "url": "",
        "url2": ""
      }
    },
    {
      "type": "Feature",
      "geometry": {
        "type": "Point",
        "coordinates": [
          137.4526966,
          36.8036225
        ]
      },
      "properties": {
        "内容": "バス停: 名称不明バス停",
        "name": "名称不明バス停",
        "operator": "事業者不明",
        "ref": "",
        "url": "",
        "url2": ""
      }
    },
    {
      "type": "Feature",
      "geometry": {
        "type": "Point",
        "coordinates": [
          137.4633785,
          36.7996153
        ]
      },
      "properties": {
        "内容": "バス停: 名称不明バス停",
        "name": "名称不明バス停",
        "operator": "事業者不明",
        "ref": "",
        "url": "",
        "url2": ""
      }
    },
    {
      "type": "Feature",
      "geometry": {
        "type": "Point",
        "coordinates": [
          137.4633537,
          36.7995133
        ]
      },
      "properties": {
        "内容": "バス停: 名称不明バス停",
        "name": "名称不明バス停",
        "operator": "事業者不明",
        "ref": "",
        "url": "",
        "url2": ""
      }
    },
    {
      "type": "Feature",
      "geometry": {
        "type": "Point",
        "coordinates": [
          137.0158095,
          36.7420072
        ]
      },
      "properties": {
        "内容": "バス停: 高岡駅前",
        "name": "高岡駅前",
        "operator": "事業者不明",
        "ref": "",
        "url": "",
        "url2": ""
      }
    },
    {
      "type": "Feature",
      "geometry": {
        "type": "Point",
        "coordinates": [
          137.0157317,
          36.7421211
        ]
      },
      "properties": {
        "内容": "バス停: 高岡駅前",
        "name": "高岡駅前",
        "operator": "事業者不明",
        "ref": "",
        "url": "",
        "url2": ""
      }
    },
    {
      "type": "Feature",
      "geometry": {
        "type": "Point",
        "coordinates": [
          137.0160579,
          36.7421045
        ]
      },
      "properties": {
        "内容": "バス停: 高岡駅前",
        "name": "高岡駅前",
        "operator": "事業者不明",
        "ref": "",
        "url": "",
        "url2": ""
      }
    },
    {
      "type": "Feature",
      "geometry": {
        "type": "Point",
        "coordinates": [
          137.0156321,
          36.7419779
        ]
      },
      "properties": {
        "内容": "バス停: 高岡駅前",
        "name": "高岡駅前",
        "operator": "事業者不明",
        "ref": "",
        "url": "",
        "url2": ""
      }
    },
    {
      "type": "Feature",
      "geometry": {
        "type": "Point",
        "coordinates": [
          137.0159665,
          36.7404504
        ]
      },
      "properties": {
        "内容": "バス停: 高岡駅南口",
        "name": "高岡駅南口",
        "operator": "事業者不明",
        "ref": "",
        "url": "",
        "url2": ""
      }
    },
    {
      "type": "Feature",
      "geometry": {
        "type": "Point",
        "coordinates": [
          137.0161015,
          36.7402178
        ]
      },
      "properties": {
        "内容": "バス停: 高岡駅南口",
        "name": "高岡駅南口",
        "operator": "事業者不明",
        "ref": "3",
        "url": "",
        "url2": ""
      }
    },
    {
      "type": "Feature",
      "geometry": {
        "type": "Point",
        "coordinates": [
          137.0973986,
          36.7063553
        ]
      },
      "properties": {
        "内容": "バス停: 富山県立大学",
        "name": "富山県立大学",
        "operator": "事業者不明",
        "ref": "",
        "url": "",
        "url2": ""
      }
    },
    {
      "type": "Feature",
      "geometry": {
        "type": "Point",
        "coordinates": [
          137.1705677,
          36.7596733
        ]
      },
      "properties": {
        "内容": "バス停: 足洗西口",
        "name": "足洗西口",
        "operator": "事業者不明",
        "ref": "",
        "url": "",
        "url2": ""
      }
    },
    {
      "type": "Feature",
      "geometry": {
        "type": "Point",
        "coordinates": [
          137.5957936,
          36.5771923
        ]
      },
      "properties": {
        "内容": "バス停: 室堂",
        "name": "室堂",
        "operator": "事業者不明",
        "ref": "",
        "url": "",
        "url2": "Q6938821"
      }
    },
    {
      "type": "Feature",
      "geometry": {
        "type": "Point",
        "coordinates": [
          137.5573361,
          36.5673298
        ]
      },
      "properties": {
        "内容": "バス停: 弥陀ヶ原",
        "name": "弥陀ヶ原",
        "operator": "事業者不明",
        "ref": "",
        "url": "",
        "url2": ""
      }
    },
    {
      "type": "Feature",
      "geometry": {
        "type": "Point",
        "coordinates": [
          137.5574836,
          36.5672479
        ]
      },
      "properties": {
        "内容": "バス停: 弥陀ヶ原",
        "name": "弥陀ヶ原",
        "operator": "事業者不明",
        "ref": "",
        "url": "",
        "url2": ""
      }
    },
    {
      "type": "Feature",
      "geometry": {
        "type": "Point",
        "coordinates": [
          137.458946,
          36.5836852
        ]
      },
      "properties": {
        "内容": "バス停: 美女平",
        "name": "美女平",
        "operator": "事業者不明",
        "ref": "",
        "url": "",
        "url2": ""
      }
    },
    {
      "type": "Feature",
      "geometry": {
        "type": "Point",
        "coordinates": [
          137.1647557,
          36.7162002
        ]
      },
      "properties": {
        "内容": "バス停: 芸術創造センター",
        "name": "芸術創造センター",
        "operator": "事業者不明",
        "ref": "",
        "url": "",
        "url2": ""
      }
    },
    {
      "type": "Feature",
      "geometry": {
        "type": "Point",
        "coordinates": [
          137.1702387,
          36.7596809
        ]
      },
      "properties": {
        "内容": "バス停: 名称不明バス停",
        "name": "名称不明バス停",
        "operator": "事業者不明",
        "ref": "",
        "url": "",
        "url2": ""
      }
    },
    {
      "type": "Feature",
      "geometry": {
        "type": "Point",
        "coordinates": [
          137.201272,
          36.7243496
        ]
      },
      "properties": {
        "内容": "バス停: 住吉内山邸口",
        "name": "住吉内山邸口",
        "operator": "事業者不明",
        "ref": "",
        "url": "",
        "url2": ""
      }
    },
    {
      "type": "Feature",
      "geometry": {
        "type": "Point",
        "coordinates": [
          137.184025,
          36.7568772
        ]
      },
      "properties": {
        "内容": "バス停: 打出",
        "name": "打出",
        "operator": "事業者不明",
        "ref": "",
        "url": "",
        "url2": ""
      }
    },
    {
      "type": "Feature",
      "geometry": {
        "type": "Point",
        "coordinates": [
          137.1442519,
          36.7662747
        ]
      },
      "properties": {
        "内容": "バス停: 海老江西町",
        "name": "海老江西町",
        "operator": "事業者不明",
        "ref": "",
        "url": "",
        "url2": ""
      }
    },
    {
      "type": "Feature",
      "geometry": {
        "type": "Point",
        "coordinates": [
          137.1538591,
          36.7626338
        ]
      },
      "properties": {
        "内容": "バス停: 海老江七軒",
        "name": "海老江七軒",
        "operator": "事業者不明",
        "ref": "",
        "url": "",
        "url2": ""
      }
    },
    {
      "type": "Feature",
      "geometry": {
        "type": "Point",
        "coordinates": [
          137.1444741,
          36.7662386
        ]
      },
      "properties": {
        "内容": "バス停: 西海老江",
        "name": "西海老江",
        "operator": "事業者不明",
        "ref": "",
        "url": "",
        "url2": ""
      }
    },
    {
      "type": "Feature",
      "geometry": {
        "type": "Point",
        "coordinates": [
          137.1512597,
          36.7640679
        ]
      },
      "properties": {
        "内容": "バス停: 海老江口",
        "name": "海老江口",
        "operator": "事業者不明",
        "ref": "",
        "url": "",
        "url2": ""
      }
    },
    {
      "type": "Feature",
      "geometry": {
        "type": "Point",
        "coordinates": [
          137.1683499,
          36.7600084
        ]
      },
      "properties": {
        "内容": "バス停: 足洗潟公園口",
        "name": "足洗潟公園口",
        "operator": "事業者不明",
        "ref": "",
        "url": "",
        "url2": ""
      }
    },
    {
      "type": "Feature",
      "geometry": {
        "type": "Point",
        "coordinates": [
          137.1738594,
          36.7591362
        ]
      },
      "properties": {
        "内容": "バス停: 足洗",
        "name": "足洗",
        "operator": "事業者不明",
        "ref": "",
        "url": "",
        "url2": ""
      }
    },
    {
      "type": "Feature",
      "geometry": {
        "type": "Point",
        "coordinates": [
          137.1043697,
          36.7142297
        ]
      },
      "properties": {
        "内容": "バス停: 栄町 (きときとバス)",
        "name": "栄町",
        "operator": "きときとバス",
        "ref": "",
        "url": "",
        "url2": ""
      }
    },
    {
      "type": "Feature",
      "geometry": {
        "type": "Point",
        "coordinates": [
          137.1044121,
          36.7144407
        ]
      },
      "properties": {
        "内容": "バス停: 栄町 (きときとバス)",
        "name": "栄町",
        "operator": "きときとバス",
        "ref": "",
        "url": "",
        "url2": ""
      }
    },
    {
      "type": "Feature",
      "geometry": {
        "type": "Point",
        "coordinates": [
          137.1703678,
          36.7596885
        ]
      },
      "properties": {
        "内容": "バス停: 足洗西口",
        "name": "足洗西口",
        "operator": "事業者不明",
        "ref": "",
        "url": "",
        "url2": ""
      }
    },
    {
      "type": "Feature",
      "geometry": {
        "type": "Point",
        "coordinates": [
          137.1930687,
          36.7562046
        ]
      },
      "properties": {
        "内容": "バス停: 四方口",
        "name": "四方口",
        "operator": "事業者不明",
        "ref": "",
        "url": "",
        "url2": ""
      }
    },
    {
      "type": "Feature",
      "geometry": {
        "type": "Point",
        "coordinates": [
          137.1781038,
          36.7578806
        ]
      },
      "properties": {
        "内容": "バス停: 本江",
        "name": "本江",
        "operator": "事業者不明",
        "ref": "",
        "url": "",
        "url2": ""
      }
    },
    {
      "type": "Feature",
      "geometry": {
        "type": "Point",
        "coordinates": [
          137.1476676,
          36.7653025
        ]
      },
      "properties": {
        "内容": "バス停: 海老江",
        "name": "海老江",
        "operator": "事業者不明",
        "ref": "",
        "url": "",
        "url2": ""
      }
    },
    {
      "type": "Feature",
      "geometry": {
        "type": "Point",
        "coordinates": [
          137.1677389,
          36.7599977
        ]
      },
      "properties": {
        "内容": "バス停: 足洗潟公園口",
        "name": "足洗潟公園口",
        "operator": "事業者不明",
        "ref": "",
        "url": "",
        "url2": ""
      }
    },
    {
      "type": "Feature",
      "geometry": {
        "type": "Point",
        "coordinates": [
          137.1071528,
          36.7810153
        ]
      },
      "properties": {
        "内容": "バス停: 海王丸パーク",
        "name": "海王丸パーク",
        "operator": "事業者不明",
        "ref": "",
        "url": "",
        "url2": ""
      }
    },
    {
      "type": "Feature",
      "geometry": {
        "type": "Point",
        "coordinates": [
          137.0757766,
          36.7301729
        ]
      },
      "properties": {
        "内容": "バス停: 市役所前",
        "name": "市役所前",
        "operator": "事業者不明",
        "ref": "",
        "url": "",
        "url2": ""
      }
    },
    {
      "type": "Feature",
      "geometry": {
        "type": "Point",
        "coordinates": [
          136.9724187,
          36.6343739
        ]
      },
      "properties": {
        "内容": "バス停: 矢木 (加越能バス)",
        "name": "矢木",
        "operator": "加越能バス",
        "ref": "",
        "url": "",
        "url2": ""
      }
    },
    {
      "type": "Feature",
      "geometry": {
        "type": "Point",
        "coordinates": [
          136.9772957,
          36.6334311
        ]
      },
      "properties": {
        "内容": "バス停: 矢木団地前 (加越能バス)",
        "name": "矢木団地前",
        "operator": "加越能バス",
        "ref": "",
        "url": "",
        "url2": ""
      }
    },
    {
      "type": "Feature",
      "geometry": {
        "type": "Point",
        "coordinates": [
          136.9773292,
          36.6334236
        ]
      },
      "properties": {
        "内容": "バス停: 名称不明バス停",
        "name": "名称不明バス停",
        "operator": "事業者不明",
        "ref": "",
        "url": "",
        "url2": ""
      }
    },
    {
      "type": "Feature",
      "geometry": {
        "type": "Point",
        "coordinates": [
          136.9808116,
          36.6317974
        ]
      },
      "properties": {
        "内容": "バス停: 名称不明バス停",
        "name": "名称不明バス停",
        "operator": "事業者不明",
        "ref": "",
        "url": "",
        "url2": ""
      }
    },
    {
      "type": "Feature",
      "geometry": {
        "type": "Point",
        "coordinates": [
          136.9808033,
          36.6317695
        ]
      },
      "properties": {
        "内容": "バス停: 東矢木 (加越能バス)",
        "name": "東矢木",
        "operator": "加越能バス",
        "ref": "",
        "url": "",
        "url2": ""
      }
    },
    {
      "type": "Feature",
      "geometry": {
        "type": "Point",
        "coordinates": [
          136.990246,
          36.6300443
        ]
      },
      "properties": {
        "内容": "バス停: 太田 (加越能バス)",
        "name": "太田",
        "operator": "加越能バス",
        "ref": "",
        "url": "",
        "url2": ""
      }
    },
    {
      "type": "Feature",
      "geometry": {
        "type": "Point",
        "coordinates": [
          137.020622,
          36.6862531
        ]
      },
      "properties": {
        "内容": "バス停: 中田北口 (加越能バス)",
        "name": "中田北口",
        "operator": "加越能バス",
        "ref": "",
        "url": "",
        "url2": ""
      }
    },
    {
      "type": "Feature",
      "geometry": {
        "type": "Point",
        "coordinates": [
          137.0196269,
          36.6850142
        ]
      },
      "properties": {
        "内容": "バス停: 中田町 (加越能バス)",
        "name": "中田町",
        "operator": "加越能バス",
        "ref": "",
        "url": "",
        "url2": ""
      }
    },
    {
      "type": "Feature",
      "geometry": {
        "type": "Point",
        "coordinates": [
          137.0120162,
          36.9012066
        ]
      },
      "properties": {
        "内容": "バス停: 名称不明バス停",
        "name": "名称不明バス停",
        "operator": "事業者不明",
        "ref": "",
        "url": "",
        "url2": ""
      }
    },
    {
      "type": "Feature",
      "geometry": {
        "type": "Point",
        "coordinates": [
          136.9875424,
          36.8568149
        ]
      },
      "properties": {
        "内容": "バス停: 日美町",
        "name": "日美町",
        "operator": "事業者不明",
        "ref": "",
        "url": "",
        "url2": ""
      }
    },
    {
      "type": "Feature",
      "geometry": {
        "type": "Point",
        "coordinates": [
          136.9871521,
          36.8590039
        ]
      },
      "properties": {
        "内容": "バス停: 氷見中央",
        "name": "氷見中央",
        "operator": "事業者不明",
        "ref": "",
        "url": "",
        "url2": ""
      }
    },
    {
      "type": "Feature",
      "geometry": {
        "type": "Point",
        "coordinates": [
          136.9848615,
          36.8647069
        ]
      },
      "properties": {
        "内容": "バス停: 北大町",
        "name": "北大町",
        "operator": "事業者不明",
        "ref": "",
        "url": "",
        "url2": ""
      }
    },
    {
      "type": "Feature",
      "geometry": {
        "type": "Point",
        "coordinates": [
          136.9856608,
          36.8625942
        ]
      },
      "properties": {
        "内容": "バス停: 名称不明バス停",
        "name": "名称不明バス停",
        "operator": "事業者不明",
        "ref": "",
        "url": "",
        "url2": ""
      }
    },
    {
      "type": "Feature",
      "geometry": {
        "type": "Point",
        "coordinates": [
          137.0048815,
          36.8280448
        ]
      },
      "properties": {
        "内容": "バス停: 名称不明バス停",
        "name": "名称不明バス停",
        "operator": "事業者不明",
        "ref": "",
        "url": "",
        "url2": ""
      }
    },
    {
      "type": "Feature",
      "geometry": {
        "type": "Point",
        "coordinates": [
          137.0159228,
          36.8222715
        ]
      },
      "properties": {
        "内容": "バス停: 名称不明バス停",
        "name": "名称不明バス停",
        "operator": "事業者不明",
        "ref": "",
        "url": "",
        "url2": ""
      }
    },
    {
      "type": "Feature",
      "geometry": {
        "type": "Point",
        "coordinates": [
          137.0115682,
          36.8241652
        ]
      },
      "properties": {
        "内容": "バス停: 名称不明バス停",
        "name": "名称不明バス停",
        "operator": "事業者不明",
        "ref": "",
        "url": "",
        "url2": ""
      }
    },
    {
      "type": "Feature",
      "geometry": {
        "type": "Point",
        "coordinates": [
          137.0508036,
          36.7963483
        ]
      },
      "properties": {
        "内容": "バス停: 名称不明バス停",
        "name": "名称不明バス停",
        "operator": "事業者不明",
        "ref": "",
        "url": "",
        "url2": ""
      }
    },
    {
      "type": "Feature",
      "geometry": {
        "type": "Point",
        "coordinates": [
          137.0500097,
          36.7928741
        ]
      },
      "properties": {
        "内容": "バス停: 名称不明バス停",
        "name": "名称不明バス停",
        "operator": "事業者不明",
        "ref": "",
        "url": "",
        "url2": ""
      }
    },
    {
      "type": "Feature",
      "geometry": {
        "type": "Point",
        "coordinates": [
          137.0446332,
          36.7853313
        ]
      },
      "properties": {
        "内容": "バス停: 名称不明バス停",
        "name": "名称不明バス停",
        "operator": "事業者不明",
        "ref": "",
        "url": "",
        "url2": ""
      }
    },
    {
      "type": "Feature",
      "geometry": {
        "type": "Point",
        "coordinates": [
          137.0402317,
          36.7766448
        ]
      },
      "properties": {
        "内容": "バス停: 米島",
        "name": "米島",
        "operator": "事業者不明",
        "ref": "",
        "url": "",
        "url2": ""
      }
    },
    {
      "type": "Feature",
      "geometry": {
        "type": "Point",
        "coordinates": [
          137.0434959,
          36.782395
        ]
      },
      "properties": {
        "内容": "バス停: 高美町",
        "name": "高美町",
        "operator": "事業者不明",
        "ref": "",
        "url": "",
        "url2": ""
      }
    },
    {
      "type": "Feature",
      "geometry": {
        "type": "Point",
        "coordinates": [
          137.070542,
          36.7679799
        ]
      },
      "properties": {
        "内容": "バス停: 牧野",
        "name": "牧野",
        "operator": "事業者不明",
        "ref": "",
        "url": "",
        "url2": ""
      }
    },
    {
      "type": "Feature",
      "geometry": {
        "type": "Point",
        "coordinates": [
          137.0730793,
          36.7722169
        ]
      },
      "properties": {
        "内容": "バス停: 牧野北口",
        "name": "牧野北口",
        "operator": "事業者不明",
        "ref": "",
        "url": "",
        "url2": ""
      }
    },
    {
      "type": "Feature",
      "geometry": {
        "type": "Point",
        "coordinates": [
          137.0771657,
          36.7807556
        ]
      },
      "properties": {
        "内容": "バス停: 名称不明バス停",
        "name": "名称不明バス停",
        "operator": "事業者不明",
        "ref": "",
        "url": "",
        "url2": ""
      }
    },
    {
      "type": "Feature",
      "geometry": {
        "type": "Point",
        "coordinates": [
          137.0771831,
          36.7808008
        ]
      },
      "properties": {
        "内容": "バス停: 新湊高校前",
        "name": "新湊高校前",
        "operator": "事業者不明",
        "ref": "",
        "url": "",
        "url2": ""
      }
    },
    {
      "type": "Feature",
      "geometry": {
        "type": "Point",
        "coordinates": [
          137.0760861,
          36.777458
        ]
      },
      "properties": {
        "内容": "バス停: 名称不明バス停",
        "name": "名称不明バス停",
        "operator": "事業者不明",
        "ref": "",
        "url": "",
        "url2": ""
      }
    },
    {
      "type": "Feature",
      "geometry": {
        "type": "Point",
        "coordinates": [
          137.0782211,
          36.783022
        ]
      },
      "properties": {
        "内容": "バス停: 名称不明バス停",
        "name": "名称不明バス停",
        "operator": "事業者不明",
        "ref": "",
        "url": "",
        "url2": ""
      }
    },
    {
      "type": "Feature",
      "geometry": {
        "type": "Point",
        "coordinates": [
          136.9316263,
          36.7084065
        ]
      },
      "properties": {
        "内容": "バス停: 福岡駅 (高岡市公営バス)",
        "name": "福岡駅",
        "operator": "高岡市公営バス",
        "ref": "",
        "url": "",
        "url2": ""
      }
    },
    {
      "type": "Feature",
      "geometry": {
        "type": "Point",
        "coordinates": [
          137.1954856,
          36.7584483
        ]
      },
      "properties": {
        "内容": "バス停: 四方町",
        "name": "四方町",
        "operator": "事業者不明",
        "ref": "",
        "url": "",
        "url2": ""
      }
    },
    {
      "type": "Feature",
      "geometry": {
        "type": "Point",
        "coordinates": [
          137.5597575,
          36.9568587
        ]
      },
      "properties": {
        "内容": "バス停: 名称不明バス停",
        "name": "名称不明バス停",
        "operator": "事業者不明",
        "ref": "",
        "url": "",
        "url2": ""
      }
    },
    {
      "type": "Feature",
      "geometry": {
        "type": "Point",
        "coordinates": [
          137.0156196,
          36.7378147
        ]
      },
      "properties": {
        "内容": "バス停: 下関公民館口 (加越能バス)",
        "name": "下関公民館口",
        "operator": "加越能バス",
        "ref": "",
        "url": "",
        "url2": ""
      }
    },
    {
      "type": "Feature",
      "geometry": {
        "type": "Point",
        "coordinates": [
          137.0154221,
          36.7378242
        ]
      },
      "properties": {
        "内容": "バス停: 下関公民館口 (加越能バス)",
        "name": "下関公民館口",
        "operator": "加越能バス",
        "ref": "",
        "url": "",
        "url2": ""
      }
    },
    {
      "type": "Feature",
      "geometry": {
        "type": "Point",
        "coordinates": [
          137.0155583,
          36.7356624
        ]
      },
      "properties": {
        "内容": "バス停: 瑞龍寺口 (加越能バス)",
        "name": "瑞龍寺口",
        "operator": "加越能バス",
        "ref": "",
        "url": "",
        "url2": ""
      }
    },
    {
      "type": "Feature",
      "geometry": {
        "type": "Point",
        "coordinates": [
          137.0153853,
          36.7358146
        ]
      },
      "properties": {
        "内容": "バス停: 瑞龍寺口 (加越能バス)",
        "name": "瑞龍寺口",
        "operator": "加越能バス",
        "ref": "",
        "url": "",
        "url2": ""
      }
    },
    {
      "type": "Feature",
      "geometry": {
        "type": "Point",
        "coordinates": [
          137.0154749,
          36.7302357
        ]
      },
      "properties": {
        "内容": "バス停: 京田 (加越能バス)",
        "name": "京田",
        "operator": "加越能バス",
        "ref": "",
        "url": "",
        "url2": ""
      }
    },
    {
      "type": "Feature",
      "geometry": {
        "type": "Point",
        "coordinates": [
          137.0153108,
          36.7315039
        ]
      },
      "properties": {
        "内容": "バス停: 京田 (加越能バス)",
        "name": "京田",
        "operator": "加越能バス",
        "ref": "",
        "url": "",
        "url2": ""
      }
    },
    {
      "type": "Feature",
      "geometry": {
        "type": "Point",
        "coordinates": [
          137.0153759,
          36.7261872
        ]
      },
      "properties": {
        "内容": "バス停: イオンモール口 (加越能バス)",
        "name": "イオンモール口",
        "operator": "加越能バス",
        "ref": "",
        "url": "",
        "url2": ""
      }
    },
    {
      "type": "Feature",
      "geometry": {
        "type": "Point",
        "coordinates": [
          137.0146829,
          36.7248577
        ]
      },
      "properties": {
        "内容": "バス停: イオンモール口 (加越能バス)",
        "name": "イオンモール口",
        "operator": "加越能バス",
        "ref": "",
        "url": "",
        "url2": ""
      }
    },
    {
      "type": "Feature",
      "geometry": {
        "type": "Point",
        "coordinates": [
          137.0110236,
          36.7267909
        ]
      },
      "properties": {
        "内容": "バス停: 新高岡",
        "name": "新高岡",
        "operator": "事業者不明",
        "ref": "6",
        "url": "",
        "url2": ""
      }
    },
    {
      "type": "Feature",
      "geometry": {
        "type": "Point",
        "coordinates": [
          137.0106786,
          36.7265944
        ]
      },
      "properties": {
        "内容": "バス停: 新高岡",
        "name": "新高岡",
        "operator": "事業者不明",
        "ref": "7",
        "url": "",
        "url2": ""
      }
    },
    {
      "type": "Feature",
      "geometry": {
        "type": "Point",
        "coordinates": [
          137.0109079,
          36.7263923
        ]
      },
      "properties": {
        "内容": "バス停: 新高岡",
        "name": "新高岡",
        "operator": "事業者不明",
        "ref": "8",
        "url": "",
        "url2": ""
      }
    },
    {
      "type": "Feature",
      "geometry": {
        "type": "Point",
        "coordinates": [
          137.0152049,
          36.7232551
        ]
      },
      "properties": {
        "内容": "バス停: イオンモール南 (加越能バス)",
        "name": "イオンモール南",
        "operator": "加越能バス",
        "ref": "",
        "url": "",
        "url2": ""
      }
    },
    {
      "type": "Feature",
      "geometry": {
        "type": "Point",
        "coordinates": [
          137.0156267,
          36.7208323
        ]
      },
      "properties": {
        "内容": "バス停: 済生会高岡病院 (加越能バス)",
        "name": "済生会高岡病院",
        "operator": "加越能バス",
        "ref": "",
        "url": "",
        "url2": ""
      }
    },
    {
      "type": "Feature",
      "geometry": {
        "type": "Point",
        "coordinates": [
          137.0174934,
          36.7178626
        ]
      },
      "properties": {
        "内容": "バス停: 上伏間江口 (加越能バス)",
        "name": "上伏間江口",
        "operator": "加越能バス",
        "ref": "",
        "url": "",
        "url2": ""
      }
    },
    {
      "type": "Feature",
      "geometry": {
        "type": "Point",
        "coordinates": [
          137.017249,
          36.7176667
        ]
      },
      "properties": {
        "内容": "バス停: 上伏間江口 (加越能バス)",
        "name": "上伏間江口",
        "operator": "加越能バス",
        "ref": "",
        "url": "",
        "url2": ""
      }
    },
    {
      "type": "Feature",
      "geometry": {
        "type": "Point",
        "coordinates": [
          137.0291217,
          36.708732
        ]
      },
      "properties": {
        "内容": "バス停: 広上北部 (加越能バス)",
        "name": "広上北部",
        "operator": "加越能バス",
        "ref": "",
        "url": "",
        "url2": ""
      }
    },
    {
      "type": "Feature",
      "geometry": {
        "type": "Point",
        "coordinates": [
          137.0260773,
          36.7036248
        ]
      },
      "properties": {
        "内容": "バス停: 広上 (加越能バス)",
        "name": "広上",
        "operator": "加越能バス",
        "ref": "",
        "url": "",
        "url2": ""
      }
    },
    {
      "type": "Feature",
      "geometry": {
        "type": "Point",
        "coordinates": [
          137.0242809,
          36.6987724
        ]
      },
      "properties": {
        "内容": "バス停: 西広上口 (加越能バス)",
        "name": "西広上口",
        "operator": "加越能バス",
        "ref": "",
        "url": "",
        "url2": ""
      }
    },
    {
      "type": "Feature",
      "geometry": {
        "type": "Point",
        "coordinates": [
          137.0213978,
          36.6942109
        ]
      },
      "properties": {
        "内容": "バス停: 中田団地口 (加越能バス)",
        "name": "中田団地口",
        "operator": "加越能バス",
        "ref": "",
        "url": "",
        "url2": ""
      }
    },
    {
      "type": "Feature",
      "geometry": {
        "type": "Point",
        "coordinates": [
          137.0176899,
          36.6956456
        ]
      },
      "properties": {
        "内容": "バス停: 中田団地 (加越能バス)",
        "name": "中田団地",
        "operator": "加越能バス",
        "ref": "",
        "url": "",
        "url2": ""
      }
    },
    {
      "type": "Feature",
      "geometry": {
        "type": "Point",
        "coordinates": [
          137.019543,
          36.6937523
        ]
      },
      "properties": {
        "内容": "バス停: 下麻生 (加越能バス)",
        "name": "下麻生",
        "operator": "加越能バス",
        "ref": "",
        "url": "",
        "url2": ""
      }
    },
    {
      "type": "Feature",
      "geometry": {
        "type": "Point",
        "coordinates": [
          137.0194077,
          36.6937244
        ]
      },
      "properties": {
        "内容": "バス停: 下麻生 (加越能バス)",
        "name": "下麻生",
        "operator": "加越能バス",
        "ref": "",
        "url": "",
        "url2": ""
      }
    },
    {
      "type": "Feature",
      "geometry": {
        "type": "Point",
        "coordinates": [
          137.0235996,
          36.6918373
        ]
      },
      "properties": {
        "内容": "バス停: 下麻生北 (加越能バス)",
        "name": "下麻生北",
        "operator": "加越能バス",
        "ref": "",
        "url": "",
        "url2": ""
      }
    },
    {
      "type": "Feature",
      "geometry": {
        "type": "Point",
        "coordinates": [
          137.0236511,
          36.6916823
        ]
      },
      "properties": {
        "内容": "バス停: 下麻生北 (加越能バス)",
        "name": "下麻生北",
        "operator": "加越能バス",
        "ref": "",
        "url": "",
        "url2": ""
      }
    },
    {
      "type": "Feature",
      "geometry": {
        "type": "Point",
        "coordinates": [
          137.0265708,
          36.6892926
        ]
      },
      "properties": {
        "内容": "バス停: 常国団地 (加越能バス)",
        "name": "常国団地",
        "operator": "加越能バス",
        "ref": "",
        "url": "",
        "url2": ""
      }
    },
    {
      "type": "Feature",
      "geometry": {
        "type": "Point",
        "coordinates": [
          137.026493,
          36.6894267
        ]
      },
      "properties": {
        "内容": "バス停: 常国団地 (加越能バス)",
        "name": "常国団地",
        "operator": "加越能バス",
        "ref": "",
        "url": "",
        "url2": ""
      }
    },
    {
      "type": "Feature",
      "geometry": {
        "type": "Point",
        "coordinates": [
          137.0262441,
          36.6874166
        ]
      },
      "properties": {
        "内容": "バス停: 常国西 (加越能バス)",
        "name": "常国西",
        "operator": "加越能バス",
        "ref": "",
        "url": "",
        "url2": ""
      }
    },
    {
      "type": "Feature",
      "geometry": {
        "type": "Point",
        "coordinates": [
          137.0261432,
          36.6874744
        ]
      },
      "properties": {
        "内容": "バス停: 常国西 (加越能バス)",
        "name": "常国西",
        "operator": "加越能バス",
        "ref": "",
        "url": "",
        "url2": ""
      }
    },
    {
      "type": "Feature",
      "geometry": {
        "type": "Point",
        "coordinates": [
          137.0206301,
          36.6860634
        ]
      },
      "properties": {
        "内容": "バス停: 中田北口 (加越能バス)",
        "name": "中田北口",
        "operator": "加越能バス",
        "ref": "",
        "url": "",
        "url2": ""
      }
    },
    {
      "type": "Feature",
      "geometry": {
        "type": "Point",
        "coordinates": [
          137.0191297,
          36.683622
        ]
      },
      "properties": {
        "内容": "バス停: 中田町 (加越能バス)",
        "name": "中田町",
        "operator": "加越能バス",
        "ref": "",
        "url": "",
        "url2": ""
      }
    },
    {
      "type": "Feature",
      "geometry": {
        "type": "Point",
        "coordinates": [
          137.0177191,
          36.6827727
        ]
      },
      "properties": {
        "内容": "バス停: 鎮守の森公園前 (加越能バス)",
        "name": "鎮守の森公園前",
        "operator": "加越能バス",
        "ref": "",
        "url": "",
        "url2": ""
      }
    },
    {
      "type": "Feature",
      "geometry": {
        "type": "Point",
        "coordinates": [
          137.0156818,
          36.6840724
        ]
      },
      "properties": {
        "内容": "バス停: 中田中学校前 (加越能バス)",
        "name": "中田中学校前",
        "operator": "加越能バス",
        "ref": "",
        "url": "",
        "url2": ""
      }
    },
    {
      "type": "Feature",
      "geometry": {
        "type": "Point",
        "coordinates": [
          137.0135984,
          36.7386087
        ]
      },
      "properties": {
        "内容": "バス停: 運転免許更新センター前 (加越能バス)",
        "name": "運転免許更新センター前",
        "operator": "加越能バス",
        "ref": "",
        "url": "",
        "url2": ""
      }
    },
    {
      "type": "Feature",
      "geometry": {
        "type": "Point",
        "coordinates": [
          137.0138397,
          36.7386939
        ]
      },
      "properties": {
        "内容": "バス停: 運転免許更新センター前 (加越能バス)",
        "name": "運転免許更新センター前",
        "operator": "加越能バス",
        "ref": "",
        "url": "",
        "url2": ""
      }
    },
    {
      "type": "Feature",
      "geometry": {
        "type": "Point",
        "coordinates": [
          137.0100687,
          36.738676
        ]
      },
      "properties": {
        "内容": "バス停: 関町 (加越能バス)",
        "name": "関町",
        "operator": "加越能バス",
        "ref": "",
        "url": "",
        "url2": ""
      }
    },
    {
      "type": "Feature",
      "geometry": {
        "type": "Point",
        "coordinates": [
          137.0097775,
          36.7388242
        ]
      },
      "properties": {
        "内容": "バス停: 関町 (加越能バス)",
        "name": "関町",
        "operator": "加越能バス",
        "ref": "",
        "url": "",
        "url2": ""
      }
    },
    {
      "type": "Feature",
      "geometry": {
        "type": "Point",
        "coordinates": [
          137.0058265,
          36.7389064
        ]
      },
      "properties": {
        "内容": "バス停: 清水町東 (加越能バス)",
        "name": "清水町東",
        "operator": "加越能バス",
        "ref": "",
        "url": "",
        "url2": ""
      }
    },
    {
      "type": "Feature",
      "geometry": {
        "type": "Point",
        "coordinates": [
          137.0050541,
          36.7390647
        ]
      },
      "properties": {
        "内容": "バス停: 清水町東 (加越能バス)",
        "name": "清水町東",
        "operator": "加越能バス",
        "ref": "",
        "url": "",
        "url2": ""
      }
    },
    {
      "type": "Feature",
      "geometry": {
        "type": "Point",
        "coordinates": [
          137.0035438,
          36.7377305
        ]
      },
      "properties": {
        "内容": "バス停: 泉町 (加越能バス)",
        "name": "泉町",
        "operator": "加越能バス",
        "ref": "",
        "url": "",
        "url2": ""
      }
    },
    {
      "type": "Feature",
      "geometry": {
        "type": "Point",
        "coordinates": [
          137.0034173,
          36.737973
        ]
      },
      "properties": {
        "内容": "バス停: 泉町 (加越能バス)",
        "name": "泉町",
        "operator": "加越能バス",
        "ref": "",
        "url": "",
        "url2": ""
      }
    },
    {
      "type": "Feature",
      "geometry": {
        "type": "Point",
        "coordinates": [
          137.0028776,
          36.7322904
        ]
      },
      "properties": {
        "内容": "バス停: 鐘紡町 (加越能バス)",
        "name": "鐘紡町",
        "operator": "加越能バス",
        "ref": "",
        "url": "",
        "url2": ""
      }
    },
    {
      "type": "Feature",
      "geometry": {
        "type": "Point",
        "coordinates": [
          137.0113233,
          36.7186292
        ]
      },
      "properties": {
        "内容": "バス停: 二塚 (加越能バス)",
        "name": "二塚",
        "operator": "加越能バス",
        "ref": "",
        "url": "",
        "url2": ""
      }
    },
    {
      "type": "Feature",
      "geometry": {
        "type": "Point",
        "coordinates": [
          137.0112039,
          36.7187859
        ]
      },
      "properties": {
        "内容": "バス停: 二塚 (加越能バス)",
        "name": "二塚",
        "operator": "加越能バス",
        "ref": "",
        "url": "",
        "url2": ""
      }
    },
    {
      "type": "Feature",
      "geometry": {
        "type": "Point",
        "coordinates": [
          137.0039029,
          36.7214315
        ]
      },
      "properties": {
        "内容": "バス停: 上黒田 (加越能バス)",
        "name": "上黒田",
        "operator": "加越能バス",
        "ref": "",
        "url": "",
        "url2": ""
      }
    },
    {
      "type": "Feature",
      "geometry": {
        "type": "Point",
        "coordinates": [
          137.0041236,
          36.7214186
        ]
      },
      "properties": {
        "内容": "バス停: 上黒田 (加越能バス)",
        "name": "上黒田",
        "operator": "加越能バス",
        "ref": "",
        "url": "",
        "url2": ""
      }
    },
    {
      "type": "Feature",
      "geometry": {
        "type": "Point",
        "coordinates": [
          136.997639,
          36.7244249
        ]
      },
      "properties": {
        "内容": "バス停: 佐野新町 (加越能バス)",
        "name": "佐野新町",
        "operator": "加越能バス",
        "ref": "",
        "url": "",
        "url2": ""
      }
    },
    {
      "type": "Feature",
      "geometry": {
        "type": "Point",
        "coordinates": [
          136.9965749,
          36.7244124
        ]
      },
      "properties": {
        "内容": "バス停: 佐野新町 (加越能バス)",
        "name": "佐野新町",
        "operator": "加越能バス",
        "ref": "",
        "url": "",
        "url2": ""
      }
    },
    {
      "type": "Feature",
      "geometry": {
        "type": "Point",
        "coordinates": [
          136.9937439,
          36.7208123
        ]
      },
      "properties": {
        "内容": "バス停: 佐野 (加越能バス)",
        "name": "佐野",
        "operator": "加越能バス",
        "ref": "",
        "url": "",
        "url2": ""
      }
    },
    {
      "type": "Feature",
      "geometry": {
        "type": "Point",
        "coordinates": [
          136.9897486,
          36.7122691
        ]
      },
      "properties": {
        "内容": "バス停: 北蔵新 (加越能バス)",
        "name": "北蔵新",
        "operator": "加越能バス",
        "ref": "",
        "url": "",
        "url2": ""
      }
    },
    {
      "type": "Feature",
      "geometry": {
        "type": "Point",
        "coordinates": [
          136.9871955,
          36.7061046
        ]
      },
      "properties": {
        "内容": "バス停: 十二町 (加越能バス)",
        "name": "十二町",
        "operator": "加越能バス",
        "ref": "",
        "url": "",
        "url2": ""
      }
    },
    {
      "type": "Feature",
      "geometry": {
        "type": "Point",
        "coordinates": [
          136.987544,
          36.7063314
        ]
      },
      "properties": {
        "内容": "バス停: 十二町 (加越能バス)",
        "name": "十二町",
        "operator": "加越能バス",
        "ref": "",
        "url": "",
        "url2": ""
      }
    },
    {
      "type": "Feature",
      "geometry": {
        "type": "Point",
        "coordinates": [
          136.9860396,
          36.7023122
        ]
      },
      "properties": {
        "内容": "バス停: 柳島口 (加越能バス)",
        "name": "柳島口",
        "operator": "加越能バス",
        "ref": "",
        "url": "",
        "url2": ""
      }
    },
    {
      "type": "Feature",
      "geometry": {
        "type": "Point",
        "coordinates": [
          136.984322,
          36.6987711
        ]
      },
      "properties": {
        "内容": "バス停: 市野瀬 (加越能バス)",
        "name": "市野瀬",
        "operator": "加越能バス",
        "ref": "",
        "url": "",
        "url2": ""
      }
    },
    {
      "type": "Feature",
      "geometry": {
        "type": "Point",
        "coordinates": [
          136.9846168,
          36.6987393
        ]
      },
      "properties": {
        "内容": "バス停: 市野瀬 (加越能バス)",
        "name": "市野瀬",
        "operator": "加越能バス",
        "ref": "",
        "url": "",
        "url2": ""
      }
    },
    {
      "type": "Feature",
      "geometry": {
        "type": "Point",
        "coordinates": [
          136.9817777,
          36.6921454
        ]
      },
      "properties": {
        "内容": "バス停: 池田町 (加越能バス)",
        "name": "池田町",
        "operator": "加越能バス",
        "ref": "",
        "url": "",
        "url2": ""
      }
    },
    {
      "type": "Feature",
      "geometry": {
        "type": "Point",
        "coordinates": [
          136.9815583,
          36.6919353
        ]
      },
      "properties": {
        "内容": "バス停: 池田町 (加越能バス)",
        "name": "池田町",
        "operator": "加越能バス",
        "ref": "",
        "url": "",
        "url2": ""
      }
    },
    {
      "type": "Feature",
      "geometry": {
        "type": "Point",
        "coordinates": [
          136.9804061,
          36.6838389
        ]
      },
      "properties": {
        "内容": "バス停: 戸出町 (加越能バス)",
        "name": "戸出町",
        "operator": "加越能バス",
        "ref": "",
        "url": "",
        "url2": ""
      }
    },
    {
      "type": "Feature",
      "geometry": {
        "type": "Point",
        "coordinates": [
          136.9802864,
          36.6836495
        ]
      },
      "properties": {
        "内容": "バス停: 戸出町 (加越能バス)",
        "name": "戸出町",
        "operator": "加越能バス",
        "ref": "",
        "url": "",
        "url2": ""
      }
    },
    {
      "type": "Feature",
      "geometry": {
        "type": "Point",
        "coordinates": [
          136.9874627,
          36.6823776
        ]
      },
      "properties": {
        "内容": "バス停: 戸出東部小学校前 (加越能バス)",
        "name": "戸出東部小学校前",
        "operator": "加越能バス",
        "ref": "",
        "url": "",
        "url2": ""
      }
    },
    {
      "type": "Feature",
      "geometry": {
        "type": "Point",
        "coordinates": [
          136.9872484,
          36.6834902
        ]
      },
      "properties": {
        "内容": "バス停: 戸出東部小学校前 (加越能バス)",
        "name": "戸出東部小学校前",
        "operator": "加越能バス",
        "ref": "",
        "url": "",
        "url2": ""
      }
    },
    {
      "type": "Feature",
      "geometry": {
        "type": "Point",
        "coordinates": [
          136.9812317,
          36.6843256
        ]
      },
      "properties": {
        "内容": "バス停: 戸出町 (加越能バス)",
        "name": "戸出町",
        "operator": "加越能バス",
        "ref": "",
        "url": "",
        "url2": ""
      }
    },
    {
      "type": "Feature",
      "geometry": {
        "type": "Point",
        "coordinates": [
          136.9813879,
          36.6842537
        ]
      },
      "properties": {
        "内容": "バス停: 戸出町 (加越能バス)",
        "name": "戸出町",
        "operator": "加越能バス",
        "ref": "",
        "url": "",
        "url2": ""
      }
    },
    {
      "type": "Feature",
      "geometry": {
        "type": "Point",
        "coordinates": [
          136.9833229,
          36.6842161
        ]
      },
      "properties": {
        "内容": "バス停: 戸出駅前 (加越能バス)",
        "name": "戸出駅前",
        "operator": "加越能バス",
        "ref": "",
        "url": "",
        "url2": ""
      }
    },
    {
      "type": "Feature",
      "geometry": {
        "type": "Point",
        "coordinates": [
          136.9833035,
          36.6841403
        ]
      },
      "properties": {
        "内容": "バス停: 戸出駅前 (加越能バス)",
        "name": "戸出駅前",
        "operator": "加越能バス",
        "ref": "",
        "url": "",
        "url2": ""
      }
    },
    {
      "type": "Feature",
      "geometry": {
        "type": "Point",
        "coordinates": [
          136.985917,
          36.6785776
        ]
      },
      "properties": {
        "内容": "バス停: 戸出吉住西部 (加越能バス)",
        "name": "戸出吉住西部",
        "operator": "加越能バス",
        "ref": "",
        "url": "",
        "url2": ""
      }
    },
    {
      "type": "Feature",
      "geometry": {
        "type": "Point",
        "coordinates": [
          136.9889439,
          36.6732281
        ]
      },
      "properties": {
        "内容": "バス停: 戸出吉住新 (加越能バス)",
        "name": "戸出吉住新",
        "operator": "加越能バス",
        "ref": "",
        "url": "",
        "url2": ""
      }
    },
    {
      "type": "Feature",
      "geometry": {
        "type": "Point",
        "coordinates": [
          136.9931517,
          36.672447
        ]
      },
      "properties": {
        "内容": "バス停: 戸出吉住 (加越能バス)",
        "name": "戸出吉住",
        "operator": "加越能バス",
        "ref": "",
        "url": "",
        "url2": ""
      }
    },
    {
      "type": "Feature",
      "geometry": {
        "type": "Point",
        "coordinates": [
          136.9999673,
          36.6724733
        ]
      },
      "properties": {
        "内容": "バス停: 高岡オフィスパーク (加越能バス)",
        "name": "高岡オフィスパーク",
        "operator": "加越能バス",
        "ref": "",
        "url": "",
        "url2": ""
      }
    },
    {
      "type": "Feature",
      "geometry": {
        "type": "Point",
        "coordinates": [
          136.9987791,
          36.6698817
        ]
      },
      "properties": {
        "内容": "バス停: 高岡オフィスパーク (加越能バス)",
        "name": "高岡オフィスパーク",
        "operator": "加越能バス",
        "ref": "",
        "url": "",
        "url2": ""
      }
    },
    {
      "type": "Feature",
      "geometry": {
        "type": "Point",
        "coordinates": [
          137.0002313,
          36.669577
        ]
      },
      "properties": {
        "内容": "バス停: 高岡法科大学前 (加越能バス)",
        "name": "高岡法科大学前",
        "operator": "加越能バス",
        "ref": "",
        "url": "",
        "url2": ""
      }
    },
    {
      "type": "Feature",
      "geometry": {
        "type": "Point",
        "coordinates": [
          136.9762996,
          36.6889944
        ]
      },
      "properties": {
        "内容": "バス停: 伊勢領 (加越能バス)",
        "name": "伊勢領",
        "operator": "加越能バス",
        "ref": "",
        "url": "",
        "url2": ""
      }
    },
    {
      "type": "Feature",
      "geometry": {
        "type": "Point",
        "coordinates": [
          136.9757304,
          36.6889323
        ]
      },
      "properties": {
        "内容": "バス停: 伊勢領 (加越能バス)",
        "name": "伊勢領",
        "operator": "加越能バス",
        "ref": "",
        "url": "",
        "url2": ""
      }
    },
    {
      "type": "Feature",
      "geometry": {
        "type": "Point",
        "coordinates": [
          136.9694133,
          36.6889354
        ]
      },
      "properties": {
        "内容": "バス停: 戸出団地 (加越能バス)",
        "name": "戸出団地",
        "operator": "加越能バス",
        "ref": "",
        "url": "",
        "url2": ""
      }
    },
    {
      "type": "Feature",
      "geometry": {
        "type": "Point",
        "coordinates": [
          136.9695923,
          36.6891074
        ]
      },
      "properties": {
        "内容": "バス停: 戸出団地 (加越能バス)",
        "name": "戸出団地",
        "operator": "加越能バス",
        "ref": "",
        "url": "",
        "url2": ""
      }
    },
    {
      "type": "Feature",
      "geometry": {
        "type": "Point",
        "coordinates": [
          136.9693395,
          36.6851815
        ]
      },
      "properties": {
        "内容": "バス停: 戸出西部小学校前 (加越能バス)",
        "name": "戸出西部小学校前",
        "operator": "加越能バス",
        "ref": "",
        "url": "",
        "url2": ""
      }
    },
    {
      "type": "Feature",
      "geometry": {
        "type": "Point",
        "coordinates": [
          136.9692612,
          36.6850619
        ]
      },
      "properties": {
        "内容": "バス停: 戸出西部小学校前 (加越能バス)",
        "name": "戸出西部小学校前",
        "operator": "加越能バス",
        "ref": "",
        "url": "",
        "url2": ""
      }
    },
    {
      "type": "Feature",
      "geometry": {
        "type": "Point",
        "coordinates": [
          136.9753236,
          36.686201
        ]
      },
      "properties": {
        "内容": "バス停: 中の宮 (加越能バス)",
        "name": "中の宮",
        "operator": "加越能バス",
        "ref": "",
        "url": "",
        "url2": ""
      }
    },
    {
      "type": "Feature",
      "geometry": {
        "type": "Point",
        "coordinates": [
          136.9753069,
          36.68606
        ]
      },
      "properties": {
        "内容": "バス停: 中の宮 (加越能バス)",
        "name": "中の宮",
        "operator": "加越能バス",
        "ref": "",
        "url": "",
        "url2": ""
      }
    },
    {
      "type": "Feature",
      "geometry": {
        "type": "Point",
        "coordinates": [
          136.9788338,
          36.6868686
        ]
      },
      "properties": {
        "内容": "バス停: 高岡南高校前 (加越能バス)",
        "name": "高岡南高校前",
        "operator": "加越能バス",
        "ref": "",
        "url": "",
        "url2": ""
      }
    },
    {
      "type": "Feature",
      "geometry": {
        "type": "Point",
        "coordinates": [
          136.9788544,
          36.6867773
        ]
      },
      "properties": {
        "内容": "バス停: 高岡南高校前 (加越能バス)",
        "name": "高岡南高校前",
        "operator": "加越能バス",
        "ref": "",
        "url": "",
        "url2": ""
      }
    },
    {
      "type": "Feature",
      "geometry": {
        "type": "Point",
        "coordinates": [
          136.9801331,
          36.6816183
        ]
      },
      "properties": {
        "内容": "バス停: 戸出コミュニティセンター前 (加越能バス)",
        "name": "戸出コミュニティセンター前",
        "operator": "加越能バス",
        "ref": "",
        "url": "",
        "url2": ""
      }
    },
    {
      "type": "Feature",
      "geometry": {
        "type": "Point",
        "coordinates": [
          136.9800728,
          36.6821123
        ]
      },
      "properties": {
        "内容": "バス停: 戸出コミュニティセンター前 (加越能バス)",
        "name": "戸出コミュニティセンター前",
        "operator": "加越能バス",
        "ref": "",
        "url": "",
        "url2": ""
      }
    },
    {
      "type": "Feature",
      "geometry": {
        "type": "Point",
        "coordinates": [
          136.9776855,
          36.6808632
        ]
      },
      "properties": {
        "内容": "バス停: 高岡みなみハートセンター前 (加越能バス)",
        "name": "高岡みなみハートセンター前",
        "operator": "加越能バス",
        "ref": "",
        "url": "",
        "url2": ""
      }
    },
    {
      "type": "Feature",
      "geometry": {
        "type": "Point",
        "coordinates": [
          136.9776746,
          36.6809875
        ]
      },
      "properties": {
        "内容": "バス停: 高岡みなみハートセンター前 (加越能バス)",
        "name": "高岡みなみハートセンター前",
        "operator": "加越能バス",
        "ref": "",
        "url": "",
        "url2": ""
      }
    },
    {
      "type": "Feature",
      "geometry": {
        "type": "Point",
        "coordinates": [
          136.9764087,
          36.6786038
        ]
      },
      "properties": {
        "内容": "バス停: 戸出四丁目 (加越能バス)",
        "name": "戸出四丁目",
        "operator": "加越能バス",
        "ref": "",
        "url": "",
        "url2": ""
      }
    },
    {
      "type": "Feature",
      "geometry": {
        "type": "Point",
        "coordinates": [
          136.9762145,
          36.6784284
        ]
      },
      "properties": {
        "内容": "バス停: 戸出四丁目 (加越能バス)",
        "name": "戸出四丁目",
        "operator": "加越能バス",
        "ref": "",
        "url": "",
        "url2": ""
      }
    },
    {
      "type": "Feature",
      "geometry": {
        "type": "Point",
        "coordinates": [
          136.9771295,
          36.6746589
        ]
      },
      "properties": {
        "内容": "バス停: 光明寺 (加越能バス)",
        "name": "光明寺",
        "operator": "加越能バス",
        "ref": "",
        "url": "",
        "url2": ""
      }
    },
    {
      "type": "Feature",
      "geometry": {
        "type": "Point",
        "coordinates": [
          136.9769403,
          36.6745098
        ]
      },
      "properties": {
        "内容": "バス停: 光明寺 (加越能バス)",
        "name": "光明寺",
        "operator": "加越能バス",
        "ref": "",
        "url": "",
        "url2": ""
      }
    },
    {
      "type": "Feature",
      "geometry": {
        "type": "Point",
        "coordinates": [
          136.9743902,
          36.6678946
        ]
      },
      "properties": {
        "内容": "バス停: 行兼 (加越能バス)",
        "name": "行兼",
        "operator": "加越能バス",
        "ref": "",
        "url": "",
        "url2": ""
      }
    },
    {
      "type": "Feature",
      "geometry": {
        "type": "Point",
        "coordinates": [
          136.9740587,
          36.6679389
        ]
      },
      "properties": {
        "内容": "バス停: 行兼 (加越能バス)",
        "name": "行兼",
        "operator": "加越能バス",
        "ref": "",
        "url": "",
        "url2": ""
      }
    },
    {
      "type": "Feature",
      "geometry": {
        "type": "Point",
        "coordinates": [
          136.9720336,
          36.6619986
        ]
      },
      "properties": {
        "内容": "バス停: 千代 (加越能バス)",
        "name": "千代",
        "operator": "加越能バス",
        "ref": "",
        "url": "",
        "url2": ""
      }
    },
    {
      "type": "Feature",
      "geometry": {
        "type": "Point",
        "coordinates": [
          136.971386,
          36.6609838
        ]
      },
      "properties": {
        "内容": "バス停: 千代 (加越能バス)",
        "name": "千代",
        "operator": "加越能バス",
        "ref": "",
        "url": "",
        "url2": ""
      }
    },
    {
      "type": "Feature",
      "geometry": {
        "type": "Point",
        "coordinates": [
          136.9680456,
          36.6560294
        ]
      },
      "properties": {
        "内容": "バス停: 油田 (加越能バス)",
        "name": "油田",
        "operator": "加越能バス",
        "ref": "",
        "url": "",
        "url2": ""
      }
    },
    {
      "type": "Feature",
      "geometry": {
        "type": "Point",
        "coordinates": [
          136.9677181,
          36.6561674
        ]
      },
      "properties": {
        "内容": "バス停: 油田 (加越能バス)",
        "name": "油田",
        "operator": "加越能バス",
        "ref": "",
        "url": "",
        "url2": ""
      }
    },
    {
      "type": "Feature",
      "geometry": {
        "type": "Point",
        "coordinates": [
          136.9654662,
          36.6531596
        ]
      },
      "properties": {
        "内容": "バス停: 十年明 (加越能バス)",
        "name": "十年明",
        "operator": "加越能バス",
        "ref": "",
        "url": "",
        "url2": ""
      }
    },
    {
      "type": "Feature",
      "geometry": {
        "type": "Point",
        "coordinates": [
          136.9643967,
          36.651368
        ]
      },
      "properties": {
        "内容": "バス停: 十年明 (加越能バス)",
        "name": "十年明",
        "operator": "加越能バス",
        "ref": "",
        "url": "",
        "url2": ""
      }
    },
    {
      "type": "Feature",
      "geometry": {
        "type": "Point",
        "coordinates": [
          136.9610219,
          36.6473725
        ]
      },
      "properties": {
        "内容": "バス停: 砺波市役所前 (加越能バス)",
        "name": "砺波市役所前",
        "operator": "加越能バス",
        "ref": "",
        "url": "",
        "url2": ""
      }
    },
    {
      "type": "Feature",
      "geometry": {
        "type": "Point",
        "coordinates": [
          136.9614558,
          36.647404
        ]
      },
      "properties": {
        "内容": "バス停: 砺波市役所前 (加越能バス)",
        "name": "砺波市役所前",
        "operator": "加越能バス",
        "ref": "",
        "url": "",
        "url2": ""
      }
    },
    {
      "type": "Feature",
      "geometry": {
        "type": "Point",
        "coordinates": [
          136.9585523,
          36.6440127
        ]
      },
      "properties": {
        "内容": "バス停: 春日町口 (加越能バス)",
        "name": "春日町口",
        "operator": "加越能バス",
        "ref": "",
        "url": "",
        "url2": ""
      }
    },
    {
      "type": "Feature",
      "geometry": {
        "type": "Point",
        "coordinates": [
          136.9582579,
          36.64381
        ]
      },
      "properties": {
        "内容": "バス停: 春日町口 (加越能バス)",
        "name": "春日町口",
        "operator": "加越能バス",
        "ref": "",
        "url": "",
        "url2": ""
      }
    },
    {
      "type": "Feature",
      "geometry": {
        "type": "Point",
        "coordinates": [
          136.9568217,
          36.6417783
        ]
      },
      "properties": {
        "内容": "バス停: 春日町 (加越能バス)",
        "name": "春日町",
        "operator": "加越能バス",
        "ref": "",
        "url": "",
        "url2": ""
      }
    },
    {
      "type": "Feature",
      "geometry": {
        "type": "Point",
        "coordinates": [
          136.9567638,
          36.6413323
        ]
      },
      "properties": {
        "内容": "バス停: 春日町 (加越能バス)",
        "name": "春日町",
        "operator": "加越能バス",
        "ref": "",
        "url": "",
        "url2": ""
      }
    },
    {
      "type": "Feature",
      "geometry": {
        "type": "Point",
        "coordinates": [
          136.9555349,
          36.6395081
        ]
      },
      "properties": {
        "内容": "バス停: 砺波中央 (加越能バス)",
        "name": "砺波中央",
        "operator": "加越能バス",
        "ref": "",
        "url": "",
        "url2": ""
      }
    },
    {
      "type": "Feature",
      "geometry": {
        "type": "Point",
        "coordinates": [
          136.9553738,
          36.6391144
        ]
      },
      "properties": {
        "内容": "バス停: 砺波中央 (加越能バス)",
        "name": "砺波中央",
        "operator": "加越能バス",
        "ref": "",
        "url": "",
        "url2": ""
      }
    },
    {
      "type": "Feature",
      "geometry": {
        "type": "Point",
        "coordinates": [
          136.9522799,
          36.6378742
        ]
      },
      "properties": {
        "内容": "バス停: 本町 (加越能バス)",
        "name": "本町",
        "operator": "加越能バス",
        "ref": "",
        "url": "",
        "url2": ""
      }
    },
    {
      "type": "Feature",
      "geometry": {
        "type": "Point",
        "coordinates": [
          136.9524776,
          36.6376591
        ]
      },
      "properties": {
        "内容": "バス停: 本町 (加越能バス)",
        "name": "本町",
        "operator": "加越能バス",
        "ref": "",
        "url": "",
        "url2": ""
      }
    },
    {
      "type": "Feature",
      "geometry": {
        "type": "Point",
        "coordinates": [
          136.9513552,
          36.640564
        ]
      },
      "properties": {
        "内容": "バス停: 砺波総合病院前 (加越能バス)",
        "name": "砺波総合病院前",
        "operator": "加越能バス",
        "ref": "",
        "url": "",
        "url2": ""
      }
    },
    {
      "type": "Feature",
      "geometry": {
        "type": "Point",
        "coordinates": [
          136.951788,
          36.6363399
        ]
      },
      "properties": {
        "内容": "バス停: 表町 (加越能バス)",
        "name": "表町",
        "operator": "加越能バス",
        "ref": "",
        "url": "",
        "url2": ""
      }
    },
    {
      "type": "Feature",
      "geometry": {
        "type": "Point",
        "coordinates": [
          136.9518738,
          36.6357317
        ]
      },
      "properties": {
        "内容": "バス停: 表町 (加越能バス)",
        "name": "表町",
        "operator": "加越能バス",
        "ref": "",
        "url": "",
        "url2": ""
      }
    },
    {
      "type": "Feature",
      "geometry": {
        "type": "Point",
        "coordinates": [
          136.9531604,
          36.6336455
        ]
      },
      "properties": {
        "内容": "バス停: 三島町 (加越能バス)",
        "name": "三島町",
        "operator": "加越能バス",
        "ref": "",
        "url": "",
        "url2": ""
      }
    },
    {
      "type": "Feature",
      "geometry": {
        "type": "Point",
        "coordinates": [
          136.9529928,
          36.6336391
        ]
      },
      "properties": {
        "内容": "バス停: 三島町 (加越能バス)",
        "name": "三島町",
        "operator": "加越能バス",
        "ref": "",
        "url": "",
        "url2": ""
      }
    },
    {
      "type": "Feature",
      "geometry": {
        "type": "Point",
        "coordinates": [
          136.9558604,
          36.6321966
        ]
      },
      "properties": {
        "内容": "バス停: 豊町 (加越能バス)",
        "name": "豊町",
        "operator": "加越能バス",
        "ref": "",
        "url": "",
        "url2": ""
      }
    },
    {
      "type": "Feature",
      "geometry": {
        "type": "Point",
        "coordinates": [
          136.9552448,
          36.6322299
        ]
      },
      "properties": {
        "内容": "バス停: 豊町 (加越能バス)",
        "name": "豊町",
        "operator": "加越能バス",
        "ref": "",
        "url": "",
        "url2": ""
      }
    },
    {
      "type": "Feature",
      "geometry": {
        "type": "Point",
        "coordinates": [
          136.9572199,
          36.6287641
        ]
      },
      "properties": {
        "内容": "バス停: 砺波インター口 (加越能バス)",
        "name": "砺波インター口",
        "operator": "加越能バス",
        "ref": "",
        "url": "",
        "url2": ""
      }
    },
    {
      "type": "Feature",
      "geometry": {
        "type": "Point",
        "coordinates": [
          136.9567579,
          36.6290433
        ]
      },
      "properties": {
        "内容": "バス停: 砺波インター口 (加越能バス)",
        "name": "砺波インター口",
        "operator": "加越能バス",
        "ref": "",
        "url": "",
        "url2": ""
      }
    },
    {
      "type": "Feature",
      "geometry": {
        "type": "Point",
        "coordinates": [
          136.9593823,
          36.6241453
        ]
      },
      "properties": {
        "内容": "バス停: 太郎丸 (加越能バス)",
        "name": "太郎丸",
        "operator": "加越能バス",
        "ref": "",
        "url": "",
        "url2": ""
      }
    },
    {
      "type": "Feature",
      "geometry": {
        "type": "Point",
        "coordinates": [
          136.9591988,
          36.6239073
        ]
      },
      "properties": {
        "内容": "バス停: 太郎丸 (加越能バス)",
        "name": "太郎丸",
        "operator": "加越能バス",
        "ref": "",
        "url": "",
        "url2": ""
      }
    },
    {
      "type": "Feature",
      "geometry": {
        "type": "Point",
        "coordinates": [
          136.9615319,
          36.6197278
        ]
      },
      "properties": {
        "内容": "バス停: 寺島 (加越能バス)",
        "name": "寺島",
        "operator": "加越能バス",
        "ref": "",
        "url": "",
        "url2": ""
      }
    },
    {
      "type": "Feature",
      "geometry": {
        "type": "Point",
        "coordinates": [
          136.9610029,
          36.6199323
        ]
      },
      "properties": {
        "内容": "バス停: 寺島 (加越能バス)",
        "name": "寺島",
        "operator": "加越能バス",
        "ref": "",
        "url": "",
        "url2": ""
      }
    },
    {
      "type": "Feature",
      "geometry": {
        "type": "Point",
        "coordinates": [
          136.9645163,
          36.6147939
        ]
      },
      "properties": {
        "内容": "バス停: 五郎丸 (加越能バス)",
        "name": "五郎丸",
        "operator": "加越能バス",
        "ref": "",
        "url": "",
        "url2": ""
      }
    },
    {
      "type": "Feature",
      "geometry": {
        "type": "Point",
        "coordinates": [
          136.9640052,
          36.6152328
        ]
      },
      "properties": {
        "内容": "バス停: 五郎丸 (加越能バス)",
        "name": "五郎丸",
        "operator": "加越能バス",
        "ref": "",
        "url": "",
        "url2": ""
      }
    },
    {
      "type": "Feature",
      "geometry": {
        "type": "Point",
        "coordinates": [
          136.9645699,
          36.6094893
        ]
      },
      "properties": {
        "内容": "バス停: 五鹿屋 (加越能バス)",
        "name": "五鹿屋",
        "operator": "加越能バス",
        "ref": "",
        "url": "",
        "url2": ""
      }
    },
    {
      "type": "Feature",
      "geometry": {
        "type": "Point",
        "coordinates": [
          136.964102,
          36.6084845
        ]
      },
      "properties": {
        "内容": "バス停: 五鹿屋 (加越能バス)",
        "name": "五鹿屋",
        "operator": "加越能バス",
        "ref": "",
        "url": "",
        "url2": ""
      }
    },
    {
      "type": "Feature",
      "geometry": {
        "type": "Point",
        "coordinates": [
          136.9633395,
          36.6030465
        ]
      },
      "properties": {
        "内容": "バス停: 北荒高屋 (加越能バス)",
        "name": "北荒高屋",
        "operator": "加越能バス",
        "ref": "",
        "url": "",
        "url2": ""
      }
    },
    {
      "type": "Feature",
      "geometry": {
        "type": "Point",
        "coordinates": [
          136.963117,
          36.6027995
        ]
      },
      "properties": {
        "内容": "バス停: 北荒高屋 (加越能バス)",
        "name": "北荒高屋",
        "operator": "加越能バス",
        "ref": "",
        "url": "",
        "url2": ""
      }
    },
    {
      "type": "Feature",
      "geometry": {
        "type": "Point",
        "coordinates": [
          136.965005,
          36.5985887
        ]
      },
      "properties": {
        "内容": "バス停: 荒高屋 (加越能バス)",
        "name": "荒高屋",
        "operator": "加越能バス",
        "ref": "",
        "url": "",
        "url2": ""
      }
    },
    {
      "type": "Feature",
      "geometry": {
        "type": "Point",
        "coordinates": [
          136.9648645,
          36.5983447
        ]
      },
      "properties": {
        "内容": "バス停: 荒高屋 (加越能バス)",
        "name": "荒高屋",
        "operator": "加越能バス",
        "ref": "",
        "url": "",
        "url2": ""
      }
    },
    {
      "type": "Feature",
      "geometry": {
        "type": "Point",
        "coordinates": [
          136.9644586,
          36.5923735
        ]
      },
      "properties": {
        "内容": "バス停: 天正 (加越能バス)",
        "name": "天正",
        "operator": "加越能バス",
        "ref": "",
        "url": "",
        "url2": ""
      }
    },
    {
      "type": "Feature",
      "geometry": {
        "type": "Point",
        "coordinates": [
          136.9642561,
          36.5925856
        ]
      },
      "properties": {
        "内容": "バス停: 天正 (加越能バス)",
        "name": "天正",
        "operator": "加越能バス",
        "ref": "",
        "url": "",
        "url2": ""
      }
    },
    {
      "type": "Feature",
      "geometry": {
        "type": "Point",
        "coordinates": [
          136.965366,
          36.5879424
        ]
      },
      "properties": {
        "内容": "バス停: 清水橋 (加越能バス)",
        "name": "清水橋",
        "operator": "加越能バス",
        "ref": "",
        "url": "",
        "url2": ""
      }
    },
    {
      "type": "Feature",
      "geometry": {
        "type": "Point",
        "coordinates": [
          136.965142,
          36.5877249
        ]
      },
      "properties": {
        "内容": "バス停: 清水橋 (加越能バス)",
        "name": "清水橋",
        "operator": "加越能バス",
        "ref": "",
        "url": "",
        "url2": ""
      }
    },
    {
      "type": "Feature",
      "geometry": {
        "type": "Point",
        "coordinates": [
          136.9658146,
          36.5796373
        ]
      },
      "properties": {
        "内容": "バス停: 岩屋 (加越能バス)",
        "name": "岩屋",
        "operator": "加越能バス",
        "ref": "",
        "url": "",
        "url2": ""
      }
    },
    {
      "type": "Feature",
      "geometry": {
        "type": "Point",
        "coordinates": [
          136.9656886,
          36.5797827
        ]
      },
      "properties": {
        "内容": "バス停: 岩屋 (加越能バス)",
        "name": "岩屋",
        "operator": "加越能バス",
        "ref": "",
        "url": "",
        "url2": ""
      }
    },
    {
      "type": "Feature",
      "geometry": {
        "type": "Point",
        "coordinates": [
          136.9665965,
          36.574075
        ]
      },
      "properties": {
        "内容": "バス停: 坪野 (加越能バス)",
        "name": "坪野",
        "operator": "加越能バス",
        "ref": "",
        "url": "",
        "url2": ""
      }
    },
    {
      "type": "Feature",
      "geometry": {
        "type": "Point",
        "coordinates": [
          136.9665146,
          36.5739353
        ]
      },
      "properties": {
        "内容": "バス停: 坪野 (加越能バス)",
        "name": "坪野",
        "operator": "加越能バス",
        "ref": "",
        "url": "",
        "url2": ""
      }
    },
    {
      "type": "Feature",
      "geometry": {
        "type": "Point",
        "coordinates": [
          136.9688029,
          36.5685149
        ]
      },
      "properties": {
        "内容": "バス停: 井波 (加越能バス)",
        "name": "井波",
        "operator": "加越能バス",
        "ref": "",
        "url": "",
        "url2": ""
      }
    },
    {
      "type": "Feature",
      "geometry": {
        "type": "Point",
        "coordinates": [
          136.9685783,
          36.5685571
        ]
      },
      "properties": {
        "内容": "バス停: 井波 (加越能バス)",
        "name": "井波",
        "operator": "加越能バス",
        "ref": "",
        "url": "",
        "url2": ""
      }
    },
    {
      "type": "Feature",
      "geometry": {
        "type": "Point",
        "coordinates": [
          136.9697874,
          36.565326
        ]
      },
      "properties": {
        "内容": "バス停: 井波庁舎前 (加越能バス)",
        "name": "井波庁舎前",
        "operator": "加越能バス",
        "ref": "",
        "url": "",
        "url2": ""
      }
    },
    {
      "type": "Feature",
      "geometry": {
        "type": "Point",
        "coordinates": [
          136.9699026,
          36.5648065
        ]
      },
      "properties": {
        "内容": "バス停: 井波庁舎前 (加越能バス)",
        "name": "井波庁舎前",
        "operator": "加越能バス",
        "ref": "",
        "url": "",
        "url2": ""
      }
    },
    {
      "type": "Feature",
      "geometry": {
        "type": "Point",
        "coordinates": [
          136.9699531,
          36.5633013
        ]
      },
      "properties": {
        "内容": "バス停: 井波小学校口 (加越能バス)",
        "name": "井波小学校口",
        "operator": "加越能バス",
        "ref": "",
        "url": "",
        "url2": ""
      }
    },
    {
      "type": "Feature",
      "geometry": {
        "type": "Point",
        "coordinates": [
          136.9697975,
          36.5638485
        ]
      },
      "properties": {
        "内容": "バス停: 井波小学校口 (加越能バス)",
        "name": "井波小学校口",
        "operator": "加越能バス",
        "ref": "",
        "url": "",
        "url2": ""
      }
    },
    {
      "type": "Feature",
      "geometry": {
        "type": "Point",
        "coordinates": [
          136.9700832,
          36.5618906
        ]
      },
      "properties": {
        "内容": "バス停: 井波中央 (加越能バス)",
        "name": "井波中央",
        "operator": "加越能バス",
        "ref": "",
        "url": "",
        "url2": ""
      }
    },
    {
      "type": "Feature",
      "geometry": {
        "type": "Point",
        "coordinates": [
          136.9699474,
          36.5619637
        ]
      },
      "properties": {
        "内容": "バス停: 井波中央 (加越能バス)",
        "name": "井波中央",
        "operator": "加越能バス",
        "ref": "",
        "url": "",
        "url2": ""
      }
    },
    {
      "type": "Feature",
      "geometry": {
        "type": "Point",
        "coordinates": [
          136.9695856,
          36.5573935
        ]
      },
      "properties": {
        "内容": "バス停: 志観寺 (加越能バス)",
        "name": "志観寺",
        "operator": "加越能バス",
        "ref": "",
        "url": "",
        "url2": ""
      }
    },
    {
      "type": "Feature",
      "geometry": {
        "type": "Point",
        "coordinates": [
          136.9771312,
          36.5617504
        ]
      },
      "properties": {
        "内容": "バス停: 木彫りの里 (加越能バス)",
        "name": "木彫りの里",
        "operator": "加越能バス",
        "ref": "",
        "url": "",
        "url2": ""
      }
    },
    {
      "type": "Feature",
      "geometry": {
        "type": "Point",
        "coordinates": [
          136.9766606,
          36.5678844
        ]
      },
      "properties": {
        "内容": "バス停: 今町三区 (加越能バス)",
        "name": "今町三区",
        "operator": "加越能バス",
        "ref": "",
        "url": "",
        "url2": ""
      }
    },
    {
      "type": "Feature",
      "geometry": {
        "type": "Point",
        "coordinates": [
          136.9754899,
          36.5704777
        ]
      },
      "properties": {
        "内容": "バス停: 南砺市民病院口 (加越能バス)",
        "name": "南砺市民病院口",
        "operator": "加越能バス",
        "ref": "",
        "url": "",
        "url2": ""
      }
    },
    {
      "type": "Feature",
      "geometry": {
        "type": "Point",
        "coordinates": [
          136.981156,
          36.5743765
        ]
      },
      "properties": {
        "内容": "バス停: エントランス庄川前 (加越能バス)",
        "name": "エントランス庄川前",
        "operator": "加越能バス",
        "ref": "",
        "url": "",
        "url2": ""
      }
    },
    {
      "type": "Feature",
      "geometry": {
        "type": "Point",
        "coordinates": [
          136.9867058,
          36.577154
        ]
      },
      "properties": {
        "内容": "バス停: 庄川支所前 (加越能バス)",
        "name": "庄川支所前",
        "operator": "加越能バス",
        "ref": "",
        "url": "",
        "url2": ""
      }
    },
    {
      "type": "Feature",
      "geometry": {
        "type": "Point",
        "coordinates": [
          136.9864519,
          36.5768956
        ]
      },
      "properties": {
        "内容": "バス停: 庄川支所前 (加越能バス)",
        "name": "庄川支所前",
        "operator": "加越能バス",
        "ref": "",
        "url": "",
        "url2": ""
      }
    },
    {
      "type": "Feature",
      "geometry": {
        "type": "Point",
        "coordinates": [
          136.9848226,
          36.5793069
        ]
      },
      "properties": {
        "内容": "バス停: 庄川町 (加越能バス)",
        "name": "庄川町",
        "operator": "加越能バス",
        "ref": "",
        "url": "",
        "url2": ""
      }
    },
    {
      "type": "Feature",
      "geometry": {
        "type": "Point",
        "coordinates": [
          136.9890509,
          36.5781917
        ]
      },
      "properties": {
        "内容": "バス停: 庄川中学校口 (加越能バス)",
        "name": "庄川中学校口",
        "operator": "加越能バス",
        "ref": "",
        "url": "",
        "url2": ""
      }
    },
    {
      "type": "Feature",
      "geometry": {
        "type": "Point",
        "coordinates": [
          136.9891325,
          36.5780917
        ]
      },
      "properties": {
        "内容": "バス停: 庄川中学校口 (加越能バス)",
        "name": "庄川中学校口",
        "operator": "加越能バス",
        "ref": "",
        "url": "",
        "url2": ""
      }
    },
    {
      "type": "Feature",
      "geometry": {
        "type": "Point",
        "coordinates": [
          136.9926662,
          36.5754379
        ]
      },
      "properties": {
        "内容": "バス停: 庄川温泉前 (加越能バス)",
        "name": "庄川温泉前",
        "operator": "加越能バス",
        "ref": "",
        "url": "",
        "url2": ""
      }
    },
    {
      "type": "Feature",
      "geometry": {
        "type": "Point",
        "coordinates": [
          136.9953251,
          36.573852
        ]
      },
      "properties": {
        "内容": "バス停: 水記念公園前 (加越能バス)",
        "name": "水記念公園前",
        "operator": "加越能バス",
        "ref": "",
        "url": "",
        "url2": ""
      }
    },
    {
      "type": "Feature",
      "geometry": {
        "type": "Point",
        "coordinates": [
          136.9931886,
          36.5693012
        ]
      },
      "properties": {
        "内容": "バス停: 上金屋 (加越能バス)",
        "name": "上金屋",
        "operator": "加越能バス",
        "ref": "",
        "url": "",
        "url2": ""
      }
    },
    {
      "type": "Feature",
      "geometry": {
        "type": "Point",
        "coordinates": [
          137.0023415,
          36.5637818
        ]
      },
      "properties": {
        "内容": "バス停: 湯谷口 (加越能バス)",
        "name": "湯谷口",
        "operator": "加越能バス",
        "ref": "",
        "url": "",
        "url2": ""
      }
    },
    {
      "type": "Feature",
      "geometry": {
        "type": "Point",
        "coordinates": [
          137.0069501,
          36.5559696
        ]
      },
      "properties": {
        "内容": "バス停: 小牧口 (加越能バス)",
        "name": "小牧口",
        "operator": "加越能バス",
        "ref": "",
        "url": "",
        "url2": ""
      }
    },
    {
      "type": "Feature",
      "geometry": {
        "type": "Point",
        "coordinates": [
          137.0087639,
          36.5540879
        ]
      },
      "properties": {
        "内容": "バス停: 小牧 (加越能バス)",
        "name": "小牧",
        "operator": "加越能バス",
        "ref": "",
        "url": "",
        "url2": ""
      }
    },
    {
      "type": "Feature",
      "geometry": {
        "type": "Point",
        "coordinates": [
          137.0130773,
          36.7197686
        ]
      },
      "properties": {
        "内容": "バス停: スポーツコア (加越能バス)",
        "name": "スポーツコア",
        "operator": "加越能バス",
        "ref": "",
        "url": "",
        "url2": ""
      }
    },
    {
      "type": "Feature",
      "geometry": {
        "type": "Point",
        "coordinates": [
          137.0129566,
          36.7198043
        ]
      },
      "properties": {
        "内容": "バス停: スポーツコア (加越能バス)",
        "name": "スポーツコア",
        "operator": "加越能バス",
        "ref": "",
        "url": "",
        "url2": ""
      }
    },
    {
      "type": "Feature",
      "geometry": {
        "type": "Point",
        "coordinates": [
          136.9063208,
          36.7081303
        ]
      },
      "properties": {
        "内容": "バス停: 上向田集会所前 (高岡市公営バス)",
        "name": "上向田集会所前",
        "operator": "高岡市公営バス",
        "ref": "",
        "url": "",
        "url2": ""
      }
    },
    {
      "type": "Feature",
      "geometry": {
        "type": "Point",
        "coordinates": [
          137.0032054,
          36.6597554
        ]
      },
      "properties": {
        "内容": "バス停: 高岡高速バスターミナル",
        "name": "高岡高速バスターミナル",
        "operator": "事業者不明",
        "ref": "",
        "url": "",
        "url2": ""
      }
    },
    {
      "type": "Feature",
      "geometry": {
        "type": "Point",
        "coordinates": [
          136.9705696,
          36.6490273
        ]
      },
      "properties": {
        "内容": "バス停: 堀内 (加越能バス)",
        "name": "堀内",
        "operator": "加越能バス",
        "ref": "",
        "url": "",
        "url2": ""
      }
    },
    {
      "type": "Feature",
      "geometry": {
        "type": "Point",
        "coordinates": [
          136.9724347,
          36.6531514
        ]
      },
      "properties": {
        "内容": "バス停: 三郎丸 (加越能バス)",
        "name": "三郎丸",
        "operator": "加越能バス",
        "ref": "",
        "url": "",
        "url2": ""
      }
    },
    {
      "type": "Feature",
      "geometry": {
        "type": "Point",
        "coordinates": [
          136.9725139,
          36.6532122
        ]
      },
      "properties": {
        "内容": "バス停: 三郎丸 (加越能バス)",
        "name": "三郎丸",
        "operator": "加越能バス",
        "ref": "",
        "url": "",
        "url2": ""
      }
    },
    {
      "type": "Feature",
      "geometry": {
        "type": "Point",
        "coordinates": [
          136.9809782,
          36.6496946
        ]
      },
      "properties": {
        "内容": "バス停: 東部小学校前 (加越能バス)",
        "name": "東部小学校前",
        "operator": "加越能バス",
        "ref": "",
        "url": "",
        "url2": ""
      }
    },
    {
      "type": "Feature",
      "geometry": {
        "type": "Point",
        "coordinates": [
          136.9813759,
          36.6496079
        ]
      },
      "properties": {
        "内容": "バス停: 東部小学校前 (加越能バス)",
        "name": "東部小学校前",
        "operator": "加越能バス",
        "ref": "",
        "url": "",
        "url2": ""
      }
    },
    {
      "type": "Feature",
      "geometry": {
        "type": "Point",
        "coordinates": [
          136.9904588,
          36.6498401
        ]
      },
      "properties": {
        "内容": "バス停: 秋元 (加越能バス)",
        "name": "秋元",
        "operator": "加越能バス",
        "ref": "",
        "url": "",
        "url2": ""
      }
    },
    {
      "type": "Feature",
      "geometry": {
        "type": "Point",
        "coordinates": [
          136.9905124,
          36.6497476
        ]
      },
      "properties": {
        "内容": "バス停: 秋元 (加越能バス)",
        "name": "秋元",
        "operator": "加越能バス",
        "ref": "",
        "url": "",
        "url2": ""
      }
    },
    {
      "type": "Feature",
      "geometry": {
        "type": "Point",
        "coordinates": [
          136.9995233,
          36.6488497
        ]
      },
      "properties": {
        "内容": "バス停: 東開発 (加越能バス)",
        "name": "東開発",
        "operator": "加越能バス",
        "ref": "",
        "url": "",
        "url2": ""
      }
    },
    {
      "type": "Feature",
      "geometry": {
        "type": "Point",
        "coordinates": [
          136.9993614,
          36.6486592
        ]
      },
      "properties": {
        "内容": "バス停: 東開発 (加越能バス)",
        "name": "東開発",
        "operator": "加越能バス",
        "ref": "",
        "url": "",
        "url2": ""
      }
    },
    {
      "type": "Feature",
      "geometry": {
        "type": "Point",
        "coordinates": [
          136.9993189,
          36.6440891
        ]
      },
      "properties": {
        "内容": "バス停: 砺波総合運動公園前 (加越能バス)",
        "name": "砺波総合運動公園前",
        "operator": "加越能バス",
        "ref": "",
        "url": "",
        "url2": ""
      }
    },
    {
      "type": "Feature",
      "geometry": {
        "type": "Point",
        "coordinates": [
          136.9975247,
          36.6394686
        ]
      },
      "properties": {
        "内容": "バス停: となみ野大橋詰 (加越能バス)",
        "name": "となみ野大橋詰",
        "operator": "加越能バス",
        "ref": "",
        "url": "",
        "url2": ""
      }
    },
    {
      "type": "Feature",
      "geometry": {
        "type": "Point",
        "coordinates": [
          136.9973744,
          36.6393586
        ]
      },
      "properties": {
        "内容": "バス停: となみ野大橋詰 (加越能バス)",
        "name": "となみ野大橋詰",
        "operator": "加越能バス",
        "ref": "",
        "url": "",
        "url2": ""
      }
    },
    {
      "type": "Feature",
      "geometry": {
        "type": "Point",
        "coordinates": [
          137.0126874,
          36.6339405
        ]
      },
      "properties": {
        "内容": "バス停: 北明太子堂 (加越能バス)",
        "name": "北明太子堂",
        "operator": "加越能バス",
        "ref": "",
        "url": "",
        "url2": ""
      }
    },
    {
      "type": "Feature",
      "geometry": {
        "type": "Point",
        "coordinates": [
          137.0121724,
          36.6317818
        ]
      },
      "properties": {
        "内容": "バス停: 農協庄東支店前 (加越能バス)",
        "name": "農協庄東支店前",
        "operator": "加越能バス",
        "ref": "",
        "url": "",
        "url2": ""
      }
    },
    {
      "type": "Feature",
      "geometry": {
        "type": "Point",
        "coordinates": [
          137.012045,
          36.6277832
        ]
      },
      "properties": {
        "内容": "バス停: 庄東センター (加越能バス)",
        "name": "庄東センター",
        "operator": "加越能バス",
        "ref": "",
        "url": "",
        "url2": ""
      }
    },
    {
      "type": "Feature",
      "geometry": {
        "type": "Point",
        "coordinates": [
          136.9982628,
          36.6296971
        ]
      },
      "properties": {
        "内容": "バス停: 太田橋詰 (加越能バス)",
        "name": "太田橋詰",
        "operator": "加越能バス",
        "ref": "",
        "url": "",
        "url2": ""
      }
    },
    {
      "type": "Feature",
      "geometry": {
        "type": "Point",
        "coordinates": [
          136.9985565,
          36.6298423
        ]
      },
      "properties": {
        "内容": "バス停: 太田橋詰 (加越能バス)",
        "name": "太田橋詰",
        "operator": "加越能バス",
        "ref": "",
        "url": "",
        "url2": ""
      }
    },
    {
      "type": "Feature",
      "geometry": {
        "type": "Point",
        "coordinates": [
          136.9942631,
          36.6297842
        ]
      },
      "properties": {
        "内容": "バス停: 東太田 (加越能バス)",
        "name": "東太田",
        "operator": "加越能バス",
        "ref": "",
        "url": "",
        "url2": ""
      }
    },
    {
      "type": "Feature",
      "geometry": {
        "type": "Point",
        "coordinates": [
          136.9947757,
          36.6298368
        ]
      },
      "properties": {
        "内容": "バス停: 東太田 (加越能バス)",
        "name": "東太田",
        "operator": "加越能バス",
        "ref": "",
        "url": "",
        "url2": ""
      }
    },
    {
      "type": "Feature",
      "geometry": {
        "type": "Point",
        "coordinates": [
          136.9906581,
          36.6301624
        ]
      },
      "properties": {
        "内容": "バス停: 太田 (加越能バス)",
        "name": "太田",
        "operator": "加越能バス",
        "ref": "",
        "url": "",
        "url2": ""
      }
    },
    {
      "type": "Feature",
      "geometry": {
        "type": "Point",
        "coordinates": [
          136.9813078,
          36.6317186
        ]
      },
      "properties": {
        "内容": "バス停: 東矢木 (加越能バス)",
        "name": "東矢木",
        "operator": "加越能バス",
        "ref": "",
        "url": "",
        "url2": ""
      }
    },
    {
      "type": "Feature",
      "geometry": {
        "type": "Point",
        "coordinates": [
          136.977445,
          36.6335309
        ]
      },
      "properties": {
        "内容": "バス停: 矢木団地前 (加越能バス)",
        "name": "矢木団地前",
        "operator": "加越能バス",
        "ref": "",
        "url": "",
        "url2": ""
      }
    },
    {
      "type": "Feature",
      "geometry": {
        "type": "Point",
        "coordinates": [
          136.9729133,
          36.6344436
        ]
      },
      "properties": {
        "内容": "バス停: 矢木 (加越能バス)",
        "name": "矢木",
        "operator": "加越能バス",
        "ref": "",
        "url": "",
        "url2": ""
      }
    },
    {
      "type": "Feature",
      "geometry": {
        "type": "Point",
        "coordinates": [
          136.9645316,
          36.6369362
        ]
      },
      "properties": {
        "内容": "バス停: 高道 (加越能バス)",
        "name": "高道",
        "operator": "加越能バス",
        "ref": "",
        "url": "",
        "url2": ""
      }
    },
    {
      "type": "Feature",
      "geometry": {
        "type": "Point",
        "coordinates": [
          136.9644976,
          36.6370966
        ]
      },
      "properties": {
        "内容": "バス停: 高道 (加越能バス)",
        "name": "高道",
        "operator": "加越能バス",
        "ref": "",
        "url": "",
        "url2": ""
      }
    },
    {
      "type": "Feature",
      "geometry": {
        "type": "Point",
        "coordinates": [
          136.9617825,
          36.6305097
        ]
      },
      "properties": {
        "内容": "バス停: ユニクロ前 (加越能バス)",
        "name": "ユニクロ前",
        "operator": "加越能バス",
        "ref": "",
        "url": "",
        "url2": ""
      }
    },
    {
      "type": "Feature",
      "geometry": {
        "type": "Point",
        "coordinates": [
          136.9615907,
          36.6304893
        ]
      },
      "properties": {
        "内容": "バス停: ユニクロ前 (加越能バス)",
        "name": "ユニクロ前",
        "operator": "加越能バス",
        "ref": "",
        "url": "",
        "url2": ""
      }
    },
    {
      "type": "Feature",
      "geometry": {
        "type": "Point",
        "coordinates": [
          136.9596003,
          36.6296695
        ]
      },
      "properties": {
        "内容": "バス停: 太郎丸三丁目 (加越能バス)",
        "name": "太郎丸三丁目",
        "operator": "加越能バス",
        "ref": "",
        "url": "",
        "url2": ""
      }
    },
    {
      "type": "Feature",
      "geometry": {
        "type": "Point",
        "coordinates": [
          136.9596418,
          36.6298302
        ]
      },
      "properties": {
        "内容": "バス停: 太郎丸三丁目 (加越能バス)",
        "name": "太郎丸三丁目",
        "operator": "加越能バス",
        "ref": "",
        "url": "",
        "url2": ""
      }
    },
    {
      "type": "Feature",
      "geometry": {
        "type": "Point",
        "coordinates": [
          136.9511954,
          36.6373868
        ]
      },
      "properties": {
        "内容": "バス停: 本町中央 (加越能バス)",
        "name": "本町中央",
        "operator": "加越能バス",
        "ref": "",
        "url": "",
        "url2": ""
      }
    },
    {
      "type": "Feature",
      "geometry": {
        "type": "Point",
        "coordinates": [
          136.9514811,
          36.6371113
        ]
      },
      "properties": {
        "内容": "バス停: 本町中央 (加越能バス)",
        "name": "本町中央",
        "operator": "加越能バス",
        "ref": "",
        "url": "",
        "url2": ""
      }
    },
    {
      "type": "Feature",
      "geometry": {
        "type": "Point",
        "coordinates": [
          136.9503023,
          36.6385835
        ]
      },
      "properties": {
        "内容": "バス停: 新富町南 (加越能バス)",
        "name": "新富町南",
        "operator": "加越能バス",
        "ref": "",
        "url": "",
        "url2": ""
      }
    },
    {
      "type": "Feature",
      "geometry": {
        "type": "Point",
        "coordinates": [
          136.9502123,
          36.6387885
        ]
      },
      "properties": {
        "内容": "バス停: 新富町南 (加越能バス)",
        "name": "新富町南",
        "operator": "加越能バス",
        "ref": "",
        "url": "",
        "url2": ""
      }
    },
    {
      "type": "Feature",
      "geometry": {
        "type": "Point",
        "coordinates": [
          136.9570959,
          36.6447416
        ]
      },
      "properties": {
        "内容": "バス停: 寿町 (加越能バス)",
        "name": "寿町",
        "operator": "加越能バス",
        "ref": "",
        "url": "",
        "url2": ""
      }
    },
    {
      "type": "Feature",
      "geometry": {
        "type": "Point",
        "coordinates": [
          136.9569199,
          36.6445812
        ]
      },
      "properties": {
        "内容": "バス停: 寿町 (加越能バス)",
        "name": "寿町",
        "operator": "加越能バス",
        "ref": "",
        "url": "",
        "url2": ""
      }
    },
    {
      "type": "Feature",
      "geometry": {
        "type": "Point",
        "coordinates": [
          136.9490132,
          36.6409332
        ]
      },
      "properties": {
        "内容": "バス停: イオンモールとなみ前 (加越能バス)",
        "name": "イオンモールとなみ前",
        "operator": "加越能バス",
        "ref": "",
        "url": "",
        "url2": ""
      }
    },
    {
      "type": "Feature",
      "geometry": {
        "type": "Point",
        "coordinates": [
          136.9485261,
          36.6407989
        ]
      },
      "properties": {
        "内容": "バス停: イオンモールとなみ前 (加越能バス)",
        "name": "イオンモールとなみ前",
        "operator": "加越能バス",
        "ref": "",
        "url": "",
        "url2": ""
      }
    },
    {
      "type": "Feature",
      "geometry": {
        "type": "Point",
        "coordinates": [
          136.9433896,
          36.6423317
        ]
      },
      "properties": {
        "内容": "バス停: 林口 (加越能バス)",
        "name": "林口",
        "operator": "加越能バス",
        "ref": "",
        "url": "",
        "url2": ""
      }
    },
    {
      "type": "Feature",
      "geometry": {
        "type": "Point",
        "coordinates": [
          136.9391636,
          36.6445868
        ]
      },
      "properties": {
        "内容": "バス停: 砺波自動車学校前 (加越能バス)",
        "name": "砺波自動車学校前",
        "operator": "加越能バス",
        "ref": "",
        "url": "",
        "url2": ""
      }
    },
    {
      "type": "Feature",
      "geometry": {
        "type": "Point",
        "coordinates": [
          136.9336929,
          36.648047
        ]
      },
      "properties": {
        "内容": "バス停: 神島 (加越能バス)",
        "name": "神島",
        "operator": "加越能バス",
        "ref": "",
        "url": "",
        "url2": ""
      }
    },
    {
      "type": "Feature",
      "geometry": {
        "type": "Point",
        "coordinates": [
          136.9264542,
          36.6509641
        ]
      },
      "properties": {
        "内容": "バス停: 狐島 (加越能バス)",
        "name": "狐島",
        "operator": "加越能バス",
        "ref": "",
        "url": "",
        "url2": ""
      }
    },
    {
      "type": "Feature",
      "geometry": {
        "type": "Point",
        "coordinates": [
          136.9226662,
          36.6526085
        ]
      },
      "properties": {
        "内容": "バス停: 若林農協前 (加越能バス)",
        "name": "若林農協前",
        "operator": "加越能バス",
        "ref": "",
        "url": "",
        "url2": ""
      }
    },
    {
      "type": "Feature",
      "geometry": {
        "type": "Point",
        "coordinates": [
          136.9129512,
          36.6559095
        ]
      },
      "properties": {
        "内容": "バス停: 西中 (加越能バス)",
        "name": "西中",
        "operator": "加越能バス",
        "ref": "",
        "url": "",
        "url2": ""
      }
    },
    {
      "type": "Feature",
      "geometry": {
        "type": "Point",
        "coordinates": [
          136.9082952,
          36.6574011
        ]
      },
      "properties": {
        "内容": "バス停: 小矢部園芸高校前 (加越能バス)",
        "name": "小矢部園芸高校前",
        "operator": "加越能バス",
        "ref": "",
        "url": "",
        "url2": ""
      }
    },
    {
      "type": "Feature",
      "geometry": {
        "type": "Point",
        "coordinates": [
          136.9028395,
          36.6601413
        ]
      },
      "properties": {
        "内容": "バス停: 金屋本江 (加越能バス)",
        "name": "金屋本江",
        "operator": "加越能バス",
        "ref": "",
        "url": "",
        "url2": ""
      }
    },
    {
      "type": "Feature",
      "geometry": {
        "type": "Point",
        "coordinates": [
          136.8866636,
          36.6625986
        ]
      },
      "properties": {
        "内容": "バス停: 赤倉 (加越能バス)",
        "name": "赤倉",
        "operator": "加越能バス",
        "ref": "",
        "url": "",
        "url2": ""
      }
    },
    {
      "type": "Feature",
      "geometry": {
        "type": "Point",
        "coordinates": [
          136.8788509,
          36.6667951
        ]
      },
      "properties": {
        "内容": "バス停: 鷲ケ島 (加越能バス)",
        "name": "鷲ケ島",
        "operator": "加越能バス",
        "ref": "",
        "url": "",
        "url2": ""
      }
    },
    {
      "type": "Feature",
      "geometry": {
        "type": "Point",
        "coordinates": [
          136.8793596,
          36.6666329
        ]
      },
      "properties": {
        "内容": "バス停: 鷲ケ島 (加越能バス)",
        "name": "鷲ケ島",
        "operator": "加越能バス",
        "ref": "",
        "url": "",
        "url2": ""
      }
    },
    {
      "type": "Feature",
      "geometry": {
        "type": "Point",
        "coordinates": [
          136.8742752,
          36.6693892
        ]
      },
      "properties": {
        "内容": "バス停: 松沢 (加越能バス)",
        "name": "松沢",
        "operator": "加越能バス",
        "ref": "",
        "url": "",
        "url2": ""
      }
    },
    {
      "type": "Feature",
      "geometry": {
        "type": "Point",
        "coordinates": [
          136.8743594,
          36.6694528
        ]
      },
      "properties": {
        "内容": "バス停: 松沢 (加越能バス)",
        "name": "松沢",
        "operator": "加越能バス",
        "ref": "",
        "url": "",
        "url2": ""
      }
    },
    {
      "type": "Feature",
      "geometry": {
        "type": "Point",
        "coordinates": [
          136.8713547,
          36.6719823
        ]
      },
      "properties": {
        "内容": "バス停: 泉町 (加越能バス)",
        "name": "泉町",
        "operator": "加越能バス",
        "ref": "",
        "url": "",
        "url2": ""
      }
    },
    {
      "type": "Feature",
      "geometry": {
        "type": "Point",
        "coordinates": [
          136.8714255,
          36.6720695
        ]
      },
      "properties": {
        "内容": "バス停: 泉町 (加越能バス)",
        "name": "泉町",
        "operator": "加越能バス",
        "ref": "",
        "url": "",
        "url2": ""
      }
    },
    {
      "type": "Feature",
      "geometry": {
        "type": "Point",
        "coordinates": [
          136.8658682,
          36.6720535
        ]
      },
      "properties": {
        "内容": "バス停: 石動駅南口 (加越能バス)",
        "name": "石動駅南口",
        "operator": "加越能バス",
        "ref": "",
        "url": "",
        "url2": ""
      }
    },
    {
      "type": "Feature",
      "geometry": {
        "type": "Point",
        "coordinates": [
          136.8655716,
          36.6702746
        ]
      },
      "properties": {
        "内容": "バス停: ハローワーク小矢部前 (加越能バス)",
        "name": "ハローワーク小矢部前",
        "operator": "加越能バス",
        "ref": "",
        "url": "",
        "url2": ""
      }
    },
    {
      "type": "Feature",
      "geometry": {
        "type": "Point",
        "coordinates": [
          136.8651773,
          36.670242
        ]
      },
      "properties": {
        "内容": "バス停: ハローワーク小矢部前 (加越能バス)",
        "name": "ハローワーク小矢部前",
        "operator": "加越能バス",
        "ref": "",
        "url": "",
        "url2": ""
      }
    },
    {
      "type": "Feature",
      "geometry": {
        "type": "Point",
        "coordinates": [
          136.8649466,
          36.6642552
        ]
      },
      "properties": {
        "内容": "バス停: 綾子 (加越能バス)",
        "name": "綾子",
        "operator": "加越能バス",
        "ref": "",
        "url": "",
        "url2": ""
      }
    },
    {
      "type": "Feature",
      "geometry": {
        "type": "Point",
        "coordinates": [
          136.8648058,
          36.6644168
        ]
      },
      "properties": {
        "内容": "バス停: 綾子 (加越能バス)",
        "name": "綾子",
        "operator": "加越能バス",
        "ref": "",
        "url": "",
        "url2": ""
      }
    },
    {
      "type": "Feature",
      "geometry": {
        "type": "Point",
        "coordinates": [
          136.8665565,
          36.6529371
        ]
      },
      "properties": {
        "内容": "バス停: 四日町 (加越能バス)",
        "name": "四日町",
        "operator": "加越能バス",
        "ref": "",
        "url": "",
        "url2": ""
      }
    },
    {
      "type": "Feature",
      "geometry": {
        "type": "Point",
        "coordinates": [
          136.8663626,
          36.6530141
        ]
      },
      "properties": {
        "内容": "バス停: 四日町 (加越能バス)",
        "name": "四日町",
        "operator": "加越能バス",
        "ref": "",
        "url": "",
        "url2": ""
      }
    },
    {
      "type": "Feature",
      "geometry": {
        "type": "Point",
        "coordinates": [
          136.8696427,
          36.6451505
        ]
      },
      "properties": {
        "内容": "バス停: 次郎島 (加越能バス)",
        "name": "次郎島",
        "operator": "加越能バス",
        "ref": "",
        "url": "",
        "url2": ""
      }
    },
    {
      "type": "Feature",
      "geometry": {
        "type": "Point",
        "coordinates": [
          136.8696575,
          36.6449613
        ]
      },
      "properties": {
        "内容": "バス停: 次郎島 (加越能バス)",
        "name": "次郎島",
        "operator": "加越能バス",
        "ref": "",
        "url": "",
        "url2": ""
      }
    },
    {
      "type": "Feature",
      "geometry": {
        "type": "Point",
        "coordinates": [
          136.8765017,
          36.6360126
        ]
      },
      "properties": {
        "内容": "バス停: 薮波 (加越能バス)",
        "name": "薮波",
        "operator": "加越能バス",
        "ref": "",
        "url": "",
        "url2": ""
      }
    },
    {
      "type": "Feature",
      "geometry": {
        "type": "Point",
        "coordinates": [
          136.8759208,
          36.6358735
        ]
      },
      "properties": {
        "内容": "バス停: 薮波 (加越能バス)",
        "name": "薮波",
        "operator": "加越能バス",
        "ref": "",
        "url": "",
        "url2": ""
      }
    },
    {
      "type": "Feature",
      "geometry": {
        "type": "Point",
        "coordinates": [
          136.8892126,
          36.6371373
        ]
      },
      "properties": {
        "内容": "バス停: 経田 (加越能バス)",
        "name": "経田",
        "operator": "加越能バス",
        "ref": "",
        "url": "",
        "url2": ""
      }
    },
    {
      "type": "Feature",
      "geometry": {
        "type": "Point",
        "coordinates": [
          136.8885316,
          36.6373469
        ]
      },
      "properties": {
        "内容": "バス停: 経田 (加越能バス)",
        "name": "経田",
        "operator": "加越能バス",
        "ref": "",
        "url": "",
        "url2": ""
      }
    },
    {
      "type": "Feature",
      "geometry": {
        "type": "Point",
        "coordinates": [
          136.8953319,
          36.6283375
        ]
      },
      "properties": {
        "内容": "バス停: 新西 (加越能バス)",
        "name": "新西",
        "operator": "加越能バス",
        "ref": "",
        "url": "",
        "url2": ""
      }
    },
    {
      "type": "Feature",
      "geometry": {
        "type": "Point",
        "coordinates": [
          136.894214,
          36.6298028
        ]
      },
      "properties": {
        "内容": "バス停: 新西 (加越能バス)",
        "name": "新西",
        "operator": "加越能バス",
        "ref": "",
        "url": "",
        "url2": ""
      }
    },
    {
      "type": "Feature",
      "geometry": {
        "type": "Point",
        "coordinates": [
          136.8955245,
          36.6259396
        ]
      },
      "properties": {
        "内容": "バス停: 津沢小学校前 (加越能バス)",
        "name": "津沢小学校前",
        "operator": "加越能バス",
        "ref": "",
        "url": "",
        "url2": ""
      }
    },
    {
      "type": "Feature",
      "geometry": {
        "type": "Point",
        "coordinates": [
          136.8967824,
          36.6238379
        ]
      },
      "properties": {
        "内容": "バス停: 津沢中央 (加越能バス)",
        "name": "津沢中央",
        "operator": "加越能バス",
        "ref": "",
        "url": "",
        "url2": ""
      }
    },
    {
      "type": "Feature",
      "geometry": {
        "type": "Point",
        "coordinates": [
          136.9002494,
          36.6236147
        ]
      },
      "properties": {
        "内容": "バス停: 津沢町 (加越能バス)",
        "name": "津沢町",
        "operator": "加越能バス",
        "ref": "",
        "url": "",
        "url2": ""
      }
    },
    {
      "type": "Feature",
      "geometry": {
        "type": "Point",
        "coordinates": [
          136.9001626,
          36.6235442
        ]
      },
      "properties": {
        "内容": "バス停: 津沢町 (加越能バス)",
        "name": "津沢町",
        "operator": "加越能バス",
        "ref": "",
        "url": "",
        "url2": ""
      }
    },
    {
      "type": "Feature",
      "geometry": {
        "type": "Point",
        "coordinates": [
          136.9055601,
          36.6227092
        ]
      },
      "properties": {
        "内容": "バス停: となみ野高校前 (加越能バス)",
        "name": "となみ野高校前",
        "operator": "加越能バス",
        "ref": "",
        "url": "",
        "url2": ""
      }
    },
    {
      "type": "Feature",
      "geometry": {
        "type": "Point",
        "coordinates": [
          136.9050198,
          36.6228577
        ]
      },
      "properties": {
        "内容": "バス停: となみ野高校前 (加越能バス)",
        "name": "となみ野高校前",
        "operator": "加越能バス",
        "ref": "",
        "url": "",
        "url2": ""
      }
    },
    {
      "type": "Feature",
      "geometry": {
        "type": "Point",
        "coordinates": [
          136.909731,
          36.6174228
        ]
      },
      "properties": {
        "内容": "バス停: 本江口 (加越能バス)",
        "name": "本江口",
        "operator": "加越能バス",
        "ref": "",
        "url": "",
        "url2": ""
      }
    },
    {
      "type": "Feature",
      "geometry": {
        "type": "Point",
        "coordinates": [
          136.9116988,
          36.6141347
        ]
      },
      "properties": {
        "内容": "バス停: 本江 (加越能バス)",
        "name": "本江",
        "operator": "加越能バス",
        "ref": "",
        "url": "",
        "url2": ""
      }
    },
    {
      "type": "Feature",
      "geometry": {
        "type": "Point",
        "coordinates": [
          136.911409,
          36.6142964
        ]
      },
      "properties": {
        "内容": "バス停: 本江 (加越能バス)",
        "name": "本江",
        "operator": "加越能バス",
        "ref": "",
        "url": "",
        "url2": ""
      }
    },
    {
      "type": "Feature",
      "geometry": {
        "type": "Point",
        "coordinates": [
          136.9131416,
          36.6100186
        ]
      },
      "properties": {
        "内容": "バス停: 野尻北口 (加越能バス)",
        "name": "野尻北口",
        "operator": "加越能バス",
        "ref": "",
        "url": "",
        "url2": ""
      }
    },
    {
      "type": "Feature",
      "geometry": {
        "type": "Point",
        "coordinates": [
          136.9142388,
          36.6047749
        ]
      },
      "properties": {
        "内容": "バス停: 野尻 (加越能バス)",
        "name": "野尻",
        "operator": "加越能バス",
        "ref": "",
        "url": "",
        "url2": ""
      }
    },
    {
      "type": "Feature",
      "geometry": {
        "type": "Point",
        "coordinates": [
          136.9141194,
          36.6052163
        ]
      },
      "properties": {
        "内容": "バス停: 野尻 (加越能バス)",
        "name": "野尻",
        "operator": "加越能バス",
        "ref": "",
        "url": "",
        "url2": ""
      }
    },
    {
      "type": "Feature",
      "geometry": {
        "type": "Point",
        "coordinates": [
          136.9167787,
          36.5976503
        ]
      },
      "properties": {
        "内容": "バス停: 二日町 (加越能バス)",
        "name": "二日町",
        "operator": "加越能バス",
        "ref": "",
        "url": "",
        "url2": ""
      }
    },
    {
      "type": "Feature",
      "geometry": {
        "type": "Point",
        "coordinates": [
          136.9169056,
          36.5974759
        ]
      },
      "properties": {
        "内容": "バス停: 二日町 (加越能バス)",
        "name": "二日町",
        "operator": "加越能バス",
        "ref": "",
        "url": "",
        "url2": ""
      }
    },
    {
      "type": "Feature",
      "geometry": {
        "type": "Point",
        "coordinates": [
          136.9213638,
          36.5965582
        ]
      },
      "properties": {
        "内容": "バス停: 福野北口 (加越能バス)",
        "name": "福野北口",
        "operator": "加越能バス",
        "ref": "",
        "url": "",
        "url2": ""
      }
    },
    {
      "type": "Feature",
      "geometry": {
        "type": "Point",
        "coordinates": [
          136.9229037,
          36.5946903
        ]
      },
      "properties": {
        "内容": "バス停: 福野産業文化会館前 (加越能バス)",
        "name": "福野産業文化会館前",
        "operator": "加越能バス",
        "ref": "",
        "url": "",
        "url2": ""
      }
    },
    {
      "type": "Feature",
      "geometry": {
        "type": "Point",
        "coordinates": [
          136.9228185,
          36.5948099
        ]
      },
      "properties": {
        "内容": "バス停: 福野産業文化会館前 (加越能バス)",
        "name": "福野産業文化会館前",
        "operator": "加越能バス",
        "ref": "",
        "url": "",
        "url2": ""
      }
    },
    {
      "type": "Feature",
      "geometry": {
        "type": "Point",
        "coordinates": [
          136.9202584,
          36.5919067
        ]
      },
      "properties": {
        "内容": "バス停: 福野 (加越能バス)",
        "name": "福野",
        "operator": "加越能バス",
        "ref": "",
        "url": "",
        "url2": ""
      }
    },
    {
      "type": "Feature",
      "geometry": {
        "type": "Point",
        "coordinates": [
          136.9200045,
          36.5917028
        ]
      },
      "properties": {
        "内容": "バス停: 福野 (加越能バス)",
        "name": "福野",
        "operator": "加越能バス",
        "ref": "",
        "url": "",
        "url2": ""
      }
    },
    {
      "type": "Feature",
      "geometry": {
        "type": "Point",
        "coordinates": [
          136.9230912,
          36.5889408
        ]
      },
      "properties": {
        "内容": "バス停: 福野駅前 (加越能バス)",
        "name": "福野駅前",
        "operator": "加越能バス",
        "ref": "",
        "url": "",
        "url2": ""
      }
    },
    {
      "type": "Feature",
      "geometry": {
        "type": "Point",
        "coordinates": [
          136.9226151,
          36.5888309
        ]
      },
      "properties": {
        "内容": "バス停: 福野駅前 (加越能バス)",
        "name": "福野駅前",
        "operator": "加越能バス",
        "ref": "",
        "url": "",
        "url2": ""
      }
    },
    {
      "type": "Feature",
      "geometry": {
        "type": "Point",
        "coordinates": [
          136.9266842,
          36.5885633
        ]
      },
      "properties": {
        "内容": "バス停: 福野高校前 (加越能バス)",
        "name": "福野高校前",
        "operator": "加越能バス",
        "ref": "",
        "url": "",
        "url2": ""
      }
    },
    {
      "type": "Feature",
      "geometry": {
        "type": "Point",
        "coordinates": [
          136.9280077,
          36.5875039
        ]
      },
      "properties": {
        "内容": "バス停: 福野高校前 (加越能バス)",
        "name": "福野高校前",
        "operator": "加越能バス",
        "ref": "",
        "url": "",
        "url2": ""
      }
    },
    {
      "type": "Feature",
      "geometry": {
        "type": "Point",
        "coordinates": [
          136.9381695,
          36.5812489
        ]
      },
      "properties": {
        "内容": "バス停: 焼野 (加越能バス)",
        "name": "焼野",
        "operator": "加越能バス",
        "ref": "",
        "url": "",
        "url2": ""
      }
    },
    {
      "type": "Feature",
      "geometry": {
        "type": "Point",
        "coordinates": [
          136.9368257,
          36.5818875
        ]
      },
      "properties": {
        "内容": "バス停: 焼野 (加越能バス)",
        "name": "焼野",
        "operator": "加越能バス",
        "ref": "",
        "url": "",
        "url2": ""
      }
    },
    {
      "type": "Feature",
      "geometry": {
        "type": "Point",
        "coordinates": [
          136.9406149,
          36.5798216
        ]
      },
      "properties": {
        "内容": "バス停: 焼野公民館前 (加越能バス)",
        "name": "焼野公民館前",
        "operator": "加越能バス",
        "ref": "",
        "url": "",
        "url2": ""
      }
    },
    {
      "type": "Feature",
      "geometry": {
        "type": "Point",
        "coordinates": [
          136.9406849,
          36.5796835
        ]
      },
      "properties": {
        "内容": "バス停: 焼野公民館前 (加越能バス)",
        "name": "焼野公民館前",
        "operator": "加越能バス",
        "ref": "",
        "url": "",
        "url2": ""
      }
    },
    {
      "type": "Feature",
      "geometry": {
        "type": "Point",
        "coordinates": [
          136.9501608,
          36.5750567
        ]
      },
      "properties": {
        "内容": "バス停: 高瀬神社前 (加越能バス)",
        "name": "高瀬神社前",
        "operator": "加越能バス",
        "ref": "",
        "url": "",
        "url2": ""
      }
    },
    {
      "type": "Feature",
      "geometry": {
        "type": "Point",
        "coordinates": [
          136.9493505,
          36.5750371
        ]
      },
      "properties": {
        "内容": "バス停: 高瀬神社前 (加越能バス)",
        "name": "高瀬神社前",
        "operator": "加越能バス",
        "ref": "",
        "url": "",
        "url2": ""
      }
    },
    {
      "type": "Feature",
      "geometry": {
        "type": "Point",
        "coordinates": [
          136.9566952,
          36.5742099
        ]
      },
      "properties": {
        "内容": "バス停: 勧学院 (加越能バス)",
        "name": "勧学院",
        "operator": "加越能バス",
        "ref": "",
        "url": "",
        "url2": ""
      }
    },
    {
      "type": "Feature",
      "geometry": {
        "type": "Point",
        "coordinates": [
          136.957176,
          36.5740433
        ]
      },
      "properties": {
        "内容": "バス停: 勧学院 (加越能バス)",
        "name": "勧学院",
        "operator": "加越能バス",
        "ref": "",
        "url": "",
        "url2": ""
      }
    },
    {
      "type": "Feature",
      "geometry": {
        "type": "Point",
        "coordinates": [
          136.9660421,
          36.572287
        ]
      },
      "properties": {
        "内容": "バス停: 坪野 (加越能バス)",
        "name": "坪野",
        "operator": "加越能バス",
        "ref": "",
        "url": "",
        "url2": ""
      }
    },
    {
      "type": "Feature",
      "geometry": {
        "type": "Point",
        "coordinates": [
          136.9662059,
          36.5721766
        ]
      },
      "properties": {
        "内容": "バス停: 坪野 (加越能バス)",
        "name": "坪野",
        "operator": "加越能バス",
        "ref": "",
        "url": "",
        "url2": ""
      }
    },
    {
      "type": "Feature",
      "geometry": {
        "type": "Point",
        "coordinates": [
          136.971836,
          36.5689992
        ]
      },
      "properties": {
        "内容": "バス停: 北川 (加越能バス)",
        "name": "北川",
        "operator": "加越能バス",
        "ref": "",
        "url": "",
        "url2": ""
      }
    },
    {
      "type": "Feature",
      "geometry": {
        "type": "Point",
        "coordinates": [
          136.972003,
          36.5689006
        ]
      },
      "properties": {
        "内容": "バス停: 北川 (加越能バス)",
        "name": "北川",
        "operator": "加越能バス",
        "ref": "",
        "url": "",
        "url2": ""
      }
    },
    {
      "type": "Feature",
      "geometry": {
        "type": "Point",
        "coordinates": [
          137.2142547,
          36.7020597
        ]
      },
      "properties": {
        "内容": "バス停: 富山駅北口",
        "name": "富山駅北口",
        "operator": "事業者不明",
        "ref": "",
        "url": "",
        "url2": ""
      }
    },
    {
      "type": "Feature",
      "geometry": {
        "type": "Point",
        "coordinates": [
          137.2142863,
          36.7022312
        ]
      },
      "properties": {
        "内容": "バス停: 富山駅北口",
        "name": "富山駅北口",
        "operator": "事業者不明",
        "ref": "",
        "url": "",
        "url2": ""
      }
    },
    {
      "type": "Feature",
      "geometry": {
        "type": "Point",
        "coordinates": [
          137.2140858,
          36.7019226
        ]
      },
      "properties": {
        "内容": "バス停: 富山駅北口",
        "name": "富山駅北口",
        "operator": "事業者不明",
        "ref": "",
        "url": "",
        "url2": ""
      }
    },
    {
      "type": "Feature",
      "geometry": {
        "type": "Point",
        "coordinates": [
          137.2132167,
          36.6996543
        ]
      },
      "properties": {
        "内容": "バス停: 富山駅前 (富山地方鉄道)",
        "name": "富山駅前",
        "operator": "富山地方鉄道",
        "ref": "",
        "url": "",
        "url2": ""
      }
    },
    {
      "type": "Feature",
      "geometry": {
        "type": "Point",
        "coordinates": [
          137.2136231,
          36.7005653
        ]
      },
      "properties": {
        "内容": "バス停: 富山駅前",
        "name": "富山駅前",
        "operator": "事業者不明",
        "ref": "",
        "url": "",
        "url2": ""
      }
    },
    {
      "type": "Feature",
      "geometry": {
        "type": "Point",
        "coordinates": [
          137.2136311,
          36.7007554
        ]
      },
      "properties": {
        "内容": "バス停: 富山駅前",
        "name": "富山駅前",
        "operator": "事業者不明",
        "ref": "",
        "url": "",
        "url2": ""
      }
    },
    {
      "type": "Feature",
      "geometry": {
        "type": "Point",
        "coordinates": [
          137.213558,
          36.7009038
        ]
      },
      "properties": {
        "内容": "バス停: 富山駅前",
        "name": "富山駅前",
        "operator": "事業者不明",
        "ref": "",
        "url": "",
        "url2": ""
      }
    },
    {
      "type": "Feature",
      "geometry": {
        "type": "Point",
        "coordinates": [
          137.2557185,
          36.7375902
        ]
      },
      "properties": {
        "内容": "バス停: 済生会病院 (富山地方鉄道)",
        "name": "済生会病院",
        "operator": "富山地方鉄道",
        "ref": "",
        "url": "",
        "url2": ""
      }
    },
    {
      "type": "Feature",
      "geometry": {
        "type": "Point",
        "coordinates": [
          136.8821208,
          36.400914
        ]
      },
      "properties": {
        "内容": "バス停: 五箇山菅沼",
        "name": "五箇山菅沼",
        "operator": "事業者不明",
        "ref": "",
        "url": "",
        "url2": ""
      }
    },
    {
      "type": "Feature",
      "geometry": {
        "type": "Point",
        "coordinates": [
          137.0158598,
          36.7421598
        ]
      },
      "properties": {
        "内容": "バス停: 高岡駅前",
        "name": "高岡駅前",
        "operator": "事業者不明",
        "ref": "",
        "url": "",
        "url2": ""
      }
    },
    {
      "type": "Feature",
      "geometry": {
        "type": "Point",
        "coordinates": [
          137.1887079,
          36.7008491
        ]
      },
      "properties": {
        "内容": "バス停: 富山大学前",
        "name": "富山大学前",
        "operator": "事業者不明",
        "ref": "",
        "url": "",
        "url2": ""
      }
    },
    {
      "type": "Feature",
      "geometry": {
        "type": "Point",
        "coordinates": [
          137.1836431,
          36.6990159
        ]
      },
      "properties": {
        "内容": "バス停: 五福九区",
        "name": "五福九区",
        "operator": "事業者不明",
        "ref": "",
        "url": "",
        "url2": ""
      }
    },
    {
      "type": "Feature",
      "geometry": {
        "type": "Point",
        "coordinates": [
          137.1833277,
          36.6989066
        ]
      },
      "properties": {
        "内容": "バス停: 五福九区",
        "name": "五福九区",
        "operator": "事業者不明",
        "ref": "",
        "url": "",
        "url2": ""
      }
    },
    {
      "type": "Feature",
      "geometry": {
        "type": "Point",
        "coordinates": [
          137.1786876,
          36.6978515
        ]
      },
      "properties": {
        "内容": "バス停: 西富山",
        "name": "西富山",
        "operator": "事業者不明",
        "ref": "",
        "url": "",
        "url2": ""
      }
    },
    {
      "type": "Feature",
      "geometry": {
        "type": "Point",
        "coordinates": [
          137.178496,
          36.6979342
        ]
      },
      "properties": {
        "内容": "バス停: 西富山",
        "name": "西富山",
        "operator": "事業者不明",
        "ref": "",
        "url": "",
        "url2": ""
      }
    },
    {
      "type": "Feature",
      "geometry": {
        "type": "Point",
        "coordinates": [
          137.1757325,
          36.6967033
        ]
      },
      "properties": {
        "内容": "バス停: 寺町",
        "name": "寺町",
        "operator": "事業者不明",
        "ref": "",
        "url": "",
        "url2": ""
      }
    },
    {
      "type": "Feature",
      "geometry": {
        "type": "Point",
        "coordinates": [
          137.1754875,
          36.6967508
        ]
      },
      "properties": {
        "内容": "バス停: 寺町",
        "name": "寺町",
        "operator": "事業者不明",
        "ref": "",
        "url": "",
        "url2": ""
      }
    },
    {
      "type": "Feature",
      "geometry": {
        "type": "Point",
        "coordinates": [
          137.1687789,
          36.6928162
        ]
      },
      "properties": {
        "内容": "バス停: 金屋口",
        "name": "金屋口",
        "operator": "事業者不明",
        "ref": "",
        "url": "",
        "url2": ""
      }
    },
    {
      "type": "Feature",
      "geometry": {
        "type": "Point",
        "coordinates": [
          137.1695995,
          36.6934389
        ]
      },
      "properties": {
        "内容": "バス停: 金屋口",
        "name": "金屋口",
        "operator": "事業者不明",
        "ref": "",
        "url": "",
        "url2": ""
      }
    },
    {
      "type": "Feature",
      "geometry": {
        "type": "Point",
        "coordinates": [
          137.166442,
          36.691208
        ]
      },
      "properties": {
        "内容": "バス停: 金屋",
        "name": "金屋",
        "operator": "事業者不明",
        "ref": "",
        "url": "",
        "url2": ""
      }
    },
    {
      "type": "Feature",
      "geometry": {
        "type": "Point",
        "coordinates": [
          137.1669155,
          36.6916886
        ]
      },
      "properties": {
        "内容": "バス停: 金屋",
        "name": "金屋",
        "operator": "事業者不明",
        "ref": "",
        "url": "",
        "url2": ""
      }
    },
    {
      "type": "Feature",
      "geometry": {
        "type": "Point",
        "coordinates": [
          137.1774996,
          36.7073902
        ]
      },
      "properties": {
        "内容": "バス停: 呉羽山公園",
        "name": "呉羽山公園",
        "operator": "事業者不明",
        "ref": "",
        "url": "",
        "url2": ""
      }
    },
    {
      "type": "Feature",
      "geometry": {
        "type": "Point",
        "coordinates": [
          137.1793246,
          36.7066699
        ]
      },
      "properties": {
        "内容": "バス停: 呉羽山公園",
        "name": "呉羽山公園",
        "operator": "事業者不明",
        "ref": "",
        "url": "",
        "url2": ""
      }
    },
    {
      "type": "Feature",
      "geometry": {
        "type": "Point",
        "coordinates": [
          137.1784954,
          36.7080878
        ]
      },
      "properties": {
        "内容": "バス停: 呉羽山公園",
        "name": "呉羽山公園",
        "operator": "事業者不明",
        "ref": "",
        "url": "",
        "url2": ""
      }
    },
    {
      "type": "Feature",
      "geometry": {
        "type": "Point",
        "coordinates": [
          137.1814374,
          36.714054
        ]
      },
      "properties": {
        "内容": "バス停: 谷野呉山病院前",
        "name": "谷野呉山病院前",
        "operator": "事業者不明",
        "ref": "",
        "url": "",
        "url2": ""
      }
    },
    {
      "type": "Feature",
      "geometry": {
        "type": "Point",
        "coordinates": [
          137.1819313,
          36.7146717
        ]
      },
      "properties": {
        "内容": "バス停: 谷野呉山病院前",
        "name": "谷野呉山病院前",
        "operator": "事業者不明",
        "ref": "",
        "url": "",
        "url2": ""
      }
    },
    {
      "type": "Feature",
      "geometry": {
        "type": "Point",
        "coordinates": [
          137.1832451,
          36.7187364
        ]
      },
      "properties": {
        "内容": "バス停: 北代",
        "name": "北代",
        "operator": "事業者不明",
        "ref": "",
        "url": "",
        "url2": ""
      }
    },
    {
      "type": "Feature",
      "geometry": {
        "type": "Point",
        "coordinates": [
          137.1834154,
          36.7182013
        ]
      },
      "properties": {
        "内容": "バス停: 北代",
        "name": "北代",
        "operator": "事業者不明",
        "ref": "",
        "url": "",
        "url2": ""
      }
    },
    {
      "type": "Feature",
      "geometry": {
        "type": "Point",
        "coordinates": [
          137.1907829,
          36.7088954
        ]
      },
      "properties": {
        "内容": "バス停: 富山市民俗民芸村",
        "name": "富山市民俗民芸村",
        "operator": "事業者不明",
        "ref": "",
        "url": "",
        "url2": ""
      }
    },
    {
      "type": "Feature",
      "geometry": {
        "type": "Point",
        "coordinates": [
          137.1904252,
          36.7068663
        ]
      },
      "properties": {
        "内容": "バス停: 安養坊",
        "name": "安養坊",
        "operator": "事業者不明",
        "ref": "",
        "url": "",
        "url2": ""
      }
    },
    {
      "type": "Feature",
      "geometry": {
        "type": "Point",
        "coordinates": [
          137.1905548,
          36.7069561
        ]
      },
      "properties": {
        "内容": "バス停: 安養坊",
        "name": "安養坊",
        "operator": "事業者不明",
        "ref": "",
        "url": "",
        "url2": ""
      }
    },
    {
      "type": "Feature",
      "geometry": {
        "type": "Point",
        "coordinates": [
          137.1943315,
          36.7047977
        ]
      },
      "properties": {
        "内容": "バス停: 附属学園前",
        "name": "附属学園前",
        "operator": "事業者不明",
        "ref": "",
        "url": "",
        "url2": ""
      }
    },
    {
      "type": "Feature",
      "geometry": {
        "type": "Point",
        "coordinates": [
          137.1952025,
          36.7045863
        ]
      },
      "properties": {
        "内容": "バス停: 附属学園前",
        "name": "附属学園前",
        "operator": "事業者不明",
        "ref": "",
        "url": "",
        "url2": ""
      }
    },
    {
      "type": "Feature",
      "geometry": {
        "type": "Point",
        "coordinates": [
          137.1988007,
          36.7031627
        ]
      },
      "properties": {
        "内容": "バス停: 畑中",
        "name": "畑中",
        "operator": "事業者不明",
        "ref": "",
        "url": "",
        "url2": ""
      }
    },
    {
      "type": "Feature",
      "geometry": {
        "type": "Point",
        "coordinates": [
          137.1983246,
          36.7031326
        ]
      },
      "properties": {
        "内容": "バス停: 畑中",
        "name": "畑中",
        "operator": "事業者不明",
        "ref": "",
        "url": "",
        "url2": ""
      }
    },
    {
      "type": "Feature",
      "geometry": {
        "type": "Point",
        "coordinates": [
          137.2004071,
          36.7090367
        ]
      },
      "properties": {
        "内容": "バス停: 田刈屋",
        "name": "田刈屋",
        "operator": "事業者不明",
        "ref": "",
        "url": "",
        "url2": ""
      }
    },
    {
      "type": "Feature",
      "geometry": {
        "type": "Point",
        "coordinates": [
          137.1992773,
          36.7102477
        ]
      },
      "properties": {
        "内容": "バス停: 石坂",
        "name": "石坂",
        "operator": "事業者不明",
        "ref": "",
        "url": "",
        "url2": ""
      }
    },
    {
      "type": "Feature",
      "geometry": {
        "type": "Point",
        "coordinates": [
          137.1992895,
          36.7106685
        ]
      },
      "properties": {
        "内容": "バス停: 石坂",
        "name": "石坂",
        "operator": "事業者不明",
        "ref": "",
        "url": "",
        "url2": ""
      }
    },
    {
      "type": "Feature",
      "geometry": {
        "type": "Point",
        "coordinates": [
          137.1577804,
          36.682001
        ]
      },
      "properties": {
        "内容": "バス停: 新安田",
        "name": "新安田",
        "operator": "事業者不明",
        "ref": "",
        "url": "",
        "url2": ""
      }
    },
    {
      "type": "Feature",
      "geometry": {
        "type": "Point",
        "coordinates": [
          137.1586392,
          36.6830386
        ]
      },
      "properties": {
        "内容": "バス停: 新安田",
        "name": "新安田",
        "operator": "事業者不明",
        "ref": "",
        "url": "",
        "url2": ""
      }
    },
    {
      "type": "Feature",
      "geometry": {
        "type": "Point",
        "coordinates": [
          137.1576192,
          36.6830402
        ]
      },
      "properties": {
        "内容": "バス停: 新安田",
        "name": "新安田",
        "operator": "事業者不明",
        "ref": "",
        "url": "",
        "url2": ""
      }
    },
    {
      "type": "Feature",
      "geometry": {
        "type": "Point",
        "coordinates": [
          137.1567971,
          36.6809895
        ]
      },
      "properties": {
        "内容": "バス停: 安田",
        "name": "安田",
        "operator": "事業者不明",
        "ref": "",
        "url": "",
        "url2": ""
      }
    },
    {
      "type": "Feature",
      "geometry": {
        "type": "Point",
        "coordinates": [
          137.1565599,
          36.6809132
        ]
      },
      "properties": {
        "内容": "バス停: 安田",
        "name": "安田",
        "operator": "事業者不明",
        "ref": "",
        "url": "",
        "url2": ""
      }
    },
    {
      "type": "Feature",
      "geometry": {
        "type": "Point",
        "coordinates": [
          137.1531695,
          36.6771213
        ]
      },
      "properties": {
        "内容": "バス停: 小泉口",
        "name": "小泉口",
        "operator": "事業者不明",
        "ref": "",
        "url": "",
        "url2": ""
      }
    },
    {
      "type": "Feature",
      "geometry": {
        "type": "Point",
        "coordinates": [
          137.1528482,
          36.676957
        ]
      },
      "properties": {
        "内容": "バス停: 小泉口",
        "name": "小泉口",
        "operator": "事業者不明",
        "ref": "",
        "url": "",
        "url2": ""
      }
    },
    {
      "type": "Feature",
      "geometry": {
        "type": "Point",
        "coordinates": [
          137.1510002,
          36.6750187
        ]
      },
      "properties": {
        "内容": "バス停: 朝日",
        "name": "朝日",
        "operator": "事業者不明",
        "ref": "",
        "url": "",
        "url2": ""
      }
    },
    {
      "type": "Feature",
      "geometry": {
        "type": "Point",
        "coordinates": [
          137.1507991,
          36.6746572
        ]
      },
      "properties": {
        "内容": "バス停: 朝日",
        "name": "朝日",
        "operator": "事業者不明",
        "ref": "",
        "url": "",
        "url2": ""
      }
    },
    {
      "type": "Feature",
      "geometry": {
        "type": "Point",
        "coordinates": [
          137.1401412,
          36.6774303
        ]
      },
      "properties": {
        "内容": "バス停: 附属病院南口",
        "name": "附属病院南口",
        "operator": "事業者不明",
        "ref": "",
        "url": "",
        "url2": ""
      }
    },
    {
      "type": "Feature",
      "geometry": {
        "type": "Point",
        "coordinates": [
          137.1434627,
          36.6866072
        ]
      },
      "properties": {
        "内容": "バス停: 杉谷口",
        "name": "杉谷口",
        "operator": "事業者不明",
        "ref": "",
        "url": "",
        "url2": ""
      }
    },
    {
      "type": "Feature",
      "geometry": {
        "type": "Point",
        "coordinates": [
          137.1433664,
          36.6865314
        ]
      },
      "properties": {
        "内容": "バス停: 杉谷口",
        "name": "杉谷口",
        "operator": "事業者不明",
        "ref": "",
        "url": "",
        "url2": ""
      }
    },
    {
      "type": "Feature",
      "geometry": {
        "type": "Point",
        "coordinates": [
          137.1445839,
          36.6885541
        ]
      },
      "properties": {
        "内容": "バス停: 古沢南部",
        "name": "古沢南部",
        "operator": "事業者不明",
        "ref": "",
        "url": "",
        "url2": ""
      }
    },
    {
      "type": "Feature",
      "geometry": {
        "type": "Point",
        "coordinates": [
          137.1444987,
          36.6886854
        ]
      },
      "properties": {
        "内容": "バス停: 古沢南部",
        "name": "古沢南部",
        "operator": "事業者不明",
        "ref": "",
        "url": "",
        "url2": ""
      }
    },
    {
      "type": "Feature",
      "geometry": {
        "type": "Point",
        "coordinates": [
          137.1477039,
          36.69068
        ]
      },
      "properties": {
        "内容": "バス停: ファミリーパーク前",
        "name": "ファミリーパーク前",
        "operator": "事業者不明",
        "ref": "",
        "url": "",
        "url2": ""
      }
    },
    {
      "type": "Feature",
      "geometry": {
        "type": "Point",
        "coordinates": [
          137.147849,
          36.6908926
        ]
      },
      "properties": {
        "内容": "バス停: ファミリーパーク前",
        "name": "ファミリーパーク前",
        "operator": "事業者不明",
        "ref": "",
        "url": "",
        "url2": ""
      }
    },
    {
      "type": "Feature",
      "geometry": {
        "type": "Point",
        "coordinates": [
          137.1700562,
          36.71047
        ]
      },
      "properties": {
        "内容": "バス停: 追分口",
        "name": "追分口",
        "operator": "事業者不明",
        "ref": "",
        "url": "",
        "url2": ""
      }
    },
    {
      "type": "Feature",
      "geometry": {
        "type": "Point",
        "coordinates": [
          137.1706439,
          36.7104559
        ]
      },
      "properties": {
        "内容": "バス停: 追分口",
        "name": "追分口",
        "operator": "事業者不明",
        "ref": "",
        "url": "",
        "url2": ""
      }
    },
    {
      "type": "Feature",
      "geometry": {
        "type": "Point",
        "coordinates": [
          137.1620594,
          36.7141505
        ]
      },
      "properties": {
        "内容": "バス停: 呉羽",
        "name": "呉羽",
        "operator": "事業者不明",
        "ref": "",
        "url": "",
        "url2": ""
      }
    },
    {
      "type": "Feature",
      "geometry": {
        "type": "Point",
        "coordinates": [
          137.1641765,
          36.7132534
        ]
      },
      "properties": {
        "内容": "バス停: 呉羽",
        "name": "呉羽",
        "operator": "事業者不明",
        "ref": "",
        "url": "",
        "url2": ""
      }
    },
    {
      "type": "Feature",
      "geometry": {
        "type": "Point",
        "coordinates": [
          137.1490041,
          36.7197685
        ]
      },
      "properties": {
        "内容": "バス停: 寒江口",
        "name": "寒江口",
        "operator": "事業者不明",
        "ref": "",
        "url": "",
        "url2": ""
      }
    },
    {
      "type": "Feature",
      "geometry": {
        "type": "Point",
        "coordinates": [
          137.1501923,
          36.7197019
        ]
      },
      "properties": {
        "内容": "バス停: 寒江口",
        "name": "寒江口",
        "operator": "事業者不明",
        "ref": "",
        "url": "",
        "url2": ""
      }
    },
    {
      "type": "Feature",
      "geometry": {
        "type": "Point",
        "coordinates": [
          137.1409203,
          36.7194848
        ]
      },
      "properties": {
        "内容": "バス停: 富山短期大学口",
        "name": "富山短期大学口",
        "operator": "事業者不明",
        "ref": "",
        "url": "",
        "url2": ""
      }
    },
    {
      "type": "Feature",
      "geometry": {
        "type": "Point",
        "coordinates": [
          137.1388333,
          36.7194162
        ]
      },
      "properties": {
        "内容": "バス停: 富山短期大学口",
        "name": "富山短期大学口",
        "operator": "事業者不明",
        "ref": "",
        "url": "",
        "url2": ""
      }
    },
    {
      "type": "Feature",
      "geometry": {
        "type": "Point",
        "coordinates": [
          137.1334904,
          36.7188309
        ]
      },
      "properties": {
        "内容": "バス停: 老田口",
        "name": "老田口",
        "operator": "事業者不明",
        "ref": "",
        "url": "",
        "url2": ""
      }
    },
    {
      "type": "Feature",
      "geometry": {
        "type": "Point",
        "coordinates": [
          137.1340062,
          36.7189925
        ]
      },
      "properties": {
        "内容": "バス停: 老田口",
        "name": "老田口",
        "operator": "事業者不明",
        "ref": "",
        "url": "",
        "url2": ""
      }
    },
    {
      "type": "Feature",
      "geometry": {
        "type": "Point",
        "coordinates": [
          137.1997376,
          36.7277432
        ]
      },
      "properties": {
        "内容": "バス停: 追分",
        "name": "追分",
        "operator": "事業者不明",
        "ref": "",
        "url": "",
        "url2": ""
      }
    },
    {
      "type": "Feature",
      "geometry": {
        "type": "Point",
        "coordinates": [
          137.1999118,
          36.7275762
        ]
      },
      "properties": {
        "内容": "バス停: 追分",
        "name": "追分",
        "operator": "事業者不明",
        "ref": "",
        "url": "",
        "url2": ""
      }
    },
    {
      "type": "Feature",
      "geometry": {
        "type": "Point",
        "coordinates": [
          137.2013206,
          36.7245963
        ]
      },
      "properties": {
        "内容": "バス停: 住吉内山邸口",
        "name": "住吉内山邸口",
        "operator": "事業者不明",
        "ref": "",
        "url": "",
        "url2": ""
      }
    },
    {
      "type": "Feature",
      "geometry": {
        "type": "Point",
        "coordinates": [
          137.2018279,
          36.721219
        ]
      },
      "properties": {
        "内容": "バス停: 百塚",
        "name": "百塚",
        "operator": "事業者不明",
        "ref": "",
        "url": "",
        "url2": ""
      }
    },
    {
      "type": "Feature",
      "geometry": {
        "type": "Point",
        "coordinates": [
          137.2016792,
          36.7214228
        ]
      },
      "properties": {
        "内容": "バス停: 百塚",
        "name": "百塚",
        "operator": "事業者不明",
        "ref": "",
        "url": "",
        "url2": ""
      }
    },
    {
      "type": "Feature",
      "geometry": {
        "type": "Point",
        "coordinates": [
          137.2002043,
          36.7157429
        ]
      },
      "properties": {
        "内容": "バス停: 石坂新",
        "name": "石坂新",
        "operator": "事業者不明",
        "ref": "",
        "url": "",
        "url2": ""
      }
    },
    {
      "type": "Feature",
      "geometry": {
        "type": "Point",
        "coordinates": [
          137.2002836,
          36.7163684
        ]
      },
      "properties": {
        "内容": "バス停: 石坂新",
        "name": "石坂新",
        "operator": "事業者不明",
        "ref": "",
        "url": "",
        "url2": ""
      }
    },
    {
      "type": "Feature",
      "geometry": {
        "type": "Point",
        "coordinates": [
          137.1992932,
          36.7532015
        ]
      },
      "properties": {
        "内容": "バス停: 荒屋",
        "name": "荒屋",
        "operator": "事業者不明",
        "ref": "",
        "url": "",
        "url2": ""
      }
    },
    {
      "type": "Feature",
      "geometry": {
        "type": "Point",
        "coordinates": [
          137.1971164,
          36.7563987
        ]
      },
      "properties": {
        "内容": "バス停: 南町",
        "name": "南町",
        "operator": "事業者不明",
        "ref": "",
        "url": "",
        "url2": ""
      }
    },
    {
      "type": "Feature",
      "geometry": {
        "type": "Point",
        "coordinates": [
          137.197362,
          36.7562704
        ]
      },
      "properties": {
        "内容": "バス停: 南町",
        "name": "南町",
        "operator": "事業者不明",
        "ref": "",
        "url": "",
        "url2": ""
      }
    },
    {
      "type": "Feature",
      "geometry": {
        "type": "Point",
        "coordinates": [
          137.1943296,
          36.7579439
        ]
      },
      "properties": {
        "内容": "バス停: 四方神明町",
        "name": "四方神明町",
        "operator": "事業者不明",
        "ref": "",
        "url": "",
        "url2": ""
      }
    },
    {
      "type": "Feature",
      "geometry": {
        "type": "Point",
        "coordinates": [
          137.1961212,
          36.7559257
        ]
      },
      "properties": {
        "内容": "バス停: ちてつ四方",
        "name": "ちてつ四方",
        "operator": "事業者不明",
        "ref": "",
        "url": "",
        "url2": ""
      }
    },
    {
      "type": "Feature",
      "geometry": {
        "type": "Point",
        "coordinates": [
          137.1846701,
          36.7389281
        ]
      },
      "properties": {
        "内容": "バス停: 八町北口",
        "name": "八町北口",
        "operator": "事業者不明",
        "ref": "",
        "url": "",
        "url2": ""
      }
    },
    {
      "type": "Feature",
      "geometry": {
        "type": "Point",
        "coordinates": [
          137.2119332,
          36.6999475
        ]
      },
      "properties": {
        "内容": "バス停: 富山駅前 (富山市)",
        "name": "富山駅前",
        "operator": "富山市",
        "ref": "",
        "url": "",
        "url2": ""
      }
    },
    {
      "type": "Feature",
      "geometry": {
        "type": "Point",
        "coordinates": [
          137.2104251,
          36.7012846
        ]
      },
      "properties": {
        "内容": "バス停: 宝町 (富山市)",
        "name": "宝町",
        "operator": "富山市",
        "ref": "",
        "url": "",
        "url2": ""
      }
    },
    {
      "type": "Feature",
      "geometry": {
        "type": "Point",
        "coordinates": [
          137.2072567,
          36.7025859
        ]
      },
      "properties": {
        "内容": "バス停: 神通町 (富山市)",
        "name": "神通町",
        "operator": "富山市",
        "ref": "",
        "url": "",
        "url2": ""
      }
    },
    {
      "type": "Feature",
      "geometry": {
        "type": "Point",
        "coordinates": [
          137.2055528,
          36.7016514
        ]
      },
      "properties": {
        "内容": "バス停: 雄峰高校グラウンド前 (富山市)",
        "name": "雄峰高校グラウンド前",
        "operator": "富山市",
        "ref": "",
        "url": "",
        "url2": ""
      }
    },
    {
      "type": "Feature",
      "geometry": {
        "type": "Point",
        "coordinates": [
          137.2060652,
          36.699342
        ]
      },
      "properties": {
        "内容": "バス停: 愛宕町一丁目 (富山市)",
        "name": "愛宕町一丁目",
        "operator": "富山市",
        "ref": "",
        "url": "",
        "url2": ""
      }
    },
    {
      "type": "Feature",
      "geometry": {
        "type": "Point",
        "coordinates": [
          137.2048183,
          36.6952676
        ]
      },
      "properties": {
        "内容": "バス停: 富山中部高校前 (富山市)",
        "name": "富山中部高校前",
        "operator": "富山市",
        "ref": "",
        "url": "",
        "url2": ""
      }
    },
    {
      "type": "Feature",
      "geometry": {
        "type": "Point",
        "coordinates": [
          137.2035953,
          36.6901499
        ]
      },
      "properties": {
        "内容": "バス停: 護国神社・富山まちなか病院前 (富山市)",
        "name": "護国神社・富山まちなか病院前",
        "operator": "富山市",
        "ref": "",
        "url": "",
        "url2": ""
      }
    },
    {
      "type": "Feature",
      "geometry": {
        "type": "Point",
        "coordinates": [
          137.2030377,
          36.6881252
        ]
      },
      "properties": {
        "内容": "バス停: 磯部町一丁目 (富山市)",
        "name": "磯部町一丁目",
        "operator": "富山市",
        "ref": "",
        "url": "",
        "url2": ""
      }
    },
    {
      "type": "Feature",
      "geometry": {
        "type": "Point",
        "coordinates": [
          137.2023477,
          36.685426
        ]
      },
      "properties": {
        "内容": "バス停: 磯部町三丁目 (富山市)",
        "name": "磯部町三丁目",
        "operator": "富山市",
        "ref": "",
        "url": "",
        "url2": ""
      }
    },
    {
      "type": "Feature",
      "geometry": {
        "type": "Point",
        "coordinates": [
          137.2034706,
          36.6842801
        ]
      },
      "properties": {
        "内容": "バス停: 磯部町四丁目 (富山市)",
        "name": "磯部町四丁目",
        "operator": "富山市",
        "ref": "",
        "url": "",
        "url2": ""
      }
    },
    {
      "type": "Feature",
      "geometry": {
        "type": "Point",
        "coordinates": [
          137.207391,
          36.683958
        ]
      },
      "properties": {
        "内容": "バス停: 富山地方裁判所前 (富山市)",
        "name": "富山地方裁判所前",
        "operator": "富山市",
        "ref": "",
        "url": "",
        "url2": ""
      }
    },
    {
      "type": "Feature",
      "geometry": {
        "type": "Point",
        "coordinates": [
          137.2084025,
          36.6863862
        ]
      },
      "properties": {
        "内容": "バス停: 相生町 (富山市)",
        "name": "相生町",
        "operator": "富山市",
        "ref": "",
        "url": "",
        "url2": ""
      }
    },
    {
      "type": "Feature",
      "geometry": {
        "type": "Point",
        "coordinates": [
          137.2101993,
          36.6892106
        ]
      },
      "properties": {
        "内容": "バス停: 越前町 (富山市)",
        "name": "越前町",
        "operator": "富山市",
        "ref": "",
        "url": "",
        "url2": ""
      }
    },
    {
      "type": "Feature",
      "geometry": {
        "type": "Point",
        "coordinates": [
          137.2137247,
          36.6886069
        ]
      },
      "properties": {
        "内容": "バス停: グランドプラザ前にいかわ信用金庫 (富山市)",
        "name": "グランドプラザ前にいかわ信用金庫",
        "operator": "富山市",
        "ref": "",
        "url": "",
        "url2": ""
      }
    },
    {
      "type": "Feature",
      "geometry": {
        "type": "Point",
        "coordinates": [
          137.2163279,
          36.6888366
        ]
      },
      "properties": {
        "内容": "バス停: 西町 (富山市)",
        "name": "西町",
        "operator": "富山市",
        "ref": "",
        "url": "",
        "url2": ""
      }
    },
    {
      "type": "Feature",
      "geometry": {
        "type": "Point",
        "coordinates": [
          137.2186324,
          36.6893305
        ]
      },
      "properties": {
        "内容": "バス停: 中央通り (富山市)",
        "name": "中央通り",
        "operator": "富山市",
        "ref": "",
        "url": "",
        "url2": ""
      }
    },
    {
      "type": "Feature",
      "geometry": {
        "type": "Point",
        "coordinates": [
          137.2185229,
          36.6911497
        ]
      },
      "properties": {
        "内容": "バス停: 白銀町公園前 (富山市)",
        "name": "白銀町公園前",
        "operator": "富山市",
        "ref": "",
        "url": "",
        "url2": ""
      }
    },
    {
      "type": "Feature",
      "geometry": {
        "type": "Point",
        "coordinates": [
          137.2191722,
          36.6921408
        ]
      },
      "properties": {
        "内容": "バス停: 北新町 (富山市)",
        "name": "北新町",
        "operator": "富山市",
        "ref": "",
        "url": "",
        "url2": ""
      }
    },
    {
      "type": "Feature",
      "geometry": {
        "type": "Point",
        "coordinates": [
          137.2213639,
          36.6898523
        ]
      },
      "properties": {
        "内容": "バス停: 中教院前 (富山市)",
        "name": "中教院前",
        "operator": "富山市",
        "ref": "",
        "url": "",
        "url2": ""
      }
    },
    {
      "type": "Feature",
      "geometry": {
        "type": "Point",
        "coordinates": [
          137.2220439,
          36.6857076
        ]
      },
      "properties": {
        "内容": "バス停: 五番町 (富山市)",
        "name": "五番町",
        "operator": "富山市",
        "ref": "",
        "url": "",
        "url2": ""
      }
    },
    {
      "type": "Feature",
      "geometry": {
        "type": "Point",
        "coordinates": [
          137.2241541,
          36.6853757
        ]
      },
      "properties": {
        "内容": "バス停: 清水町八丁目 (富山市)",
        "name": "清水町八丁目",
        "operator": "富山市",
        "ref": "",
        "url": "",
        "url2": ""
      }
    },
    {
      "type": "Feature",
      "geometry": {
        "type": "Point",
        "coordinates": [
          137.2256527,
          36.685577
        ]
      },
      "properties": {
        "内容": "バス停: 清水町九丁目 (富山市)",
        "name": "清水町九丁目",
        "operator": "富山市",
        "ref": "",
        "url": "",
        "url2": ""
      }
    },
    {
      "type": "Feature",
      "geometry": {
        "type": "Point",
        "coordinates": [
          137.2273926,
          36.6860511
        ]
      },
      "properties": {
        "内容": "バス停: 旭町 (富山市)",
        "name": "旭町",
        "operator": "富山市",
        "ref": "",
        "url": "",
        "url2": ""
      }
    },
    {
      "type": "Feature",
      "geometry": {
        "type": "Point",
        "coordinates": [
          137.2284504,
          36.6869834
        ]
      },
      "properties": {
        "内容": "バス停: 旭町公園前 (富山市)",
        "name": "旭町公園前",
        "operator": "富山市",
        "ref": "",
        "url": "",
        "url2": ""
      }
    },
    {
      "type": "Feature",
      "geometry": {
        "type": "Point",
        "coordinates": [
          137.2307696,
          36.687746
        ]
      },
      "properties": {
        "内容": "バス停: 清水元町 (富山市)",
        "name": "清水元町",
        "operator": "富山市",
        "ref": "",
        "url": "",
        "url2": ""
      }
    },
    {
      "type": "Feature",
      "geometry": {
        "type": "Point",
        "coordinates": [
          137.2311472,
          36.6896644
        ]
      },
      "properties": {
        "内容": "バス停: 栄町三丁目 (富山市)",
        "name": "栄町三丁目",
        "operator": "富山市",
        "ref": "",
        "url": "",
        "url2": ""
      }
    },
    {
      "type": "Feature",
      "geometry": {
        "type": "Point",
        "coordinates": [
          137.2313924,
          36.6909502
        ]
      },
      "properties": {
        "内容": "バス停: 栄町二丁目 (富山市)",
        "name": "栄町二丁目",
        "operator": "富山市",
        "ref": "",
        "url": "",
        "url2": ""
      }
    },
    {
      "type": "Feature",
      "geometry": {
        "type": "Point",
        "coordinates": [
          137.2313469,
          36.6932855
        ]
      },
      "properties": {
        "内容": "バス停: 館出町二丁目 (富山市)",
        "name": "館出町二丁目",
        "operator": "富山市",
        "ref": "",
        "url": "",
        "url2": ""
      }
    },
    {
      "type": "Feature",
      "geometry": {
        "type": "Point",
        "coordinates": [
          137.2287591,
          36.6961452
        ]
      },
      "properties": {
        "内容": "バス停: アピア前 (富山市)",
        "name": "アピア前",
        "operator": "富山市",
        "ref": "",
        "url": "",
        "url2": ""
      }
    },
    {
      "type": "Feature",
      "geometry": {
        "type": "Point",
        "coordinates": [
          137.2272991,
          36.6965999
        ]
      },
      "properties": {
        "内容": "バス停: 稲荷元町一丁目 (富山市)",
        "name": "稲荷元町一丁目",
        "operator": "富山市",
        "ref": "",
        "url": "",
        "url2": ""
      }
    },
    {
      "type": "Feature",
      "geometry": {
        "type": "Point",
        "coordinates": [
          137.2262422,
          36.6943265
        ]
      },
      "properties": {
        "内容": "バス停: 於保多神社前 (富山市)",
        "name": "於保多神社前",
        "operator": "富山市",
        "ref": "",
        "url": "",
        "url2": ""
      }
    },
    {
      "type": "Feature",
      "geometry": {
        "type": "Point",
        "coordinates": [
          137.224088,
          36.692425
        ]
      },
      "properties": {
        "内容": "バス停: 北新町東 (富山市)",
        "name": "北新町東",
        "operator": "富山市",
        "ref": "",
        "url": "",
        "url2": ""
      }
    },
    {
      "type": "Feature",
      "geometry": {
        "type": "Point",
        "coordinates": [
          137.2207966,
          36.6942011
        ]
      },
      "properties": {
        "内容": "バス停: 北新町・大阪屋ショップ前 (富山市)",
        "name": "北新町・大阪屋ショップ前",
        "operator": "富山市",
        "ref": "",
        "url": "",
        "url2": ""
      }
    },
    {
      "type": "Feature",
      "geometry": {
        "type": "Point",
        "coordinates": [
          137.2205109,
          36.6958142
        ]
      },
      "properties": {
        "内容": "バス停: 東田地方町 (富山市)",
        "name": "東田地方町",
        "operator": "富山市",
        "ref": "",
        "url": "",
        "url2": ""
      }
    },
    {
      "type": "Feature",
      "geometry": {
        "type": "Point",
        "coordinates": [
          137.2127719,
          36.69804
        ]
      },
      "properties": {
        "内容": "バス停: 新桜町 (富山市)",
        "name": "新桜町",
        "operator": "富山市",
        "ref": "",
        "url": "",
        "url2": ""
      }
    },
    {
      "type": "Feature",
      "geometry": {
        "type": "Point",
        "coordinates": [
          137.2121733,
          36.6999599
        ]
      },
      "properties": {
        "内容": "バス停: 富山駅前 (富山市)",
        "name": "富山駅前",
        "operator": "富山市",
        "ref": "",
        "url": "",
        "url2": ""
      }
    },
    {
      "type": "Feature",
      "geometry": {
        "type": "Point",
        "coordinates": [
          137.2143014,
          36.6976741
        ]
      },
      "properties": {
        "内容": "バス停: 新桜町 (富山市)",
        "name": "新桜町",
        "operator": "富山市",
        "ref": "",
        "url": "",
        "url2": ""
      }
    },
    {
      "type": "Feature",
      "geometry": {
        "type": "Point",
        "coordinates": [
          137.2207582,
          36.6956026
        ]
      },
      "properties": {
        "内容": "バス停: 東田地方町 (富山市)",
        "name": "東田地方町",
        "operator": "富山市",
        "ref": "",
        "url": "",
        "url2": ""
      }
    },
    {
      "type": "Feature",
      "geometry": {
        "type": "Point",
        "coordinates": [
          137.2211677,
          36.6934982
        ]
      },
      "properties": {
        "内容": "バス停: 北新町・大阪屋ショップ前 (富山市)",
        "name": "北新町・大阪屋ショップ前",
        "operator": "富山市",
        "ref": "",
        "url": "",
        "url2": ""
      }
    },
    {
      "type": "Feature",
      "geometry": {
        "type": "Point",
        "coordinates": [
          137.2231932,
          36.6924906
        ]
      },
      "properties": {
        "内容": "バス停: 北新町東 (富山市)",
        "name": "北新町東",
        "operator": "富山市",
        "ref": "",
        "url": "",
        "url2": ""
      }
    },
    {
      "type": "Feature",
      "geometry": {
        "type": "Point",
        "coordinates": [
          137.2261457,
          36.6940608
        ]
      },
      "properties": {
        "内容": "バス停: 於保多神社前 (富山市)",
        "name": "於保多神社前",
        "operator": "富山市",
        "ref": "",
        "url": "",
        "url2": ""
      }
    },
    {
      "type": "Feature",
      "geometry": {
        "type": "Point",
        "coordinates": [
          137.2271853,
          36.6967394
        ]
      },
      "properties": {
        "内容": "バス停: 稲荷元町一丁目 (富山市)",
        "name": "稲荷元町一丁目",
        "operator": "富山市",
        "ref": "",
        "url": "",
        "url2": ""
      }
    },
    {
      "type": "Feature",
      "geometry": {
        "type": "Point",
        "coordinates": [
          137.229605,
          36.6958376
        ]
      },
      "properties": {
        "内容": "バス停: アピア前 (富山市)",
        "name": "アピア前",
        "operator": "富山市",
        "ref": "",
        "url": "",
        "url2": ""
      }
    },
    {
      "type": "Feature",
      "geometry": {
        "type": "Point",
        "coordinates": [
          137.2312848,
          36.6938004
        ]
      },
      "properties": {
        "内容": "バス停: 館出町二丁目 (富山市)",
        "name": "館出町二丁目",
        "operator": "富山市",
        "ref": "",
        "url": "",
        "url2": ""
      }
    },
    {
      "type": "Feature",
      "geometry": {
        "type": "Point",
        "coordinates": [
          137.2316736,
          36.6917768
        ]
      },
      "properties": {
        "内容": "バス停: 栄町二丁目 (富山市)",
        "name": "栄町二丁目",
        "operator": "富山市",
        "ref": "",
        "url": "",
        "url2": ""
      }
    },
    {
      "type": "Feature",
      "geometry": {
        "type": "Point",
        "coordinates": [
          137.2313407,
          36.6899518
        ]
      },
      "properties": {
        "内容": "バス停: 栄町三丁目 (富山市)",
        "name": "栄町三丁目",
        "operator": "富山市",
        "ref": "",
        "url": "",
        "url2": ""
      }
    },
    {
      "type": "Feature",
      "geometry": {
        "type": "Point",
        "coordinates": [
          137.2310134,
          36.688199
        ]
      },
      "properties": {
        "内容": "バス停: 清水元町 (富山市)",
        "name": "清水元町",
        "operator": "富山市",
        "ref": "",
        "url": "",
        "url2": ""
      }
    },
    {
      "type": "Feature",
      "geometry": {
        "type": "Point",
        "coordinates": [
          137.2284585,
          36.6869086
        ]
      },
      "properties": {
        "内容": "バス停: 旭町公園前 (富山市)",
        "name": "旭町公園前",
        "operator": "富山市",
        "ref": "",
        "url": "",
        "url2": ""
      }
    },
    {
      "type": "Feature",
      "geometry": {
        "type": "Point",
        "coordinates": [
          137.2274743,
          36.6863334
        ]
      },
      "properties": {
        "内容": "バス停: 旭町 (富山市)",
        "name": "旭町",
        "operator": "富山市",
        "ref": "",
        "url": "",
        "url2": ""
      }
    },
    {
      "type": "Feature",
      "geometry": {
        "type": "Point",
        "coordinates": [
          137.2260102,
          36.6855516
        ]
      },
      "properties": {
        "内容": "バス停: 清水町九丁目 (富山市)",
        "name": "清水町九丁目",
        "operator": "富山市",
        "ref": "",
        "url": "",
        "url2": ""
      }
    },
    {
      "type": "Feature",
      "geometry": {
        "type": "Point",
        "coordinates": [
          137.2241705,
          36.6852935
        ]
      },
      "properties": {
        "内容": "バス停: 清水町八丁目 (富山市)",
        "name": "清水町八丁目",
        "operator": "富山市",
        "ref": "",
        "url": "",
        "url2": ""
      }
    },
    {
      "type": "Feature",
      "geometry": {
        "type": "Point",
        "coordinates": [
          137.221945,
          36.6853547
        ]
      },
      "properties": {
        "内容": "バス停: 五番町 (富山市)",
        "name": "五番町",
        "operator": "富山市",
        "ref": "",
        "url": "",
        "url2": ""
      }
    },
    {
      "type": "Feature",
      "geometry": {
        "type": "Point",
        "coordinates": [
          137.2211524,
          36.6898313
        ]
      },
      "properties": {
        "内容": "バス停: 中教院前 (富山市)",
        "name": "中教院前",
        "operator": "富山市",
        "ref": "",
        "url": "",
        "url2": ""
      }
    },
    {
      "type": "Feature",
      "geometry": {
        "type": "Point",
        "coordinates": [
          137.2205662,
          36.6921144
        ]
      },
      "properties": {
        "内容": "バス停: 北新町 (富山市)",
        "name": "北新町",
        "operator": "富山市",
        "ref": "",
        "url": "",
        "url2": ""
      }
    },
    {
      "type": "Feature",
      "geometry": {
        "type": "Point",
        "coordinates": [
          137.2185839,
          36.6912113
        ]
      },
      "properties": {
        "内容": "バス停: 白銀町公園前 (富山市)",
        "name": "白銀町公園前",
        "operator": "富山市",
        "ref": "",
        "url": "",
        "url2": ""
      }
    },
    {
      "type": "Feature",
      "geometry": {
        "type": "Point",
        "coordinates": [
          137.2187077,
          36.689369
        ]
      },
      "properties": {
        "内容": "バス停: 中央通り (富山市)",
        "name": "中央通り",
        "operator": "富山市",
        "ref": "",
        "url": "",
        "url2": ""
      }
    },
    {
      "type": "Feature",
      "geometry": {
        "type": "Point",
        "coordinates": [
          137.2166367,
          36.6886125
        ]
      },
      "properties": {
        "内容": "バス停: 西町 (富山市)",
        "name": "西町",
        "operator": "富山市",
        "ref": "",
        "url": "",
        "url2": ""
      }
    },
    {
      "type": "Feature",
      "geometry": {
        "type": "Point",
        "coordinates": [
          137.2132936,
          36.6887933
        ]
      },
      "properties": {
        "内容": "バス停: グランドプラザ前 (富山市)",
        "name": "グランドプラザ前",
        "operator": "富山市",
        "ref": "",
        "url": "",
        "url2": ""
      }
    },
    {
      "type": "Feature",
      "geometry": {
        "type": "Point",
        "coordinates": [
          137.2106819,
          36.6889811
        ]
      },
      "properties": {
        "内容": "バス停: 越前町 (富山市)",
        "name": "越前町",
        "operator": "富山市",
        "ref": "",
        "url": "",
        "url2": ""
      }
    },
    {
      "type": "Feature",
      "geometry": {
        "type": "Point",
        "coordinates": [
          137.2085434,
          36.6863722
        ]
      },
      "properties": {
        "内容": "バス停: 相生町 (富山市)",
        "name": "相生町",
        "operator": "富山市",
        "ref": "",
        "url": "",
        "url2": ""
      }
    },
    {
      "type": "Feature",
      "geometry": {
        "type": "Point",
        "coordinates": [
          137.2071387,
          36.6838389
        ]
      },
      "properties": {
        "内容": "バス停: 富山地方裁判所前 (富山市)",
        "name": "富山地方裁判所前",
        "operator": "富山市",
        "ref": "",
        "url": "",
        "url2": ""
      }
    },
    {
      "type": "Feature",
      "geometry": {
        "type": "Point",
        "coordinates": [
          137.2033712,
          36.6841789
        ]
      },
      "properties": {
        "内容": "バス停: 磯部町四丁目 (富山市)",
        "name": "磯部町四丁目",
        "operator": "富山市",
        "ref": "",
        "url": "",
        "url2": ""
      }
    },
    {
      "type": "Feature",
      "geometry": {
        "type": "Point",
        "coordinates": [
          137.2021838,
          36.6853601
        ]
      },
      "properties": {
        "内容": "バス停: 磯部町三丁目 (富山市)",
        "name": "磯部町三丁目",
        "operator": "富山市",
        "ref": "",
        "url": "",
        "url2": ""
      }
    },
    {
      "type": "Feature",
      "geometry": {
        "type": "Point",
        "coordinates": [
          137.2029066,
          36.6881374
        ]
      },
      "properties": {
        "内容": "バス停: 磯部町一丁目 (富山市)",
        "name": "磯部町一丁目",
        "operator": "富山市",
        "ref": "",
        "url": "",
        "url2": ""
      }
    },
    {
      "type": "Feature",
      "geometry": {
        "type": "Point",
        "coordinates": [
          137.2034319,
          36.6901374
        ]
      },
      "properties": {
        "内容": "バス停: 護国神社・富山まちなか病院前 (富山市)",
        "name": "護国神社・富山まちなか病院前",
        "operator": "富山市",
        "ref": "",
        "url": "",
        "url2": ""
      }
    },
    {
      "type": "Feature",
      "geometry": {
        "type": "Point",
        "coordinates": [
          137.2046952,
          36.6953628
        ]
      },
      "properties": {
        "内容": "バス停: 富山中部高校前 (富山市)",
        "name": "富山中部高校前",
        "operator": "富山市",
        "ref": "",
        "url": "",
        "url2": ""
      }
    },
    {
      "type": "Feature",
      "geometry": {
        "type": "Point",
        "coordinates": [
          137.2059249,
          36.6993672
        ]
      },
      "properties": {
        "内容": "バス停: 愛宕町一丁目 (富山市)",
        "name": "愛宕町一丁目",
        "operator": "富山市",
        "ref": "",
        "url": "",
        "url2": ""
      }
    },
    {
      "type": "Feature",
      "geometry": {
        "type": "Point",
        "coordinates": [
          137.2056107,
          36.7011871
        ]
      },
      "properties": {
        "内容": "バス停: 雄峰高校グラウンド前 (富山市)",
        "name": "雄峰高校グラウンド前",
        "operator": "富山市",
        "ref": "",
        "url": "",
        "url2": ""
      }
    },
    {
      "type": "Feature",
      "geometry": {
        "type": "Point",
        "coordinates": [
          137.2073265,
          36.702671
        ]
      },
      "properties": {
        "内容": "バス停: 神通町 (富山市)",
        "name": "神通町",
        "operator": "富山市",
        "ref": "",
        "url": "",
        "url2": ""
      }
    },
    {
      "type": "Feature",
      "geometry": {
        "type": "Point",
        "coordinates": [
          137.2097671,
          36.7017032
        ]
      },
      "properties": {
        "内容": "バス停: 宝町 (富山市)",
        "name": "宝町",
        "operator": "富山市",
        "ref": "",
        "url": "",
        "url2": ""
      }
    },
    {
      "type": "Feature",
      "geometry": {
        "type": "Point",
        "coordinates": [
          137.2131271,
          36.6951646
        ]
      },
      "properties": {
        "内容": "バス停: 富山市役所前 (富山地方鉄道)",
        "name": "富山市役所前",
        "operator": "富山地方鉄道",
        "ref": "",
        "url": "",
        "url2": ""
      }
    },
    {
      "type": "Feature",
      "geometry": {
        "type": "Point",
        "coordinates": [
          137.2131328,
          36.6952516
        ]
      },
      "properties": {
        "内容": "バス停: 富山市役所前 (富山地方鉄道)",
        "name": "富山市役所前",
        "operator": "富山地方鉄道",
        "ref": "",
        "url": "",
        "url2": ""
      }
    },
    {
      "type": "Feature",
      "geometry": {
        "type": "Point",
        "coordinates": [
          137.2131457,
          36.6953399
        ]
      },
      "properties": {
        "内容": "バス停: 富山市役所前 (富山地方鉄道)",
        "name": "富山市役所前",
        "operator": "富山地方鉄道",
        "ref": "",
        "url": "",
        "url2": ""
      }
    },
    {
      "type": "Feature",
      "geometry": {
        "type": "Point",
        "coordinates": [
          137.2131522,
          36.6954288
        ]
      },
      "properties": {
        "内容": "バス停: 富山市役所前 (富山地方鉄道)",
        "name": "富山市役所前",
        "operator": "富山地方鉄道",
        "ref": "",
        "url": "",
        "url2": ""
      }
    },
    {
      "type": "Feature",
      "geometry": {
        "type": "Point",
        "coordinates": [
          137.2131598,
          36.6955256
        ]
      },
      "properties": {
        "内容": "バス停: 富山市役所前 (富山地方鉄道)",
        "name": "富山市役所前",
        "operator": "富山地方鉄道",
        "ref": "",
        "url": "",
        "url2": ""
      }
    },
    {
      "type": "Feature",
      "geometry": {
        "type": "Point",
        "coordinates": [
          137.2131635,
          36.6956205
        ]
      },
      "properties": {
        "内容": "バス停: 富山市役所前 (富山地方鉄道)",
        "name": "富山市役所前",
        "operator": "富山地方鉄道",
        "ref": "",
        "url": "",
        "url2": ""
      }
    },
    {
      "type": "Feature",
      "geometry": {
        "type": "Point",
        "coordinates": [
          137.2128931,
          36.6957492
        ]
      },
      "properties": {
        "内容": "バス停: 富山市役所前 (富山地方鉄道)",
        "name": "富山市役所前",
        "operator": "富山地方鉄道",
        "ref": "",
        "url": "",
        "url2": ""
      }
    },
    {
      "type": "Feature",
      "geometry": {
        "type": "Point",
        "coordinates": [
          137.2128443,
          36.6925653
        ]
      },
      "properties": {
        "内容": "バス停: 城址公園前 (富山地方鉄道)",
        "name": "城址公園前",
        "operator": "富山地方鉄道",
        "ref": "",
        "url": "",
        "url2": ""
      }
    },
    {
      "type": "Feature",
      "geometry": {
        "type": "Point",
        "coordinates": [
          137.2128502,
          36.6926515
        ]
      },
      "properties": {
        "内容": "バス停: 城址公園前 (富山地方鉄道)",
        "name": "城址公園前",
        "operator": "富山地方鉄道",
        "ref": "",
        "url": "",
        "url2": ""
      }
    },
    {
      "type": "Feature",
      "geometry": {
        "type": "Point",
        "coordinates": [
          137.2128605,
          36.6927414
        ]
      },
      "properties": {
        "内容": "バス停: 城址公園前 (富山地方鉄道)",
        "name": "城址公園前",
        "operator": "富山地方鉄道",
        "ref": "",
        "url": "",
        "url2": ""
      }
    },
    {
      "type": "Feature",
      "geometry": {
        "type": "Point",
        "coordinates": [
          137.2129267,
          36.6932803
        ]
      },
      "properties": {
        "内容": "バス停: 城址公園前 (富山地方鉄道)",
        "name": "城址公園前",
        "operator": "富山地方鉄道",
        "ref": "",
        "url": "",
        "url2": ""
      }
    },
    {
      "type": "Feature",
      "geometry": {
        "type": "Point",
        "coordinates": [
          137.2129274,
          36.6933086
        ]
      },
      "properties": {
        "内容": "バス停: 城址公園前 (富山地方鉄道)",
        "name": "城址公園前",
        "operator": "富山地方鉄道",
        "ref": "",
        "url": "",
        "url2": ""
      }
    },
    {
      "type": "Feature",
      "geometry": {
        "type": "Point",
        "coordinates": [
          137.2125697,
          36.6927073
        ]
      },
      "properties": {
        "内容": "バス停: 城址公園前 (富山地方鉄道)",
        "name": "城址公園前",
        "operator": "富山地方鉄道",
        "ref": "",
        "url": "",
        "url2": ""
      }
    },
    {
      "type": "Feature",
      "geometry": {
        "type": "Point",
        "coordinates": [
          137.2115848,
          36.6918401
        ]
      },
      "properties": {
        "内容": "バス停: 城址公園前 (富山地方鉄道)",
        "name": "城址公園前",
        "operator": "富山地方鉄道",
        "ref": "",
        "url": "",
        "url2": ""
      }
    },
    {
      "type": "Feature",
      "geometry": {
        "type": "Point",
        "coordinates": [
          137.2125441,
          36.6898901
        ]
      },
      "properties": {
        "内容": "バス停: 総曲輪 (富山地方鉄道)",
        "name": "総曲輪",
        "operator": "富山地方鉄道",
        "ref": "",
        "url": "",
        "url2": ""
      }
    },
    {
      "type": "Feature",
      "geometry": {
        "type": "Point",
        "coordinates": [
          137.2125586,
          36.6900314
        ]
      },
      "properties": {
        "内容": "バス停: 総曲輪 (富山地方鉄道)",
        "name": "総曲輪",
        "operator": "富山地方鉄道",
        "ref": "",
        "url": "",
        "url2": ""
      }
    },
    {
      "type": "Feature",
      "geometry": {
        "type": "Point",
        "coordinates": [
          137.2123208,
          36.6905018
        ]
      },
      "properties": {
        "内容": "バス停: 総曲輪 (富山地方鉄道)",
        "name": "総曲輪",
        "operator": "富山地方鉄道",
        "ref": "",
        "url": "",
        "url2": ""
      }
    },
    {
      "type": "Feature",
      "geometry": {
        "type": "Point",
        "coordinates": [
          137.2097251,
          36.692178
        ]
      },
      "properties": {
        "内容": "バス停: 丸の内 (富山地方鉄道)",
        "name": "丸の内",
        "operator": "富山地方鉄道",
        "ref": "",
        "url": "",
        "url2": ""
      }
    },
    {
      "type": "Feature",
      "geometry": {
        "type": "Point",
        "coordinates": [
          137.2044053,
          36.6923722
        ]
      },
      "properties": {
        "内容": "バス停: 安野屋町 (富山地方鉄道)",
        "name": "安野屋町",
        "operator": "富山地方鉄道",
        "ref": "",
        "url": "",
        "url2": ""
      }
    },
    {
      "type": "Feature",
      "geometry": {
        "type": "Point",
        "coordinates": [
          137.2049943,
          36.692527
        ]
      },
      "properties": {
        "内容": "バス停: 安野屋町 (富山地方鉄道)",
        "name": "安野屋町",
        "operator": "富山地方鉄道",
        "ref": "",
        "url": "",
        "url2": ""
      }
    },
    {
      "type": "Feature",
      "geometry": {
        "type": "Point",
        "coordinates": [
          137.2106325,
          36.6987281
        ]
      },
      "properties": {
        "内容": "バス停: 新富町 (富山地方鉄道)",
        "name": "新富町",
        "operator": "富山地方鉄道",
        "ref": "",
        "url": "",
        "url2": ""
      }
    },
    {
      "type": "Feature",
      "geometry": {
        "type": "Point",
        "coordinates": [
          137.2108599,
          36.698763
        ]
      },
      "properties": {
        "内容": "バス停: 新富町 (富山地方鉄道)",
        "name": "新富町",
        "operator": "富山地方鉄道",
        "ref": "",
        "url": "",
        "url2": ""
      }
    },
    {
      "type": "Feature",
      "geometry": {
        "type": "Point",
        "coordinates": [
          137.2058676,
          36.7003744
        ]
      },
      "properties": {
        "内容": "バス停: 神通町 (富山地方鉄道)",
        "name": "神通町",
        "operator": "富山地方鉄道",
        "ref": "",
        "url": "",
        "url2": ""
      }
    },
    {
      "type": "Feature",
      "geometry": {
        "type": "Point",
        "coordinates": [
          137.2107209,
          36.6889792
        ]
      },
      "properties": {
        "内容": "バス停: 越前町 (富山地方鉄道)",
        "name": "越前町",
        "operator": "富山地方鉄道",
        "ref": "",
        "url": "",
        "url2": ""
      }
    },
    {
      "type": "Feature",
      "geometry": {
        "type": "Point",
        "coordinates": [
          137.2101389,
          36.6892202
        ]
      },
      "properties": {
        "内容": "バス停: 越前町 (富山地方鉄道)",
        "name": "越前町",
        "operator": "富山地方鉄道",
        "ref": "",
        "url": "",
        "url2": ""
      }
    },
    {
      "type": "Feature",
      "geometry": {
        "type": "Point",
        "coordinates": [
          137.2043857,
          36.6896941
        ]
      },
      "properties": {
        "内容": "バス停: 富山まちなか病院前 (富山地方鉄道)",
        "name": "富山まちなか病院前",
        "operator": "富山地方鉄道",
        "ref": "",
        "url": "",
        "url2": ""
      }
    },
    {
      "type": "Feature",
      "geometry": {
        "type": "Point",
        "coordinates": [
          137.2034381,
          36.6901845
        ]
      },
      "properties": {
        "内容": "バス停: 富山まちなか病院前 (富山地方鉄道)",
        "name": "富山まちなか病院前",
        "operator": "富山地方鉄道",
        "ref": "",
        "url": "",
        "url2": ""
      }
    },
    {
      "type": "Feature",
      "geometry": {
        "type": "Point",
        "coordinates": [
          137.2148819,
          36.7036226
        ]
      },
      "properties": {
        "内容": "バス停: 北日本放送会館前 (富山地方鉄道)",
        "name": "北日本放送会館前",
        "operator": "富山地方鉄道",
        "ref": "",
        "url": "",
        "url2": ""
      }
    },
    {
      "type": "Feature",
      "geometry": {
        "type": "Point",
        "coordinates": [
          137.2151131,
          36.704525
        ]
      },
      "properties": {
        "内容": "バス停: 北日本放送会館前 (富山地方鉄道)",
        "name": "北日本放送会館前",
        "operator": "富山地方鉄道",
        "ref": "",
        "url": "",
        "url2": ""
      }
    },
    {
      "type": "Feature",
      "geometry": {
        "type": "Point",
        "coordinates": [
          137.2108569,
          36.7109519
        ]
      },
      "properties": {
        "内容": "バス停: 富山県美術館 (富山地方鉄道)",
        "name": "富山県美術館",
        "operator": "富山地方鉄道",
        "ref": "",
        "url": "",
        "url2": ""
      }
    },
    {
      "type": "Feature",
      "geometry": {
        "type": "Point",
        "coordinates": [
          137.2093761,
          36.7083939
        ]
      },
      "properties": {
        "内容": "バス停: 赤十字病院 (富山地方鉄道)",
        "name": "赤十字病院",
        "operator": "富山地方鉄道",
        "ref": "",
        "url": "",
        "url2": ""
      }
    },
    {
      "type": "Feature",
      "geometry": {
        "type": "Point",
        "coordinates": [
          137.2163432,
          36.7074241
        ]
      },
      "properties": {
        "内容": "バス停: 湊入船町 (富山地方鉄道)",
        "name": "湊入船町",
        "operator": "富山地方鉄道",
        "ref": "",
        "url": "",
        "url2": ""
      }
    },
    {
      "type": "Feature",
      "geometry": {
        "type": "Point",
        "coordinates": [
          137.2163606,
          36.7071511
        ]
      },
      "properties": {
        "内容": "バス停: 湊入船町 (富山地方鉄道)",
        "name": "湊入船町",
        "operator": "富山地方鉄道",
        "ref": "",
        "url": "",
        "url2": ""
      }
    },
    {
      "type": "Feature",
      "geometry": {
        "type": "Point",
        "coordinates": [
          137.2174537,
          36.7098928
        ]
      },
      "properties": {
        "内容": "バス停: 双葉町 (富山地方鉄道)",
        "name": "双葉町",
        "operator": "富山地方鉄道",
        "ref": "",
        "url": "",
        "url2": ""
      }
    },
    {
      "type": "Feature",
      "geometry": {
        "type": "Point",
        "coordinates": [
          137.2172489,
          36.7091668
        ]
      },
      "properties": {
        "内容": "バス停: 双葉町 (富山地方鉄道)",
        "name": "双葉町",
        "operator": "富山地方鉄道",
        "ref": "",
        "url": "",
        "url2": ""
      }
    },
    {
      "type": "Feature",
      "geometry": {
        "type": "Point",
        "coordinates": [
          137.2192642,
          36.7130801
        ]
      },
      "properties": {
        "内容": "バス停: 奥田町 (富山地方鉄道)",
        "name": "奥田町",
        "operator": "富山地方鉄道",
        "ref": "",
        "url": "",
        "url2": ""
      }
    },
    {
      "type": "Feature",
      "geometry": {
        "type": "Point",
        "coordinates": [
          137.2190197,
          36.7125527
        ]
      },
      "properties": {
        "内容": "バス停: 奥田町 (富山地方鉄道)",
        "name": "奥田町",
        "operator": "富山地方鉄道",
        "ref": "",
        "url": "",
        "url2": ""
      }
    },
    {
      "type": "Feature",
      "geometry": {
        "type": "Point",
        "coordinates": [
          137.2206743,
          36.7149209
        ]
      },
      "properties": {
        "内容": "バス停: 奥田本町 (富山地方鉄道)",
        "name": "奥田本町",
        "operator": "富山地方鉄道",
        "ref": "",
        "url": "",
        "url2": ""
      }
    },
    {
      "type": "Feature",
      "geometry": {
        "type": "Point",
        "coordinates": [
          137.2207038,
          36.7147919
        ]
      },
      "properties": {
        "内容": "バス停: 奥田本町 (富山地方鉄道)",
        "name": "奥田本町",
        "operator": "富山地方鉄道",
        "ref": "",
        "url": "",
        "url2": ""
      }
    },
    {
      "type": "Feature",
      "geometry": {
        "type": "Point",
        "coordinates": [
          137.2218064,
          36.7168253
        ]
      },
      "properties": {
        "内容": "バス停: 千代田町 (富山地方鉄道)",
        "name": "千代田町",
        "operator": "富山地方鉄道",
        "ref": "",
        "url": "",
        "url2": ""
      }
    },
    {
      "type": "Feature",
      "geometry": {
        "type": "Point",
        "coordinates": [
          137.2217169,
          36.7161271
        ]
      },
      "properties": {
        "内容": "バス停: 千代田町 (富山地方鉄道)",
        "name": "千代田町",
        "operator": "富山地方鉄道",
        "ref": "",
        "url": "",
        "url2": ""
      }
    },
    {
      "type": "Feature",
      "geometry": {
        "type": "Point",
        "coordinates": [
          137.2214198,
          36.7195413
        ]
      },
      "properties": {
        "内容": "バス停: 奥田北小学校前 (富山地方鉄道)",
        "name": "奥田北小学校前",
        "operator": "富山地方鉄道",
        "ref": "",
        "url": "",
        "url2": ""
      }
    },
    {
      "type": "Feature",
      "geometry": {
        "type": "Point",
        "coordinates": [
          137.2186586,
          36.7195253
        ]
      },
      "properties": {
        "内容": "バス停: 興人団地 (富山地方鉄道)",
        "name": "興人団地",
        "operator": "富山地方鉄道",
        "ref": "",
        "url": "",
        "url2": ""
      }
    },
    {
      "type": "Feature",
      "geometry": {
        "type": "Point",
        "coordinates": [
          137.2181422,
          36.7167808
        ]
      },
      "properties": {
        "内容": "バス停: 下新北町三区 (富山地方鉄道)",
        "name": "下新北町三区",
        "operator": "富山地方鉄道",
        "ref": "",
        "url": "",
        "url2": ""
      }
    },
    {
      "type": "Feature",
      "geometry": {
        "type": "Point",
        "coordinates": [
          137.208904,
          36.6887435
        ]
      },
      "properties": {
        "内容": "バス停: 旅籠町 (富山地方鉄道)",
        "name": "旅籠町",
        "operator": "富山地方鉄道",
        "ref": "",
        "url": "",
        "url2": ""
      }
    },
    {
      "type": "Feature",
      "geometry": {
        "type": "Point",
        "coordinates": [
          137.2087065,
          36.6883726
        ]
      },
      "properties": {
        "内容": "バス停: 旅籠町 (富山地方鉄道)",
        "name": "旅籠町",
        "operator": "富山地方鉄道",
        "ref": "",
        "url": "",
        "url2": ""
      }
    },
    {
      "type": "Feature",
      "geometry": {
        "type": "Point",
        "coordinates": [
          137.2085416,
          36.6863607
        ]
      },
      "properties": {
        "内容": "バス停: 相生町 (富山地方鉄道)",
        "name": "相生町",
        "operator": "富山地方鉄道",
        "ref": "",
        "url": "",
        "url2": ""
      }
    },
    {
      "type": "Feature",
      "geometry": {
        "type": "Point",
        "coordinates": [
          137.2084045,
          36.6864001
        ]
      },
      "properties": {
        "内容": "バス停: 相生町 (富山地方鉄道)",
        "name": "相生町",
        "operator": "富山地方鉄道",
        "ref": "",
        "url": "",
        "url2": ""
      }
    },
    {
      "type": "Feature",
      "geometry": {
        "type": "Point",
        "coordinates": [
          137.2081062,
          36.6834902
        ]
      },
      "properties": {
        "内容": "バス停: 検察庁前 (富山地方鉄道)",
        "name": "検察庁前",
        "operator": "富山地方鉄道",
        "ref": "",
        "url": "",
        "url2": ""
      }
    },
    {
      "type": "Feature",
      "geometry": {
        "type": "Point",
        "coordinates": [
          137.2080629,
          36.684221
        ]
      },
      "properties": {
        "内容": "バス停: 検察庁前 (富山地方鉄道)",
        "name": "検察庁前",
        "operator": "富山地方鉄道",
        "ref": "",
        "url": "",
        "url2": ""
      }
    },
    {
      "type": "Feature",
      "geometry": {
        "type": "Point",
        "coordinates": [
          137.2078505,
          36.6816253
        ]
      },
      "properties": {
        "内容": "バス停: 西田地方二丁目 (富山地方鉄道)",
        "name": "西田地方二丁目",
        "operator": "富山地方鉄道",
        "ref": "",
        "url": "",
        "url2": ""
      }
    },
    {
      "type": "Feature",
      "geometry": {
        "type": "Point",
        "coordinates": [
          137.2076957,
          36.6815892
        ]
      },
      "properties": {
        "内容": "バス停: 西田地方二丁目 (富山地方鉄道)",
        "name": "西田地方二丁目",
        "operator": "富山地方鉄道",
        "ref": "",
        "url": "",
        "url2": ""
      }
    },
    {
      "type": "Feature",
      "geometry": {
        "type": "Point",
        "coordinates": [
          137.2067134,
          36.6792061
        ]
      },
      "properties": {
        "内容": "バス停: 西田地方 (富山地方鉄道)",
        "name": "西田地方",
        "operator": "富山地方鉄道",
        "ref": "",
        "url": "",
        "url2": ""
      }
    },
    {
      "type": "Feature",
      "geometry": {
        "type": "Point",
        "coordinates": [
          137.2065525,
          36.6793319
        ]
      },
      "properties": {
        "内容": "バス停: 西田地方 (富山地方鉄道)",
        "name": "西田地方",
        "operator": "富山地方鉄道",
        "ref": "",
        "url": "",
        "url2": ""
      }
    },
    {
      "type": "Feature",
      "geometry": {
        "type": "Point",
        "coordinates": [
          137.2036103,
          36.6794378
        ]
      },
      "properties": {
        "内容": "バス停: 新根塚 (富山地方鉄道)",
        "name": "新根塚",
        "operator": "富山地方鉄道",
        "ref": "",
        "url": "",
        "url2": ""
      }
    },
    {
      "type": "Feature",
      "geometry": {
        "type": "Point",
        "coordinates": [
          137.1995718,
          36.6794986
        ]
      },
      "properties": {
        "内容": "バス停: 新布瀬 (富山地方鉄道)",
        "name": "新布瀬",
        "operator": "富山地方鉄道",
        "ref": "",
        "url": "",
        "url2": ""
      }
    },
    {
      "type": "Feature",
      "geometry": {
        "type": "Point",
        "coordinates": [
          137.1996048,
          36.6796228
        ]
      },
      "properties": {
        "内容": "バス停: 新布瀬 (富山地方鉄道)",
        "name": "新布瀬",
        "operator": "富山地方鉄道",
        "ref": "",
        "url": "",
        "url2": ""
      }
    },
    {
      "type": "Feature",
      "geometry": {
        "type": "Point",
        "coordinates": [
          137.2121395,
          36.6858394
        ]
      },
      "properties": {
        "内容": "バス停: 星井町一丁目 (富山地方鉄道)",
        "name": "星井町一丁目",
        "operator": "富山地方鉄道",
        "ref": "",
        "url": "",
        "url2": ""
      }
    },
    {
      "type": "Feature",
      "geometry": {
        "type": "Point",
        "coordinates": [
          137.2118583,
          36.6858941
        ]
      },
      "properties": {
        "内容": "バス停: 星井町一丁目 (富山地方鉄道)",
        "name": "星井町一丁目",
        "operator": "富山地方鉄道",
        "ref": "",
        "url": "",
        "url2": ""
      }
    },
    {
      "type": "Feature",
      "geometry": {
        "type": "Point",
        "coordinates": [
          137.212012,
          36.6845022
        ]
      },
      "properties": {
        "内容": "バス停: 星井町 (富山地方鉄道)",
        "name": "星井町",
        "operator": "富山地方鉄道",
        "ref": "",
        "url": "",
        "url2": ""
      }
    },
    {
      "type": "Feature",
      "geometry": {
        "type": "Point",
        "coordinates": [
          137.2116982,
          36.6841925
        ]
      },
      "properties": {
        "内容": "バス停: 星井町 (富山地方鉄道)",
        "name": "星井町",
        "operator": "富山地方鉄道",
        "ref": "",
        "url": "",
        "url2": ""
      }
    },
    {
      "type": "Feature",
      "geometry": {
        "type": "Point",
        "coordinates": [
          137.2111965,
          36.6809478
        ]
      },
      "properties": {
        "内容": "バス停: 西中野口 (富山地方鉄道)",
        "name": "西中野口",
        "operator": "富山地方鉄道",
        "ref": "",
        "url": "",
        "url2": ""
      }
    },
    {
      "type": "Feature",
      "geometry": {
        "type": "Point",
        "coordinates": [
          137.2113216,
          36.6818151
        ]
      },
      "properties": {
        "内容": "バス停: 西中野口 (富山地方鉄道)",
        "name": "西中野口",
        "operator": "富山地方鉄道",
        "ref": "",
        "url": "",
        "url2": ""
      }
    },
    {
      "type": "Feature",
      "geometry": {
        "type": "Point",
        "coordinates": [
          137.2111129,
          36.6783879
        ]
      },
      "properties": {
        "内容": "バス停: 花園町 (富山地方鉄道)",
        "name": "花園町",
        "operator": "富山地方鉄道",
        "ref": "",
        "url": "",
        "url2": ""
      }
    },
    {
      "type": "Feature",
      "geometry": {
        "type": "Point",
        "coordinates": [
          137.2108808,
          36.6798642
        ]
      },
      "properties": {
        "内容": "バス停: 花園町 (富山地方鉄道)",
        "name": "花園町",
        "operator": "富山地方鉄道",
        "ref": "",
        "url": "",
        "url2": ""
      }
    },
    {
      "type": "Feature",
      "geometry": {
        "type": "Point",
        "coordinates": [
          137.2109567,
          36.6757958
        ]
      },
      "properties": {
        "内容": "バス停: 太郎丸口 (富山地方鉄道)",
        "name": "太郎丸口",
        "operator": "富山地方鉄道",
        "ref": "",
        "url": "",
        "url2": ""
      }
    },
    {
      "type": "Feature",
      "geometry": {
        "type": "Point",
        "coordinates": [
          137.2108299,
          36.6774718
        ]
      },
      "properties": {
        "内容": "バス停: 太郎丸口 (富山地方鉄道)",
        "name": "太郎丸口",
        "operator": "富山地方鉄道",
        "ref": "",
        "url": "",
        "url2": ""
      }
    },
    {
      "type": "Feature",
      "geometry": {
        "type": "Point",
        "coordinates": [
          137.2107339,
          36.6729203
        ]
      },
      "properties": {
        "内容": "バス停: 富山市民病院前 (富山地方鉄道)",
        "name": "富山市民病院前",
        "operator": "富山地方鉄道",
        "ref": "",
        "url": "",
        "url2": ""
      }
    },
    {
      "type": "Feature",
      "geometry": {
        "type": "Point",
        "coordinates": [
          137.2104912,
          36.6733343
        ]
      },
      "properties": {
        "内容": "バス停: 富山市民病院前 (富山地方鉄道)",
        "name": "富山市民病院前",
        "operator": "富山地方鉄道",
        "ref": "",
        "url": "",
        "url2": ""
      }
    },
    {
      "type": "Feature",
      "geometry": {
        "type": "Point",
        "coordinates": [
          137.2104009,
          36.669105
        ]
      },
      "properties": {
        "内容": "バス停: 今泉 (富山地方鉄道)",
        "name": "今泉",
        "operator": "富山地方鉄道",
        "ref": "",
        "url": "",
        "url2": ""
      }
    },
    {
      "type": "Feature",
      "geometry": {
        "type": "Point",
        "coordinates": [
          137.2129472,
          36.6996262
        ]
      },
      "properties": {
        "内容": "バス停: 富山駅前 (富山地方鉄道)",
        "name": "富山駅前",
        "operator": "富山地方鉄道",
        "ref": "",
        "url": "",
        "url2": ""
      }
    },
    {
      "type": "Feature",
      "geometry": {
        "type": "Point",
        "coordinates": [
          137.21249,
          36.6894027
        ]
      },
      "properties": {
        "内容": "バス停: 総曲輪 (富山地方鉄道)",
        "name": "総曲輪",
        "operator": "富山地方鉄道",
        "ref": "",
        "url": "",
        "url2": ""
      }
    },
    {
      "type": "Feature",
      "geometry": {
        "type": "Point",
        "coordinates": [
          137.2168214,
          36.6888506
        ]
      },
      "properties": {
        "内容": "バス停: 西町 (富山地方鉄道)",
        "name": "西町",
        "operator": "富山地方鉄道",
        "ref": "",
        "url": "",
        "url2": ""
      }
    },
    {
      "type": "Feature",
      "geometry": {
        "type": "Point",
        "coordinates": [
          137.2166889,
          36.688849
        ]
      },
      "properties": {
        "内容": "バス停: 西町 (富山地方鉄道)",
        "name": "西町",
        "operator": "富山地方鉄道",
        "ref": "",
        "url": "",
        "url2": ""
      }
    },
    {
      "type": "Feature",
      "geometry": {
        "type": "Point",
        "coordinates": [
          137.2165904,
          36.6888514
        ]
      },
      "properties": {
        "内容": "バス停: 西町 (富山地方鉄道)",
        "name": "西町",
        "operator": "富山地方鉄道",
        "ref": "",
        "url": "",
        "url2": ""
      }
    },
    {
      "type": "Feature",
      "geometry": {
        "type": "Point",
        "coordinates": [
          137.2164536,
          36.6888443
        ]
      },
      "properties": {
        "内容": "バス停: 西町 (富山地方鉄道)",
        "name": "西町",
        "operator": "富山地方鉄道",
        "ref": "",
        "url": "",
        "url2": ""
      }
    },
    {
      "type": "Feature",
      "geometry": {
        "type": "Point",
        "coordinates": [
          137.2152318,
          36.6886699
        ]
      },
      "properties": {
        "内容": "バス停: 西町 (富山地方鉄道)",
        "name": "西町",
        "operator": "富山地方鉄道",
        "ref": "",
        "url": "",
        "url2": ""
      }
    },
    {
      "type": "Feature",
      "geometry": {
        "type": "Point",
        "coordinates": [
          137.2150654,
          36.6886806
        ]
      },
      "properties": {
        "内容": "バス停: 西町 (富山地方鉄道)",
        "name": "西町",
        "operator": "富山地方鉄道",
        "ref": "",
        "url": "",
        "url2": ""
      }
    },
    {
      "type": "Feature",
      "geometry": {
        "type": "Point",
        "coordinates": [
          137.2148742,
          36.6886927
        ]
      },
      "properties": {
        "内容": "バス停: 西町 (富山地方鉄道)",
        "name": "西町",
        "operator": "富山地方鉄道",
        "ref": "",
        "url": "",
        "url2": ""
      }
    },
    {
      "type": "Feature",
      "geometry": {
        "type": "Point",
        "coordinates": [
          137.2193593,
          36.6889127
        ]
      },
      "properties": {
        "内容": "バス停: 中教院前 (富山地方鉄道)",
        "name": "中教院前",
        "operator": "富山地方鉄道",
        "ref": "",
        "url": "",
        "url2": ""
      }
    },
    {
      "type": "Feature",
      "geometry": {
        "type": "Point",
        "coordinates": [
          137.2194176,
          36.6887114
        ]
      },
      "properties": {
        "内容": "バス停: 中教院前 (富山地方鉄道)",
        "name": "中教院前",
        "operator": "富山地方鉄道",
        "ref": "",
        "url": "",
        "url2": ""
      }
    },
    {
      "type": "Feature",
      "geometry": {
        "type": "Point",
        "coordinates": [
          137.225194,
          36.6887829
        ]
      },
      "properties": {
        "内容": "バス停: 清水町 (富山地方鉄道)",
        "name": "清水町",
        "operator": "富山地方鉄道",
        "ref": "",
        "url": "",
        "url2": ""
      }
    },
    {
      "type": "Feature",
      "geometry": {
        "type": "Point",
        "coordinates": [
          137.2251875,
          36.6886217
        ]
      },
      "properties": {
        "内容": "バス停: 清水町 (富山地方鉄道)",
        "name": "清水町",
        "operator": "富山地方鉄道",
        "ref": "",
        "url": "",
        "url2": ""
      }
    },
    {
      "type": "Feature",
      "geometry": {
        "type": "Point",
        "coordinates": [
          137.2300302,
          36.6886313
        ]
      },
      "properties": {
        "内容": "バス停: 元町 (富山地方鉄道)",
        "name": "元町",
        "operator": "富山地方鉄道",
        "ref": "",
        "url": "",
        "url2": ""
      }
    },
    {
      "type": "Feature",
      "geometry": {
        "type": "Point",
        "coordinates": [
          137.2297217,
          36.6884658
        ]
      },
      "properties": {
        "内容": "バス停: 元町 (富山地方鉄道)",
        "name": "元町",
        "operator": "富山地方鉄道",
        "ref": "",
        "url": "",
        "url2": ""
      }
    },
    {
      "type": "Feature",
      "geometry": {
        "type": "Point",
        "coordinates": [
          137.2350711,
          36.6880659
        ]
      },
      "properties": {
        "内容": "バス停: 石金 (富山地方鉄道)",
        "name": "石金",
        "operator": "富山地方鉄道",
        "ref": "",
        "url": "",
        "url2": ""
      }
    },
    {
      "type": "Feature",
      "geometry": {
        "type": "Point",
        "coordinates": [
          137.2356828,
          36.6877845
        ]
      },
      "properties": {
        "内容": "バス停: 石金 (富山地方鉄道)",
        "name": "石金",
        "operator": "富山地方鉄道",
        "ref": "",
        "url": "",
        "url2": ""
      }
    },
    {
      "type": "Feature",
      "geometry": {
        "type": "Point",
        "coordinates": [
          137.2370479,
          36.6925109
        ]
      },
      "properties": {
        "内容": "バス停: 中央病院 (富山地方鉄道)",
        "name": "中央病院",
        "operator": "富山地方鉄道",
        "ref": "",
        "url": "",
        "url2": ""
      }
    },
    {
      "type": "Feature",
      "geometry": {
        "type": "Point",
        "coordinates": [
          137.2150582,
          36.6918898
        ]
      },
      "properties": {
        "内容": "バス停: 荒町 (富山地方鉄道)",
        "name": "荒町",
        "operator": "富山地方鉄道",
        "ref": "",
        "url": "",
        "url2": ""
      }
    },
    {
      "type": "Feature",
      "geometry": {
        "type": "Point",
        "coordinates": [
          137.2144852,
          36.6917428
        ]
      },
      "properties": {
        "内容": "バス停: 荒町 (富山地方鉄道)",
        "name": "荒町",
        "operator": "富山地方鉄道",
        "ref": "",
        "url": "",
        "url2": ""
      }
    },
    {
      "type": "Feature",
      "geometry": {
        "type": "Point",
        "coordinates": [
          137.222089,
          36.6924046
        ]
      },
      "properties": {
        "内容": "バス停: 北新町 (富山地方鉄道)",
        "name": "北新町",
        "operator": "富山地方鉄道",
        "ref": "",
        "url": "",
        "url2": ""
      }
    },
    {
      "type": "Feature",
      "geometry": {
        "type": "Point",
        "coordinates": [
          137.2205877,
          36.6921183
        ]
      },
      "properties": {
        "内容": "バス停: 北新町 (富山地方鉄道)",
        "name": "北新町",
        "operator": "富山地方鉄道",
        "ref": "",
        "url": "",
        "url2": ""
      }
    },
    {
      "type": "Feature",
      "geometry": {
        "type": "Point",
        "coordinates": [
          137.2215193,
          36.6917203
        ]
      },
      "properties": {
        "内容": "バス停: 北新町 (富山地方鉄道)",
        "name": "北新町",
        "operator": "富山地方鉄道",
        "ref": "",
        "url": "",
        "url2": ""
      }
    },
    {
      "type": "Feature",
      "geometry": {
        "type": "Point",
        "coordinates": [
          137.2271954,
          36.6928143
        ]
      },
      "properties": {
        "内容": "バス停: 東町 (富山地方鉄道)",
        "name": "東町",
        "operator": "富山地方鉄道",
        "ref": "",
        "url": "",
        "url2": ""
      }
    },
    {
      "type": "Feature",
      "geometry": {
        "type": "Point",
        "coordinates": [
          137.2255548,
          36.6925468
        ]
      },
      "properties": {
        "内容": "バス停: 東町 (富山地方鉄道)",
        "name": "東町",
        "operator": "富山地方鉄道",
        "ref": "",
        "url": "",
        "url2": ""
      }
    },
    {
      "type": "Feature",
      "geometry": {
        "type": "Point",
        "coordinates": [
          137.2260836,
          36.6959509
        ]
      },
      "properties": {
        "内容": "バス停: 稲荷元町 (富山地方鉄道)",
        "name": "稲荷元町",
        "operator": "富山地方鉄道",
        "ref": "",
        "url": "",
        "url2": ""
      }
    },
    {
      "type": "Feature",
      "geometry": {
        "type": "Point",
        "coordinates": [
          137.2313919,
          36.6945548
        ]
      },
      "properties": {
        "内容": "バス停: 舘出 (富山地方鉄道)",
        "name": "舘出",
        "operator": "富山地方鉄道",
        "ref": "",
        "url": "",
        "url2": ""
      }
    },
    {
      "type": "Feature",
      "geometry": {
        "type": "Point",
        "coordinates": [
          137.2296701,
          36.6935742
        ]
      },
      "properties": {
        "内容": "バス停: 舘出 (富山地方鉄道)",
        "name": "舘出",
        "operator": "富山地方鉄道",
        "ref": "",
        "url": "",
        "url2": ""
      }
    }
  ]
}