{
"type": "FeatureCollection",
"name": "geo_16_居宅介護支援",
"crs": { "type": "name", "properties": { "name": "urn:ogc:def:crs:OGC:1.3:CRS84" } },
"features": [
{ "type": "Feature", "properties": { "内容": "黄金の愉居宅介護支援事業所【居宅介護支援】富山県　富山市　田尻西　５６－３", "url2": "https://www.kaigokensaku.mhlw.go.jp/16/index.php?action_kouhyou_detail_004_kani=true&JigyosyoCd=1670113834-00&ServiceCd=430&Type=search" }, "geometry": { "type": "Point", "coordinates": [ 137.20005249999997, 36.7369491 ] } },
{ "type": "Feature", "properties": { "内容": "居宅介護支援事業所　至宝館【居宅介護支援】富山県富山市堀川町375-1", "url2": "https://www.kaigokensaku.mhlw.go.jp/16/index.php?action_kouhyou_detail_004_kani=true&JigyosyoCd=1670114279-00&ServiceCd=430&Type=search" }, "geometry": { "type": "Point", "coordinates": [ 137.2147698, 36.6656174 ] } },
{ "type": "Feature", "properties": { "内容": "そよかぜの郷居宅介護支援事業所【居宅介護支援】富山県富山市稲代36番地ケアハウスそよかぜの郷", "url2": "https://www.kaigokensaku.mhlw.go.jp/16/index.php?action_kouhyou_detail_004_kani=true&JigyosyoCd=1670114451-00&ServiceCd=430&Type=search" }, "geometry": { "type": "Point", "coordinates": [ 137.1989072, 36.5711307 ] } },
{ "type": "Feature", "properties": { "内容": "フールケア富山居宅介護支援事業所【居宅介護支援】富山県富山市黒瀬北町2丁目3番3号", "url2": "https://www.kaigokensaku.mhlw.go.jp/16/index.php?action_kouhyou_detail_004_kani=true&JigyosyoCd=1670112174-00&ServiceCd=430&Type=search" }, "geometry": { "type": "Point", "coordinates": [ 137.202156, 36.6666462 ] } },
{ "type": "Feature", "properties": { "内容": "さくら脳とこころの居宅ケアセンター【居宅介護支援】富山市下新本町3番5号", "url2": "https://www.kaigokensaku.mhlw.go.jp/16/index.php?action_kouhyou_detail_004_kani=true&JigyosyoCd=1670114956-00&ServiceCd=430&Type=search" }, "geometry": { "type": "Point", "coordinates": [ 137.219335699999988, 36.715608 ] } },
{ "type": "Feature", "properties": { "内容": "一休庵居宅介護支援事業所【居宅介護支援】富山市四方１１３３－１", "url2": "https://www.kaigokensaku.mhlw.go.jp/16/index.php?action_kouhyou_detail_004_kani=true&JigyosyoCd=1670104247-00&ServiceCd=430&Type=search" }, "geometry": { "type": "Point", "coordinates": [ 137.193219799999952, 36.7525974 ] } },
{ "type": "Feature", "properties": { "内容": "居宅介護支援センターすこやか富山【居宅介護支援】富山市大泉東町１丁目２－１４", "url2": "https://www.kaigokensaku.mhlw.go.jp/16/index.php?action_kouhyou_detail_004_kani=true&JigyosyoCd=1670111580-00&ServiceCd=430&Type=search" }, "geometry": { "type": "Point", "coordinates": [ 137.227747099999988, 36.6834637 ] } },
{ "type": "Feature", "properties": { "内容": "ケア・ワールド居宅介護支援事業所【居宅介護支援】富山県富山市布瀬町南２丁目９番地２", "url2": "https://www.kaigokensaku.mhlw.go.jp/16/index.php?action_kouhyou_detail_004_kani=true&JigyosyoCd=1670112687-00&ServiceCd=430&Type=search" }, "geometry": { "type": "Point", "coordinates": [ 137.202212700000018, 36.6744102 ] } },
{ "type": "Feature", "properties": { "内容": "ありがとうホーム居宅介護支援事業所【居宅介護支援】富山県富山市東町一丁目5クリスタルビル202", "url2": "https://www.kaigokensaku.mhlw.go.jp/16/index.php?action_kouhyou_detail_004_kani=true&JigyosyoCd=1670112620-00&ServiceCd=430&Type=search" }, "geometry": { "type": "Point", "coordinates": [ 137.227447699999971, 36.6924638 ] } },
{ "type": "Feature", "properties": { "内容": "ひとと樹　居宅介護支援事業所【居宅介護支援】富山市町村69番地1", "url2": "https://www.kaigokensaku.mhlw.go.jp/16/index.php?action_kouhyou_detail_004_kani=true&JigyosyoCd=1670114774-00&ServiceCd=430&Type=search" }, "geometry": { "type": "Point", "coordinates": [ 137.2522105, 36.6836165 ] } },
{ "type": "Feature", "properties": { "内容": "医療法人財団博仁会横田記念病院【居宅介護支援】富山市中野新町1-1-11", "url2": "https://www.kaigokensaku.mhlw.go.jp/16/index.php?action_kouhyou_detail_004_kani=true&JigyosyoCd=1670101367-00&ServiceCd=430&Type=search" }, "geometry": { "type": "Point", "coordinates": [ 137.2149078, 36.683887 ] } },
{ "type": "Feature", "properties": { "内容": "北聖会居宅介護支援センター【居宅介護支援】富山市下冨居2丁目1-5北聖病院", "url2": "https://www.kaigokensaku.mhlw.go.jp/16/index.php?action_kouhyou_detail_004_kani=true&JigyosyoCd=1670101425-00&ServiceCd=430&Type=search" }, "geometry": { "type": "Point", "coordinates": [ 137.235285035166129, 36.718715848683146 ] } },
{ "type": "Feature", "properties": { "内容": "いま泉居宅介護支援事業所【居宅介護支援】富山市今泉２２０", "url2": "https://www.kaigokensaku.mhlw.go.jp/16/index.php?action_kouhyou_detail_004_kani=true&JigyosyoCd=1670101235-00&ServiceCd=430&Type=search" }, "geometry": { "type": "Point", "coordinates": [ 137.212695, 36.668853 ] } },
{ "type": "Feature", "properties": { "内容": "生活サポートセンターかけはし【居宅介護支援】水橋市江47ショッピングセンターミューズ", "url2": "https://www.kaigokensaku.mhlw.go.jp/16/index.php?action_kouhyou_detail_004_kani=true&JigyosyoCd=1670111994-00&ServiceCd=430&Type=search" }, "geometry": { "type": "Point", "coordinates": [ 137.314177730805568, 36.755302221209917 ] } },
{ "type": "Feature", "properties": { "内容": "ふるさとのあかり居宅介護支援事業所【居宅介護支援】富山県富山市四方荒屋３２２３番地", "url2": "https://www.kaigokensaku.mhlw.go.jp/16/index.php?action_kouhyou_detail_004_kani=true&JigyosyoCd=1670102092-00&ServiceCd=430&Type=search" }, "geometry": { "type": "Point", "coordinates": [ 137.193317, 36.7505337 ] } },
{ "type": "Feature", "properties": { "内容": "富山医療生活協同組合　在宅福祉総合センターえがお居宅介護支援事業所【居宅介護支援】富山市山室82-1", "url2": "https://www.kaigokensaku.mhlw.go.jp/16/index.php?action_kouhyou_detail_004_kani=true&JigyosyoCd=1670101805-00&ServiceCd=430&Type=search" }, "geometry": { "type": "Point", "coordinates": [ 137.239764299999933, 36.6740026 ] } },
{ "type": "Feature", "properties": { "内容": "のりみね苑居宅介護支援事業所【居宅介護支援】富山県富山市八尾町乗嶺５４６番地", "url2": "https://www.kaigokensaku.mhlw.go.jp/16/index.php?action_kouhyou_detail_004_kani=true&JigyosyoCd=1671800025-00&ServiceCd=430&Type=search" }, "geometry": { "type": "Point", "coordinates": [ 137.118105853967307, 36.555538922905605 ] } },
{ "type": "Feature", "properties": { "内容": "えもと居宅介護支援事業所【居宅介護支援】富山県富山市新庄町6番7", "url2": "https://www.kaigokensaku.mhlw.go.jp/16/index.php?action_kouhyou_detail_004_kani=true&JigyosyoCd=1670114444-00&ServiceCd=430&Type=search" }, "geometry": { "type": "Point", "coordinates": [ 137.255860116837653, 36.706968318851992 ] } },
{ "type": "Feature", "properties": { "内容": "上冨居居宅介護支援事業所【居宅介護支援】富山市上冨居二丁目９番６７号", "url2": "https://www.kaigokensaku.mhlw.go.jp/16/index.php?action_kouhyou_detail_004_kani=true&JigyosyoCd=1670111556-00&ServiceCd=430&Type=search" }, "geometry": { "type": "Point", "coordinates": [ 137.242648799999984, 36.7074872 ] } },
{ "type": "Feature", "properties": { "内容": "ケアパートナー富山【居宅介護支援】富山県富山市天正寺1291番地", "url2": "https://www.kaigokensaku.mhlw.go.jp/16/index.php?action_kouhyou_detail_004_kani=true&JigyosyoCd=1670102480-00&ServiceCd=430&Type=search" }, "geometry": { "type": "Point", "coordinates": [ 137.2504437, 36.680038 ] } },
{ "type": "Feature", "properties": { "内容": "富山北居宅介護支援事業所【居宅介護支援】富山県富山市楠木300", "url2": "https://www.kaigokensaku.mhlw.go.jp/16/index.php?action_kouhyou_detail_004_kani=true&JigyosyoCd=1670113602-00&ServiceCd=430&Type=search" }, "geometry": { "type": "Point", "coordinates": [ 137.2290127, 36.7551234 ] } },
{ "type": "Feature", "properties": { "内容": "富山リハビリ居宅介護支援事業所【居宅介護支援】富山県富山市丸の内2-3-8", "url2": "https://www.kaigokensaku.mhlw.go.jp/16/index.php?action_kouhyou_detail_004_kani=true&JigyosyoCd=1670100567-00&ServiceCd=430&Type=search" }, "geometry": { "type": "Point", "coordinates": [ 137.208516700000018, 36.6914745 ] } },
{ "type": "Feature", "properties": { "内容": "うちくる居宅介護支援事業所【居宅介護支援】富山県富山市西野新47番地", "url2": "https://www.kaigokensaku.mhlw.go.jp/16/index.php?action_kouhyou_detail_004_kani=true&JigyosyoCd=1670113503-00&ServiceCd=430&Type=search" }, "geometry": { "type": "Point", "coordinates": [ 137.26410423746583, 36.663461064454765 ] } },
{ "type": "Feature", "properties": { "内容": "さくら野居宅介護支援事業所【居宅介護支援】富山県富山市八尾町西神通882-1", "url2": "https://www.kaigokensaku.mhlw.go.jp/16/index.php?action_kouhyou_detail_004_kani=true&JigyosyoCd=1670104882-00&ServiceCd=430&Type=search" }, "geometry": { "type": "Point", "coordinates": [ 137.182047, 36.5904282 ] } },
{ "type": "Feature", "properties": { "内容": "かみだき居宅介護支援事業所【居宅介護支援】富山県富山市中滝313-7", "url2": "https://www.kaigokensaku.mhlw.go.jp/16/index.php?action_kouhyou_detail_004_kani=true&JigyosyoCd=1670114964-00&ServiceCd=430&Type=search" }, "geometry": { "type": "Point", "coordinates": [ 137.297987799999987, 36.6093155 ] } },
{ "type": "Feature", "properties": { "内容": "北陸メディカルサービス株式会社　介護事業部【居宅介護支援】富山市奥井町4番36号", "url2": "https://www.kaigokensaku.mhlw.go.jp/16/index.php?action_kouhyou_detail_004_kani=true&JigyosyoCd=1670100138-00&ServiceCd=430&Type=search" }, "geometry": { "type": "Point", "coordinates": [ 137.224702799999932, 36.7048064 ] } },
{ "type": "Feature", "properties": { "内容": "シルバーケア今泉居宅介護支援事業所【居宅介護支援】富山市今泉218番地", "url2": "https://www.kaigokensaku.mhlw.go.jp/16/index.php?action_kouhyou_detail_004_kani=true&JigyosyoCd=1670100948-00&ServiceCd=430&Type=search" }, "geometry": { "type": "Point", "coordinates": [ 137.212167300000033, 36.6691613 ] } },
{ "type": "Feature", "properties": { "内容": "ゆい社会福祉士共同事務所【居宅介護支援】西公文名町9-9", "url2": "https://www.kaigokensaku.mhlw.go.jp/16/index.php?action_kouhyou_detail_004_kani=true&JigyosyoCd=1670114824-00&ServiceCd=430&Type=search" }, "geometry": { "type": "Point", "coordinates": [ 137.2305773, 36.6825142 ] } },
{ "type": "Feature", "properties": { "内容": "くれは居宅介護支援事業所【居宅介護支援】富山県富山市追分茶屋４７２番１ケアコミュニティまるとみ", "url2": "https://www.kaigokensaku.mhlw.go.jp/16/index.php?action_kouhyou_detail_004_kani=true&JigyosyoCd=1670114436-00&ServiceCd=430&Type=search" }, "geometry": { "type": "Point", "coordinates": [ 137.169121300000029, 36.7088075 ] } },
{ "type": "Feature", "properties": { "内容": "わん居宅介護支援事業所【居宅介護支援】富山県富山市楡原４９０－５０", "url2": "https://www.kaigokensaku.mhlw.go.jp/16/index.php?action_kouhyou_detail_004_kani=true&JigyosyoCd=1670113412-00&ServiceCd=430&Type=search" }, "geometry": { "type": "Point", "coordinates": [ 137.233858116285774, 36.534442226369826 ] } },
{ "type": "Feature", "properties": { "内容": "居宅介護支援事業所ひかり苑【居宅介護支援】西田地方町2丁目10番11", "url2": "https://www.kaigokensaku.mhlw.go.jp/16/index.php?action_kouhyou_detail_004_kani=true&JigyosyoCd=1670111705-00&ServiceCd=430&Type=search" }, "geometry": { "type": "Point", "coordinates": [ 137.2054842, 36.682623 ] } },
{ "type": "Feature", "properties": { "内容": "正栄ウェルフェア居宅介護支援事業所【居宅介護支援】富山県富山市秋吉101-14", "url2": "https://www.kaigokensaku.mhlw.go.jp/16/index.php?action_kouhyou_detail_004_kani=true&JigyosyoCd=1670112257-00&ServiceCd=430&Type=search" }, "geometry": { "type": "Point", "coordinates": [ 137.201951799999961, 36.6680723 ] } },
{ "type": "Feature", "properties": { "内容": "居宅介護支援事業所　「みらい」【居宅介護支援】富山市下赤江町２－３－１４", "url2": "https://www.kaigokensaku.mhlw.go.jp/16/index.php?action_kouhyou_detail_004_kani=true&JigyosyoCd=1670103033-00&ServiceCd=430&Type=search" }, "geometry": { "type": "Point", "coordinates": [ 137.2327186, 36.7161553 ] } },
{ "type": "Feature", "properties": { "内容": "尚栄居宅介護支援事業所【居宅介護支援】富山県町村69-1", "url2": "https://www.kaigokensaku.mhlw.go.jp/16/index.php?action_kouhyou_detail_004_kani=true&JigyosyoCd=1670115078-00&ServiceCd=430&Type=search" }, "geometry": { "type": "Point", "coordinates": [ 137.2522105, 36.6836165 ] } },
{ "type": "Feature", "properties": { "内容": "豊佳苑　居宅介護支援センター【居宅介護支援】富山市婦中町萩島６６５－１", "url2": "https://www.kaigokensaku.mhlw.go.jp/16/index.php?action_kouhyou_detail_004_kani=true&JigyosyoCd=1671800173-00&ServiceCd=430&Type=search" }, "geometry": { "type": "Point", "coordinates": [ 137.174571799999967, 36.6335922 ] } },
{ "type": "Feature", "properties": { "内容": "にぎやか【居宅介護支援】富山県富山市綾田町一丁目１０番１８号", "url2": "https://www.kaigokensaku.mhlw.go.jp/16/index.php?action_kouhyou_detail_004_kani=true&JigyosyoCd=1670100542-00&ServiceCd=430&Type=search" }, "geometry": { "type": "Point", "coordinates": [ 137.235141099999964, 36.7021515 ] } },
{ "type": "Feature", "properties": { "内容": "居宅介護支援事業所とやま【居宅介護支援】富山県富山市月岡町6丁目１４５番地", "url2": "https://www.kaigokensaku.mhlw.go.jp/16/index.php?action_kouhyou_detail_004_kani=true&JigyosyoCd=1670114337-00&ServiceCd=430&Type=search" }, "geometry": { "type": "Point", "coordinates": [ 137.239719988705929, 36.631216943459904 ] } },
{ "type": "Feature", "properties": { "内容": "あいあい居宅介護支援事業所【居宅介護支援】富山県富山市窪新町6-21", "url2": "https://www.kaigokensaku.mhlw.go.jp/16/index.php?action_kouhyou_detail_004_kani=true&JigyosyoCd=1670112505-00&ServiceCd=430&Type=search" }, "geometry": { "type": "Point", "coordinates": [ 137.230688500000042, 36.705812 ] } },
{ "type": "Feature", "properties": { "内容": "まるまる居宅介護支援事業所【居宅介護支援】富山県富山市西長江三丁目７番８号", "url2": "https://www.kaigokensaku.mhlw.go.jp/16/index.php?action_kouhyou_detail_004_kani=true&JigyosyoCd=1670114220-00&ServiceCd=430&Type=search" }, "geometry": { "type": "Point", "coordinates": [ 137.237299900000039, 36.6898199 ] } },
{ "type": "Feature", "properties": { "内容": "かたおかケアマネジャー事務所【居宅介護支援】富山県富山市婦中町響の杜269-53", "url2": "https://www.kaigokensaku.mhlw.go.jp/16/index.php?action_kouhyou_detail_004_kani=true&JigyosyoCd=1670114626-00&ServiceCd=430&Type=search" }, "geometry": { "type": "Point", "coordinates": [ 137.159057599999983, 36.6529623 ] } },
{ "type": "Feature", "properties": { "内容": "まごのて居宅介護支援事業所【居宅介護支援】四ツ葉町14-24", "url2": "https://www.kaigokensaku.mhlw.go.jp/16/index.php?action_kouhyou_detail_004_kani=true&JigyosyoCd=1670113933-00&ServiceCd=430&Type=search" }, "geometry": { "type": "Point", "coordinates": [ 137.225930400000038, 36.7064674 ] } },
{ "type": "Feature", "properties": { "内容": "居宅介護支援事業所　あいの風呉羽事業所【居宅介護支援】富山県富山市野々上340居宅介護支援事業所　あいの風呉羽事業所", "url2": "https://www.kaigokensaku.mhlw.go.jp/16/index.php?action_kouhyou_detail_004_kani=true&JigyosyoCd=1670112885-00&ServiceCd=430&Type=search" }, "geometry": { "type": "Point", "coordinates": [ 137.13996861426395, 36.723199003351375 ] } },
{ "type": "Feature", "properties": { "内容": "五省会居宅介護支援事業所【居宅介護支援】富山県富山市秋ヶ島146番1", "url2": "https://www.kaigokensaku.mhlw.go.jp/16/index.php?action_kouhyou_detail_004_kani=true&JigyosyoCd=1670101730-00&ServiceCd=430&Type=search" }, "geometry": { "type": "Point", "coordinates": [ 137.193147400000043, 36.6446498 ] } },
{ "type": "Feature", "properties": { "内容": "月岡居宅介護支援事業所【居宅介護支援】富山市月岡町2丁目189番地", "url2": "https://www.kaigokensaku.mhlw.go.jp/16/index.php?action_kouhyou_detail_004_kani=true&JigyosyoCd=1670100971-00&ServiceCd=430&Type=search" }, "geometry": { "type": "Point", "coordinates": [ 137.264052600000014, 36.6244531 ] } },
{ "type": "Feature", "properties": { "内容": "シルバーケア栗山在宅介護支援センター【居宅介護支援】富山県富山市栗山字沢下割900番地", "url2": "https://www.kaigokensaku.mhlw.go.jp/16/index.php?action_kouhyou_detail_004_kani=true&JigyosyoCd=1670100963-00&ServiceCd=430&Type=search" }, "geometry": { "type": "Point", "coordinates": [ 137.2079368, 36.6222275 ] } },
{ "type": "Feature", "properties": { "内容": "佐伯病院居宅介護支援事業所【居宅介護支援】富山県富山市中川原43－1佐伯病院　３F", "url2": "https://www.kaigokensaku.mhlw.go.jp/16/index.php?action_kouhyou_detail_004_kani=true&JigyosyoCd=1670113305-00&ServiceCd=430&Type=search" }, "geometry": { "type": "Point", "coordinates": [ 137.244654958860821, 36.676110952771154 ] } },
{ "type": "Feature", "properties": { "内容": "みわ苑居宅介護支援事業所【居宅介護支援】富山県富山市小中290-1", "url2": "https://www.kaigokensaku.mhlw.go.jp/16/index.php?action_kouhyou_detail_004_kani=true&JigyosyoCd=1670100930-00&ServiceCd=430&Type=search" }, "geometry": { "type": "Point", "coordinates": [ 137.21276510000007, 36.6394232 ] } },
{ "type": "Feature", "properties": { "内容": "若葉会居宅介護支援事業所【居宅介護支援】富山市石金１丁目２番３０号総合福祉施設おきな", "url2": "https://www.kaigokensaku.mhlw.go.jp/16/index.php?action_kouhyou_detail_004_kani=true&JigyosyoCd=1670104544-00&ServiceCd=430&Type=search" }, "geometry": { "type": "Point", "coordinates": [ 137.234156436801186, 36.691192891935842 ] } },
{ "type": "Feature", "properties": { "内容": "シルバーケア城南居宅介護支援事業所【居宅介護支援】富山県富山市太郎丸西町1-6-6シルバーケア城南", "url2": "https://www.kaigokensaku.mhlw.go.jp/16/index.php?action_kouhyou_detail_004_kani=true&JigyosyoCd=1670100559-00&ServiceCd=430&Type=search" }, "geometry": { "type": "Point", "coordinates": [ 137.20952174708259, 36.677185933537885 ] } },
{ "type": "Feature", "properties": { "内容": "もなみ居宅介護支援事業所【居宅介護支援】富山県富山市太郎丸本町１－１０－２３", "url2": "https://www.kaigokensaku.mhlw.go.jp/16/index.php?action_kouhyou_detail_004_kani=true&JigyosyoCd=1670114758-00&ServiceCd=430&Type=search" }, "geometry": { "type": "Point", "coordinates": [ 137.212264820376618, 36.67744084729469 ] } },
{ "type": "Feature", "properties": { "内容": "チューリップ苑在宅介護支援センター【居宅介護支援】富山県富山市長江五丁目４番３３号", "url2": "https://www.kaigokensaku.mhlw.go.jp/16/index.php?action_kouhyou_detail_004_kani=true&JigyosyoCd=1670100914-00&ServiceCd=430&Type=search" }, "geometry": { "type": "Point", "coordinates": [ 137.245321085705541, 36.687661365707854 ] } },
{ "type": "Feature", "properties": { "内容": "のむら居宅介護支援事業所【居宅介護支援】富山県富山市水橋畠等297", "url2": "https://www.kaigokensaku.mhlw.go.jp/16/index.php?action_kouhyou_detail_004_kani=true&JigyosyoCd=1670114717-00&ServiceCd=430&Type=search" }, "geometry": { "type": "Point", "coordinates": [ 137.306994600000053, 36.7478653 ] } },
{ "type": "Feature", "properties": { "内容": "翠十字会居宅介護支援事業所【居宅介護支援】富山県富山市上千俵町９８－１番地", "url2": "https://www.kaigokensaku.mhlw.go.jp/16/index.php?action_kouhyou_detail_004_kani=true&JigyosyoCd=1670100922-00&ServiceCd=430&Type=search" }, "geometry": { "type": "Point", "coordinates": [ 137.244307, 36.6269555 ] } },
{ "type": "Feature", "properties": { "内容": "なかまち居宅介護支援センター【居宅介護支援】富山市針原中町４１５－１", "url2": "https://www.kaigokensaku.mhlw.go.jp/16/index.php?action_kouhyou_detail_004_kani=true&JigyosyoCd=1670103520-00&ServiceCd=430&Type=search" }, "geometry": { "type": "Point", "coordinates": [ 137.265202199999976, 36.7253746 ] } },
{ "type": "Feature", "properties": { "内容": "奥田地区居宅介護支援事業所【居宅介護支援】富山県富山市永楽町41番22号", "url2": "https://www.kaigokensaku.mhlw.go.jp/16/index.php?action_kouhyou_detail_004_kani=true&JigyosyoCd=1670103249-00&ServiceCd=430&Type=search" }, "geometry": { "type": "Point", "coordinates": [ 137.220194900000024, 36.7026843 ] } },
{ "type": "Feature", "properties": { "内容": "長谷川病院居宅介護支援事業所【居宅介護支援】富山県富山市星井町2丁目7番40号", "url2": "https://www.kaigokensaku.mhlw.go.jp/16/index.php?action_kouhyou_detail_004_kani=true&JigyosyoCd=1670102019-00&ServiceCd=430&Type=search" }, "geometry": { "type": "Point", "coordinates": [ 137.212250076721176, 36.684184164560179 ] } },
{ "type": "Feature", "properties": { "内容": "富山西居宅介護支援事業所【居宅介護支援】富山県富山市婦中町下轡田1019", "url2": "https://www.kaigokensaku.mhlw.go.jp/16/index.php?action_kouhyou_detail_004_kani=true&JigyosyoCd=1670114253-00&ServiceCd=430&Type=search" }, "geometry": { "type": "Point", "coordinates": [ 137.174457599999982, 36.659791899999981 ] } },
{ "type": "Feature", "properties": { "内容": "リベロ居宅介護支援事業所【居宅介護支援】富山県富山市東中野町3-7-13", "url2": "https://www.kaigokensaku.mhlw.go.jp/16/index.php?action_kouhyou_detail_004_kani=true&JigyosyoCd=1670114899-00&ServiceCd=430&Type=search" }, "geometry": { "type": "Point", "coordinates": [ 137.20338910000001, 36.668166 ] } },
{ "type": "Feature", "properties": { "内容": "とやまケアプランセンターそよ風【居宅介護支援】富山市上袋655番地サンコレクト・ギアビル1階", "url2": "https://www.kaigokensaku.mhlw.go.jp/16/index.php?action_kouhyou_detail_004_kani=true&JigyosyoCd=1670102795-00&ServiceCd=430&Type=search" }, "geometry": { "type": "Point", "coordinates": [ 137.213663295535412, 36.658440911794202 ] } },
{ "type": "Feature", "properties": { "内容": "なないろ居宅介護支援事業所【居宅介護支援】富山県富山市長江本町18番1号", "url2": "https://www.kaigokensaku.mhlw.go.jp/16/index.php?action_kouhyou_detail_004_kani=true&JigyosyoCd=1670114527-00&ServiceCd=430&Type=search" }, "geometry": { "type": "Point", "coordinates": [ 137.242145400000027, 36.685980299999983 ] } },
{ "type": "Feature", "properties": { "内容": "イフディ居宅【居宅介護支援】富山県富山市黒崎291ｺﾝﾌｫｰﾄ黒崎", "url2": "https://www.kaigokensaku.mhlw.go.jp/16/index.php?action_kouhyou_detail_004_kani=true&JigyosyoCd=1670113941-00&ServiceCd=430&Type=search" }, "geometry": { "type": "Point", "coordinates": [ 137.207358172541973, 36.652607316027279 ] } },
{ "type": "Feature", "properties": { "内容": "居宅介護支援事業所　えがみさんち【居宅介護支援】富山市八尾町下新町206－3", "url2": "https://www.kaigokensaku.mhlw.go.jp/16/index.php?action_kouhyou_detail_004_kani=true&JigyosyoCd=1670112422-00&ServiceCd=430&Type=search" }, "geometry": { "type": "Point", "coordinates": [ 137.139753599999949, 36.5823589 ] } },
{ "type": "Feature", "properties": { "内容": "居宅介護支援事業所　こはく【居宅介護支援】富山県富山市つばめ野一丁目53", "url2": "https://www.kaigokensaku.mhlw.go.jp/16/index.php?action_kouhyou_detail_004_kani=true&JigyosyoCd=1670111515-00&ServiceCd=430&Type=search" }, "geometry": { "type": "Point", "coordinates": [ 137.189898, 36.7508669 ] } },
{ "type": "Feature", "properties": { "内容": "介護相談所　ぽんぽこ【居宅介護支援】富山県富山市上二杉407-1", "url2": "https://www.kaigokensaku.mhlw.go.jp/16/index.php?action_kouhyou_detail_004_kani=true&JigyosyoCd=1670112182-00&ServiceCd=430&Type=search" }, "geometry": { "type": "Point", "coordinates": [ 137.203012899999976, 36.589152100000042 ] } },
{ "type": "Feature", "properties": { "内容": "ケアマネジメントみんなの輪　おおみや【居宅介護支援】富山県富山市大宮町24番地", "url2": "https://www.kaigokensaku.mhlw.go.jp/16/index.php?action_kouhyou_detail_004_kani=true&JigyosyoCd=1670113495-00&ServiceCd=430&Type=search" }, "geometry": { "type": "Point", "coordinates": [ 137.247397399999954, 36.6604654 ] } },
{ "type": "Feature", "properties": { "内容": "株式会社アポケアとやま【居宅介護支援】富山市向新庄町４丁目１４－４８", "url2": "https://www.kaigokensaku.mhlw.go.jp/16/index.php?action_kouhyou_detail_004_kani=true&JigyosyoCd=1670100211-00&ServiceCd=430&Type=search" }, "geometry": { "type": "Point", "coordinates": [ 137.267027699999971, 36.7036578 ] } },
{ "type": "Feature", "properties": { "内容": "居宅介護支援事業所コスモスの里【居宅介護支援】富山市藤木８９３", "url2": "https://www.kaigokensaku.mhlw.go.jp/16/index.php?action_kouhyou_detail_004_kani=true&JigyosyoCd=1670104072-00&ServiceCd=430&Type=search" }, "geometry": { "type": "Point", "coordinates": [ 137.267205900000022, 36.689079 ] } },
{ "type": "Feature", "properties": { "内容": "コロネット【居宅介護支援】富山県富山市堀川町374-2", "url2": "https://www.kaigokensaku.mhlw.go.jp/16/index.php?action_kouhyou_detail_004_kani=true&JigyosyoCd=1670102076-00&ServiceCd=430&Type=search" }, "geometry": { "type": "Point", "coordinates": [ 137.215067, 36.6654924 ] } },
{ "type": "Feature", "properties": { "内容": "サンウェルズ富山居宅介護支援事業所【居宅介護支援】富山市根塚町1丁目2-5BNKビル2階BNKビル2階", "url2": "https://www.kaigokensaku.mhlw.go.jp/16/index.php?action_kouhyou_detail_004_kani=true&JigyosyoCd=1670112521-00&ServiceCd=430&Type=search" }, "geometry": { "type": "Point", "coordinates": [ 137.207088312093674, 36.676613176978279 ] } },
{ "type": "Feature", "properties": { "内容": "ツクイ富山【居宅介護支援】富山市稲荷元町2-8-9アクトピアトヤマ１階", "url2": "https://www.kaigokensaku.mhlw.go.jp/16/index.php?action_kouhyou_detail_004_kani=true&JigyosyoCd=1670104361-00&ServiceCd=430&Type=search" }, "geometry": { "type": "Point", "coordinates": [ 137.228444599999989, 36.6961577 ] } },
{ "type": "Feature", "properties": { "内容": "ニチイケアセンター富山【居宅介護支援】富山県富山市下奥井1丁目19番16号", "url2": "https://www.kaigokensaku.mhlw.go.jp/16/index.php?action_kouhyou_detail_004_kani=true&JigyosyoCd=1670102837-00&ServiceCd=430&Type=search" }, "geometry": { "type": "Point", "coordinates": [ 137.223216500000035, 36.7126499 ] } },
{ "type": "Feature", "properties": { "内容": "ビルト居宅介護支援事業所【居宅介護支援】富山市館出町２丁目４－４シニアレジデンスビルト", "url2": "https://www.kaigokensaku.mhlw.go.jp/16/index.php?action_kouhyou_detail_004_kani=true&JigyosyoCd=1670114949-00&ServiceCd=430&Type=search" }, "geometry": { "type": "Point", "coordinates": [ 137.232597011639399, 36.694566809551873 ] } },
{ "type": "Feature", "properties": { "内容": "ふる里の風居宅介護支援事業所【居宅介護支援】富山市上赤江町1-12-6サービス付高齢者住宅「ふる里の風」内", "url2": "https://www.kaigokensaku.mhlw.go.jp/16/index.php?action_kouhyou_detail_004_kani=true&JigyosyoCd=1670112430-00&ServiceCd=430&Type=search" }, "geometry": { "type": "Point", "coordinates": [ 137.230292, 36.690950200000017 ] } },
{ "type": "Feature", "properties": { "内容": "居宅介護支援センター　フィール【居宅介護支援】富山市黒瀬４３５－１", "url2": "https://www.kaigokensaku.mhlw.go.jp/16/index.php?action_kouhyou_detail_004_kani=true&JigyosyoCd=1670111598-00&ServiceCd=430&Type=search" }, "geometry": { "type": "Point", "coordinates": [ 137.201754854715688, 36.661281507573605 ] } },
{ "type": "Feature", "properties": { "内容": "笑美寿居宅介護支援事業所【居宅介護支援】冨山市中田2-8-37", "url2": "https://www.kaigokensaku.mhlw.go.jp/16/index.php?action_kouhyou_detail_004_kani=true&JigyosyoCd=1670111739-00&ServiceCd=430&Type=search" }, "geometry": { "type": "Point", "coordinates": [ 137.245910167694092, 36.746453452675375 ] } },
{ "type": "Feature", "properties": { "内容": "うちやま居宅介護支援事業所【居宅介護支援】富山県富山市田刈屋５２番地", "url2": "https://www.kaigokensaku.mhlw.go.jp/16/index.php?action_kouhyou_detail_004_kani=true&JigyosyoCd=1670113693-00&ServiceCd=430&Type=search" }, "geometry": { "type": "Point", "coordinates": [ 137.199120200000038, 36.7051834 ] } },
{ "type": "Feature", "properties": { "内容": "吉田内科クリニック・ホームヘルプサービス有限会社【居宅介護支援】富山県富山市吉作365-6", "url2": "https://www.kaigokensaku.mhlw.go.jp/16/index.php?action_kouhyou_detail_004_kani=true&JigyosyoCd=1670100203-00&ServiceCd=430&Type=search" }, "geometry": { "type": "Point", "coordinates": [ 137.1646356, 36.710249 ] } },
{ "type": "Feature", "properties": { "内容": "富山県看護協会ひよどり富山居宅介護支援事業所【居宅介護支援】富山県富山市鵯島字川原1907-1", "url2": "https://www.kaigokensaku.mhlw.go.jp/16/index.php?action_kouhyou_detail_004_kani=true&JigyosyoCd=1660190081-00&ServiceCd=430&Type=search" }, "geometry": { "type": "Point", "coordinates": [ 137.1951795, 36.6939988 ] } },
{ "type": "Feature", "properties": { "内容": "居宅介護支援事業所えにし【居宅介護支援】富山県富山市清水元町5-4ラフィネ清水Ⅰ-203号", "url2": "https://www.kaigokensaku.mhlw.go.jp/16/index.php?action_kouhyou_detail_004_kani=true&JigyosyoCd=1670114535-00&ServiceCd=430&Type=search" }, "geometry": { "type": "Point", "coordinates": [ 137.231289095037084, 36.687390650882598 ] } },
{ "type": "Feature", "properties": { "内容": "まめふく在宅支援センター【居宅介護支援】富山市寺町65プラザ寺町1番館", "url2": "https://www.kaigokensaku.mhlw.go.jp/16/index.php?action_kouhyou_detail_004_kani=true&JigyosyoCd=1670114378-00&ServiceCd=430&Type=search" }, "geometry": { "type": "Point", "coordinates": [ 137.174106960819501, 36.695573680004713 ] } },
{ "type": "Feature", "properties": { "内容": "やまふく在宅支援センター【居宅介護支援】中市二丁目３－３１ファーストオフィス中市Ｂ", "url2": "https://www.kaigokensaku.mhlw.go.jp/16/index.php?action_kouhyou_detail_004_kani=true&JigyosyoCd=1670115086-00&ServiceCd=430&Type=search" }, "geometry": { "type": "Point", "coordinates": [ 137.236805189549244, 36.680030297823293 ] } },
{ "type": "Feature", "properties": { "内容": "白光苑居宅介護支援事業所【居宅介護支援】富山市石坂新８３０番1サービス付高齢者住宅　桜谷の里内", "url2": "https://www.kaigokensaku.mhlw.go.jp/16/index.php?action_kouhyou_detail_004_kani=true&JigyosyoCd=1670100179-00&ServiceCd=430&Type=search" }, "geometry": { "type": "Point", "coordinates": [ 137.20125691031194, 36.715557327265806 ] } },
{ "type": "Feature", "properties": { "内容": "梨雲苑指定居宅介護支援事業所【居宅介護支援】富山県富山市吉作1725番地", "url2": "https://www.kaigokensaku.mhlw.go.jp/16/index.php?action_kouhyou_detail_004_kani=true&JigyosyoCd=1670100013-00&ServiceCd=430&Type=search" }, "geometry": { "type": "Point", "coordinates": [ 137.153270199999952, 36.7122291 ] } },
{ "type": "Feature", "properties": { "内容": "水橋介護保険相談所【居宅介護支援】富山市水橋新堀１７－１特別養護老人ホーム　しらいわ苑", "url2": "https://www.kaigokensaku.mhlw.go.jp/16/index.php?action_kouhyou_detail_004_kani=true&JigyosyoCd=1670101656-00&ServiceCd=430&Type=search" }, "geometry": { "type": "Point", "coordinates": [ 137.30417680000005, 36.7148715 ] } },
{ "type": "Feature", "properties": { "内容": "すみれ苑居宅介護支援事業所【居宅介護支援】富山市横越180番地", "url2": "https://www.kaigokensaku.mhlw.go.jp/16/index.php?action_kouhyou_detail_004_kani=true&JigyosyoCd=1670100112-00&ServiceCd=430&Type=search" }, "geometry": { "type": "Point", "coordinates": [ 137.283783099999937, 36.7515253 ] } },
{ "type": "Feature", "properties": { "内容": "アルペン居宅介護支援事業所【居宅介護支援】富山県富山市小西170番地", "url2": "https://www.kaigokensaku.mhlw.go.jp/16/index.php?action_kouhyou_detail_004_kani=true&JigyosyoCd=1670100088-00&ServiceCd=430&Type=search" }, "geometry": { "type": "Point", "coordinates": [ 137.257864, 36.7246772 ] } },
{ "type": "Feature", "properties": { "内容": "くまの光風苑【居宅介護支援】富山市南金屋111番地", "url2": "https://www.kaigokensaku.mhlw.go.jp/16/index.php?action_kouhyou_detail_004_kani=true&JigyosyoCd=1670104494-00&ServiceCd=430&Type=search" }, "geometry": { "type": "Point", "coordinates": [ 137.231574599999931, 36.6343102 ] } },
{ "type": "Feature", "properties": { "内容": "堀川南光風苑【居宅介護支援】富山市本郷町262-14", "url2": "https://www.kaigokensaku.mhlw.go.jp/16/index.php?action_kouhyou_detail_004_kani=true&JigyosyoCd=1670102845-00&ServiceCd=430&Type=search" }, "geometry": { "type": "Point", "coordinates": [ 137.2329042, 36.6630068 ] } },
{ "type": "Feature", "properties": { "内容": "にながわ光風苑【居宅介護支援】富山市蜷川89番地", "url2": "https://www.kaigokensaku.mhlw.go.jp/16/index.php?action_kouhyou_detail_004_kani=true&JigyosyoCd=1670100104-00&ServiceCd=430&Type=search" }, "geometry": { "type": "Point", "coordinates": [ 137.2104041, 36.6442948 ] } },
{ "type": "Feature", "properties": { "内容": "晴風荘居宅介護支援事業所【居宅介護支援】富山県富山市水橋辻", "url2": "https://www.kaigokensaku.mhlw.go.jp/16/index.php?action_kouhyou_detail_004_kani=true&JigyosyoCd=1670100146-00&ServiceCd=430&Type=search" }, "geometry": { "type": "Point", "coordinates": [ 137.297984428172271, 36.746214086294415 ] } },
{ "type": "Feature", "properties": { "内容": "あざみ居宅介護支援事業所【居宅介護支援】富山県富山市辰巳町２丁目４番１２号", "url2": "https://www.kaigokensaku.mhlw.go.jp/16/index.php?action_kouhyou_detail_004_kani=true&JigyosyoCd=1670112414-00&ServiceCd=430&Type=search" }, "geometry": { "type": "Point", "coordinates": [ 137.221931899999959, 36.6838011 ] } },
{ "type": "Feature", "properties": { "内容": "三寿苑居宅介護支援事業所【居宅介護支援】富山市大島３丁目１７７番地", "url2": "https://www.kaigokensaku.mhlw.go.jp/16/index.php?action_kouhyou_detail_004_kani=true&JigyosyoCd=1670100120-00&ServiceCd=430&Type=search" }, "geometry": { "type": "Point", "coordinates": [ 137.278921376252782, 36.673220636282807 ] } },
{ "type": "Feature", "properties": { "内容": "みずほサポートセンター居宅介護支援事業所【居宅介護支援】富山県富山市婦中町上吉川１３２－１", "url2": "https://www.kaigokensaku.mhlw.go.jp/16/index.php?action_kouhyou_detail_004_kani=true&JigyosyoCd=1670112497-00&ServiceCd=430&Type=search" }, "geometry": { "type": "Point", "coordinates": [ 137.136557443347073, 36.641178307289685 ] } },
{ "type": "Feature", "properties": { "内容": "射水万葉会天正寺サポートセンター居宅介護支援事業所【居宅介護支援】天正寺484番地１", "url2": "https://www.kaigokensaku.mhlw.go.jp/16/index.php?action_kouhyou_detail_004_kani=true&JigyosyoCd=1670104890-00&ServiceCd=430&Type=search" }, "geometry": { "type": "Point", "coordinates": [ 137.249285200000031, 36.6870483 ] } },
{ "type": "Feature", "properties": { "内容": "あすなろの郷居宅介護支援事業所【居宅介護支援】富山市下新北町6-45", "url2": "https://www.kaigokensaku.mhlw.go.jp/16/index.php?action_kouhyou_detail_004_kani=true&JigyosyoCd=1670105152-00&ServiceCd=430&Type=search" }, "geometry": { "type": "Point", "coordinates": [ 137.220122299999957, 36.717002 ] } },
{ "type": "Feature", "properties": { "内容": "広田居宅介護支援事業所【居宅介護支援】富山市飯野1-2", "url2": "https://www.kaigokensaku.mhlw.go.jp/16/index.php?action_kouhyou_detail_004_kani=true&JigyosyoCd=1670102787-00&ServiceCd=430&Type=search" }, "geometry": { "type": "Point", "coordinates": [ 137.2488467, 36.71901840000001 ] } },
{ "type": "Feature", "properties": { "内容": "ふなん苑居宅介護支援事業所【居宅介護支援】富山市石屋237番地", "url2": "https://www.kaigokensaku.mhlw.go.jp/16/index.php?action_kouhyou_detail_004_kani=true&JigyosyoCd=1670101920-00&ServiceCd=430&Type=search" }, "geometry": { "type": "Point", "coordinates": [ 137.2576967, 36.6525803 ] } },
{ "type": "Feature", "properties": { "内容": "しみずまち敬寿苑指定居宅介護支援事業所【居宅介護支援】富山市清水町二丁目6－23", "url2": "https://www.kaigokensaku.mhlw.go.jp/16/index.php?action_kouhyou_detail_004_kani=true&JigyosyoCd=1670103025-00&ServiceCd=430&Type=search" }, "geometry": { "type": "Point", "coordinates": [ 137.225915016116346, 36.688861805597206 ] } },
{ "type": "Feature", "properties": { "内容": "敬寿苑在宅介護支援センター【居宅介護支援】富山県富山市今泉西部町1番地3", "url2": "https://www.kaigokensaku.mhlw.go.jp/16/index.php?action_kouhyou_detail_004_kani=true&JigyosyoCd=1670100054-00&ServiceCd=430&Type=search" }, "geometry": { "type": "Point", "coordinates": [ 137.209145199999966, 36.673905 ] } },
{ "type": "Feature", "properties": { "内容": "ケアサポートにながわ【居宅介護支援】富山市二俣327-4", "url2": "https://www.kaigokensaku.mhlw.go.jp/16/index.php?action_kouhyou_detail_004_kani=true&JigyosyoCd=1670105020-00&ServiceCd=430&Type=search" }, "geometry": { "type": "Point", "coordinates": [ 137.21656986256562, 36.645402544508258 ] } },
{ "type": "Feature", "properties": { "内容": "ソレイユ居宅介護支援事業所【居宅介護支援】富山県富山市下堀５０－６", "url2": "https://www.kaigokensaku.mhlw.go.jp/16/index.php?action_kouhyou_detail_004_kani=true&JigyosyoCd=1670103512-00&ServiceCd=430&Type=search" }, "geometry": { "type": "Point", "coordinates": [ 137.228415700000028, 36.6625096 ] } },
{ "type": "Feature", "properties": { "内容": "梨雲苑ゆうゆう指定居宅介護支援事業所【居宅介護支援】富山県富山市野口南部121", "url2": "https://www.kaigokensaku.mhlw.go.jp/16/index.php?action_kouhyou_detail_004_kani=true&JigyosyoCd=1670112653-00&ServiceCd=430&Type=search" }, "geometry": { "type": "Point", "coordinates": [ 137.152808887905167, 36.71328943587605 ] } },
{ "type": "Feature", "properties": { "内容": "さいさい居宅介護支援事業所【居宅介護支援】富山市金屋2332", "url2": "https://www.kaigokensaku.mhlw.go.jp/16/index.php?action_kouhyou_detail_004_kani=true&JigyosyoCd=1670103926-00&ServiceCd=430&Type=search" }, "geometry": { "type": "Point", "coordinates": [ 137.1670385, 36.6914793 ] } },
{ "type": "Feature", "properties": { "内容": "和合ハイツ居宅介護支援事業所【居宅介護支援】富山県富山市布目１９６６番地１", "url2": "https://www.kaigokensaku.mhlw.go.jp/16/index.php?action_kouhyou_detail_004_kani=true&JigyosyoCd=1670100336-00&ServiceCd=430&Type=search" }, "geometry": { "type": "Point", "coordinates": [ 137.190431399999966, 36.7468618 ] } },
{ "type": "Feature", "properties": { "内容": "青鳥寺居宅介護支援事業所【居宅介護支援】富山県富山市二口町１丁目９番３", "url2": "https://www.kaigokensaku.mhlw.go.jp/16/index.php?action_kouhyou_detail_004_kani=true&JigyosyoCd=1670105160-00&ServiceCd=430&Type=search" }, "geometry": { "type": "Point", "coordinates": [ 137.201976699999932, 36.6715857 ] } },
{ "type": "Feature", "properties": { "内容": "このゆびとーまれ【居宅介護支援】富山県富山市富岡町３６５番地", "url2": "https://www.kaigokensaku.mhlw.go.jp/16/index.php?action_kouhyou_detail_004_kani=true&JigyosyoCd=1670100351-00&ServiceCd=430&Type=search" }, "geometry": { "type": "Point", "coordinates": [ 137.26232559999994, 36.6943977 ] } },
{ "type": "Feature", "properties": { "内容": "しおんの家居宅介護支援事業所【居宅介護支援】富山市水橋辻ヶ堂777フリーハウスしおんの家・信", "url2": "https://www.kaigokensaku.mhlw.go.jp/16/index.php?action_kouhyou_detail_004_kani=true&JigyosyoCd=1670100369-00&ServiceCd=430&Type=search" }, "geometry": { "type": "Point", "coordinates": [ 137.295448991648101, 36.754001714791904 ] } },
{ "type": "Feature", "properties": { "内容": "ふくふく居宅介護支援事業所【居宅介護支援】富山市月岡町4丁目171-1", "url2": "https://www.kaigokensaku.mhlw.go.jp/16/index.php?action_kouhyou_detail_004_kani=true&JigyosyoCd=1670114360-00&ServiceCd=430&Type=search" }, "geometry": { "type": "Point", "coordinates": [ 137.25468950000004, 36.6242475 ] } },
{ "type": "Feature", "properties": { "内容": "富山赤十字ケアプラン事業所【居宅介護支援】富山市牛島本町２－１－５８富山赤十字病院　５階", "url2": "https://www.kaigokensaku.mhlw.go.jp/16/index.php?action_kouhyou_detail_004_kani=true&JigyosyoCd=1670113263-00&ServiceCd=430&Type=search" }, "geometry": { "type": "Point", "coordinates": [ 137.2089492, 36.708375 ] } },
{ "type": "Feature", "properties": { "内容": "富山医療生活協同組合　在宅福祉総合センターひまわり【居宅介護支援】富山市粟島町2丁目2番1号", "url2": "https://www.kaigokensaku.mhlw.go.jp/16/index.php?action_kouhyou_detail_004_kani=true&JigyosyoCd=1660190016-00&ServiceCd=430&Type=search" }, "geometry": { "type": "Point", "coordinates": [ 137.231179600000019, 36.724432 ] } },
{ "type": "Feature", "properties": { "内容": "富山医療生活協同組合　在宅福祉総合センターぽぷら【居宅介護支援】富山市婦中町速星398番地１", "url2": "https://www.kaigokensaku.mhlw.go.jp/16/index.php?action_kouhyou_detail_004_kani=true&JigyosyoCd=1661890002-00&ServiceCd=430&Type=search" }, "geometry": { "type": "Point", "coordinates": [ 137.165486200000032, 36.6638911 ] } },
{ "type": "Feature", "properties": { "内容": "富山医療生活協同組合在宅福祉総合センターきずな居宅介護支援事業所【居宅介護支援】富山市柳町1丁目２－１８", "url2": "https://www.kaigokensaku.mhlw.go.jp/16/index.php?action_kouhyou_detail_004_kani=true&JigyosyoCd=1670100161-00&ServiceCd=430&Type=search" }, "geometry": { "type": "Point", "coordinates": [ 137.222117499999968, 36.692847 ] } },
{ "type": "Feature", "properties": { "内容": "北酸株式会社　居宅介護支援事業所【居宅介護支援】荒川1丁目1番88号", "url2": "https://www.kaigokensaku.mhlw.go.jp/16/index.php?action_kouhyou_detail_004_kani=true&JigyosyoCd=1670111952-00&ServiceCd=430&Type=search" }, "geometry": { "type": "Point", "coordinates": [ 137.245105239811664, 36.700745895929991 ] } },
{ "type": "Feature", "properties": { "内容": "ふくし百選プランニングあずみ【居宅介護支援】富山市舟橋南町７番4号", "url2": "https://www.kaigokensaku.mhlw.go.jp/16/index.php?action_kouhyou_detail_004_kani=true&JigyosyoCd=1670111812-00&ServiceCd=430&Type=search" }, "geometry": { "type": "Point", "coordinates": [ 137.207569346878472, 36.695152786088997 ] } },
{ "type": "Feature", "properties": { "内容": "有限会社　千石ケアサービス【居宅介護支援】富山県富山市千石町５－３－７", "url2": "https://www.kaigokensaku.mhlw.go.jp/16/index.php?action_kouhyou_detail_004_kani=true&JigyosyoCd=1670100328-00&ServiceCd=430&Type=search" }, "geometry": { "type": "Point", "coordinates": [ 137.211441980872223, 36.685070054846761 ] } },
{ "type": "Feature", "properties": { "内容": "プランセンター　マーガレット【居宅介護支援】富山市小泉町11", "url2": "https://www.kaigokensaku.mhlw.go.jp/16/index.php?action_kouhyou_detail_004_kani=true&JigyosyoCd=1670112349-00&ServiceCd=430&Type=search" }, "geometry": { "type": "Point", "coordinates": [ 137.218973014680472, 36.676674657477939 ] } },
{ "type": "Feature", "properties": { "内容": "居宅介護支援事業所金泉寺【居宅介護支援】富山県富山市手屋3丁目8－40", "url2": "https://www.kaigokensaku.mhlw.go.jp/16/index.php?action_kouhyou_detail_004_kani=true&JigyosyoCd=1670114782-00&ServiceCd=430&Type=search" }, "geometry": { "type": "Point", "coordinates": [ 137.265983171623589, 36.718626068566543 ] } },
{ "type": "Feature", "properties": { "内容": "居宅介護支援事業所　ひより【居宅介護支援】富山市下野1784-6", "url2": "https://www.kaigokensaku.mhlw.go.jp/16/index.php?action_kouhyou_detail_004_kani=true&JigyosyoCd=1670102258-00&ServiceCd=430&Type=search" }, "geometry": { "type": "Point", "coordinates": [ 137.180828600000041, 36.6932903 ] } },
{ "type": "Feature", "properties": { "内容": "ひよこ居宅介護支援事業所【居宅介護支援】富山県富山市水橋狐塚３６番地３", "url2": "https://www.kaigokensaku.mhlw.go.jp/16/index.php?action_kouhyou_detail_004_kani=true&JigyosyoCd=1670115433-00&ServiceCd=430&Type=search" }, "geometry": { "type": "Point", "coordinates": [ 137.3162872, 36.7490151 ] } },
{ "type": "Feature", "properties": { "内容": "医心館居宅介護支援事業所富山【居宅介護支援】富山県富山市今泉185番地1", "url2": "https://www.kaigokensaku.mhlw.go.jp/16/index.php?action_kouhyou_detail_004_kani=true&JigyosyoCd=1670115581-00&ServiceCd=430&Type=search" }, "geometry": { "type": "Point", "coordinates": [ 137.2123784, 36.6672366 ] } },
{ "type": "Feature", "properties": { "内容": "つばき居宅介護支援事業所【居宅介護支援】富山県富山市豊田本町三丁目20番13ステンドハウスD棟101号", "url2": "https://www.kaigokensaku.mhlw.go.jp/16/index.php?action_kouhyou_detail_004_kani=true&JigyosyoCd=1670115698-00&ServiceCd=430&Type=search" }, "geometry": { "type": "Point", "coordinates": [ 137.2392503, 36.7242382 ] } },
{ "type": "Feature", "properties": { "内容": "ＪＡあおば居宅介護支援センター【居宅介護支援】富山県富山市八尾町黒田2702-1", "url2": "https://www.kaigokensaku.mhlw.go.jp/16/index.php?action_kouhyou_detail_004_kani=true&JigyosyoCd=1671800215-00&ServiceCd=430&Type=search" }, "geometry": { "type": "Point", "coordinates": [ 137.163514886969011, 36.601136418142509 ] } },
{ "type": "Feature", "properties": { "内容": "萩野医院居宅介護支援センター【居宅介護支援】富山県富山市八尾町福島4-71", "url2": "https://www.kaigokensaku.mhlw.go.jp/16/index.php?action_kouhyou_detail_004_kani=true&JigyosyoCd=1671800439-00&ServiceCd=430&Type=search" }, "geometry": { "type": "Point", "coordinates": [ 137.140403399999968, 36.5922522 ] } },
{ "type": "Feature", "properties": { "内容": "大沢野クリニック居宅介護支援センター【居宅介護支援】富山県富山市上二杉４２０－２", "url2": "https://www.kaigokensaku.mhlw.go.jp/16/index.php?action_kouhyou_detail_004_kani=true&JigyosyoCd=1671500203-00&ServiceCd=430&Type=search" }, "geometry": { "type": "Point", "coordinates": [ 137.202661900000066, 36.5910172 ] } },
{ "type": "Feature", "properties": { "内容": "おおやま居宅介護支援センター【居宅介護支援】富山市花崎８５", "url2": "https://www.kaigokensaku.mhlw.go.jp/16/index.php?action_kouhyou_detail_004_kani=true&JigyosyoCd=1671500112-00&ServiceCd=430&Type=search" }, "geometry": { "type": "Point", "coordinates": [ 137.280629299999987, 36.6096965 ] } },
{ "type": "Feature", "properties": { "内容": "八尾居宅介護支援事業所【居宅介護支援】富山市八尾町福島7-42", "url2": "https://www.kaigokensaku.mhlw.go.jp/16/index.php?action_kouhyou_detail_004_kani=true&JigyosyoCd=1671800181-00&ServiceCd=430&Type=search" }, "geometry": { "type": "Point", "coordinates": [ 137.1377397, 36.5963545 ] } },
{ "type": "Feature", "properties": { "内容": "ハッピーとやま【居宅介護支援】富山県富山市高畠町1丁目10番17号", "url2": "https://www.kaigokensaku.mhlw.go.jp/16/index.php?action_kouhyou_detail_004_kani=true&JigyosyoCd=1671500054-00&ServiceCd=430&Type=search" }, "geometry": { "type": "Point", "coordinates": [ 137.2303015, 36.7499489 ] } },
{ "type": "Feature", "properties": { "内容": "ニチイケアセンター婦中【居宅介護支援】富山県富山市婦中町上田島32-2", "url2": "https://www.kaigokensaku.mhlw.go.jp/16/index.php?action_kouhyou_detail_004_kani=true&JigyosyoCd=1671800223-00&ServiceCd=430&Type=search" }, "geometry": { "type": "Point", "coordinates": [ 137.173910299999989, 36.6689491 ] } },
{ "type": "Feature", "properties": { "内容": "富山総合福祉研究所【居宅介護支援】富山県富山市上大久保６１８番地４７", "url2": "https://www.kaigokensaku.mhlw.go.jp/16/index.php?action_kouhyou_detail_004_kani=true&JigyosyoCd=1671800298-00&ServiceCd=430&Type=search" }, "geometry": { "type": "Point", "coordinates": [ 137.209741500000064, 36.6004133 ] } },
{ "type": "Feature", "properties": { "内容": "はなさき苑居宅介護支援事業所【居宅介護支援】富山県富山市花崎80番地", "url2": "https://www.kaigokensaku.mhlw.go.jp/16/index.php?action_kouhyou_detail_004_kani=true&JigyosyoCd=1671500021-00&ServiceCd=430&Type=search" }, "geometry": { "type": "Point", "coordinates": [ 137.279862699999967, 36.6100076 ] } },
{ "type": "Feature", "properties": { "内容": "ささづ苑居宅介護支援センター【居宅介護支援】富山県富山市下夕林237", "url2": "https://www.kaigokensaku.mhlw.go.jp/16/index.php?action_kouhyou_detail_004_kani=true&JigyosyoCd=1671500237-00&ServiceCd=430&Type=search" }, "geometry": { "type": "Point", "coordinates": [ 137.211125088954958, 36.569521787576591 ] } },
{ "type": "Feature", "properties": { "内容": "椿寿荘居宅介護支援事業所【居宅介護支援】富山県富山市八尾町奥田80番地", "url2": "https://www.kaigokensaku.mhlw.go.jp/16/index.php?action_kouhyou_detail_004_kani=true&JigyosyoCd=1671800405-00&ServiceCd=430&Type=search" }, "geometry": { "type": "Point", "coordinates": [ 137.1311624, 36.6186518 ] } },
{ "type": "Feature", "properties": { "内容": "喜寿苑居宅介護支援事業所【居宅介護支援】富山市婦中町塚原122", "url2": "https://www.kaigokensaku.mhlw.go.jp/16/index.php?action_kouhyou_detail_004_kani=true&JigyosyoCd=1671800017-00&ServiceCd=430&Type=search" }, "geometry": { "type": "Point", "coordinates": [ 137.184033799999952, 36.6594977 ] } },
{ "type": "Feature", "properties": { "内容": "太陽苑居宅介護支援事業所【居宅介護支援】富山県富山市新村８７番地２", "url2": "https://www.kaigokensaku.mhlw.go.jp/16/index.php?action_kouhyou_detail_004_kani=true&JigyosyoCd=1671500062-00&ServiceCd=430&Type=search" }, "geometry": { "type": "Point", "coordinates": [ 137.214873799999964, 36.6179227 ] } },
{ "type": "Feature", "properties": { "内容": "ふるさと敬寿苑居宅介護支援事業所【居宅介護支援】富山県富山市婦中町羽根1092番地2", "url2": "https://www.kaigokensaku.mhlw.go.jp/16/index.php?action_kouhyou_detail_004_kani=true&JigyosyoCd=1671800314-00&ServiceCd=430&Type=search" }, "geometry": { "type": "Point", "coordinates": [ 137.140519199999972, 36.659941 ] } },
{ "type": "Feature", "properties": { "内容": "ちゅらさん居宅介護支援事業所【居宅介護支援】富山市上袋712", "url2": "https://www.kaigokensaku.mhlw.go.jp/16/index.php?action_kouhyou_detail_004_kani=true&JigyosyoCd=1670102894-00&ServiceCd=430&Type=search" }, "geometry": { "type": "Point", "coordinates": [ 137.207865199999986, 36.6610149 ] } },
{ "type": "Feature", "properties": { "内容": "老人居宅介護支援センターくれは苑【居宅介護支援】富山県富山市中老田845番地", "url2": "https://www.kaigokensaku.mhlw.go.jp/16/index.php?action_kouhyou_detail_004_kani=true&JigyosyoCd=1670103967-00&ServiceCd=430&Type=search" }, "geometry": { "type": "Point", "coordinates": [ 137.130214199999955, 36.6999579 ] } },
{ "type": "Feature", "properties": { "内容": "アモール居宅介護支援事業所【居宅介護支援】富山県富山市黒瀬北町2丁目7-8キャルム102", "url2": "https://www.kaigokensaku.mhlw.go.jp/16/index.php?action_kouhyou_detail_004_kani=true&JigyosyoCd=1670113289-00&ServiceCd=430&Type=search" }, "geometry": { "type": "Point", "coordinates": [ 137.204121100000066, 36.6644005 ] } },
{ "type": "Feature", "properties": { "内容": "なないろ南居宅介護支援事業所【居宅介護支援】富山県富山市大栗30番地11", "url2": "https://www.kaigokensaku.mhlw.go.jp/16/index.php?action_kouhyou_detail_004_kani=true&JigyosyoCd=1670115383-00&ServiceCd=430&Type=search" }, "geometry": { "type": "Point", "coordinates": [ 137.2788065, 36.612125 ] } },
{ "type": "Feature", "properties": { "内容": "チャレンジアイ居宅介護支援事業所【居宅介護支援】富山県富山市上冨居二丁目9番67号", "url2": "https://www.kaigokensaku.mhlw.go.jp/16/index.php?action_kouhyou_detail_004_kani=true&JigyosyoCd=1670115490-00&ServiceCd=430&Type=search" }, "geometry": { "type": "Point", "coordinates": [ 137.2426656, 36.7075276 ] } },
{ "type": "Feature", "properties": { "内容": "ケアプランセンターリーフ【居宅介護支援】富山市下堀7番地", "url2": "https://www.kaigokensaku.mhlw.go.jp/16/index.php?action_kouhyou_detail_004_kani=true&JigyosyoCd=1670115219-00&ServiceCd=430&Type=search" }, "geometry": { "type": "Point", "coordinates": [ 137.227120595901795, 36.661548040070173 ] } },
{ "type": "Feature", "properties": { "内容": "Coco楽笑居宅介護支援事業所【居宅介護支援】富山県富山市蓮町四丁目６番３号", "url2": "https://www.kaigokensaku.mhlw.go.jp/16/index.php?action_kouhyou_detail_004_kani=true&JigyosyoCd=1670115367-00&ServiceCd=430&Type=search" }, "geometry": { "type": "Point", "coordinates": [ 137.233316300000013, 36.7422593 ] } },
{ "type": "Feature", "properties": { "内容": "モンテ居宅介護支援事業所【居宅介護支援】豊田本町三丁目20番13－201号ステンドハウスD棟", "url2": "https://www.kaigokensaku.mhlw.go.jp/16/index.php?action_kouhyou_detail_004_kani=true&JigyosyoCd=1670115706-00&ServiceCd=430&Type=search" }, "geometry": { "type": "Point", "coordinates": [ 137.2392503, 36.7242382 ] } },
{ "type": "Feature", "properties": { "内容": "ライフサポート虹の丘三郷【居宅介護支援】富山県富山市水橋小路287-1", "url2": "https://www.kaigokensaku.mhlw.go.jp/16/index.php?action_kouhyou_detail_004_kani=true&JigyosyoCd=1670103827-00&ServiceCd=430&Type=search" }, "geometry": { "type": "Point", "coordinates": [ 137.291712249737571, 36.718103420370625 ] } },
{ "type": "Feature", "properties": { "内容": "合同会社　サポートハウス　牧さん家【居宅介護支援】富山県富山市西長江２丁目１－２", "url2": "https://www.kaigokensaku.mhlw.go.jp/16/index.php?action_kouhyou_detail_004_kani=true&JigyosyoCd=1670113255-00&ServiceCd=430&Type=search" }, "geometry": { "type": "Point", "coordinates": [ 137.23692226536366, 36.694288490249882 ] } },
{ "type": "Feature", "properties": { "内容": "老人介護事業所　あさひホーム居宅介護支援事業所【居宅介護支援】富山市吉作4261-5", "url2": "https://www.kaigokensaku.mhlw.go.jp/16/index.php?action_kouhyou_detail_004_kani=true&JigyosyoCd=1670102266-00&ServiceCd=430&Type=search" }, "geometry": { "type": "Point", "coordinates": [ 137.162081789396495, 36.704424168306247 ] } },
{ "type": "Feature", "properties": { "内容": "あんじゅ居宅介護支援事業所【居宅介護支援】富山県富山市大島2丁目596－19", "url2": "https://www.kaigokensaku.mhlw.go.jp/16/index.php?action_kouhyou_detail_004_kani=true&JigyosyoCd=1670115425-00&ServiceCd=430&Type=search" }, "geometry": { "type": "Point", "coordinates": [ 137.2733287, 36.6725886 ] } },
{ "type": "Feature", "properties": { "内容": "エンジョイライフ居宅介護支援事業所【居宅介護支援】東町１丁目5-8クリスタルビル101クリスタルビル101", "url2": "https://www.kaigokensaku.mhlw.go.jp/16/index.php?action_kouhyou_detail_004_kani=true&JigyosyoCd=1670115441-00&ServiceCd=430&Type=search" }, "geometry": { "type": "Point", "coordinates": [ 137.2274461, 36.692569 ] } },
{ "type": "Feature", "properties": { "内容": "介護相談センターあやめ【居宅介護支援】富山市上大久保１３０８－２", "url2": "https://www.kaigokensaku.mhlw.go.jp/16/index.php?action_kouhyou_detail_004_kani=true&JigyosyoCd=1670112760-00&ServiceCd=430&Type=search" }, "geometry": { "type": "Point", "coordinates": [ 137.203921917204923, 36.59833161884567 ] } },
{ "type": "Feature", "properties": { "内容": "居宅介護支援事業所　越中【居宅介護支援】富山市新保33番地1", "url2": "https://www.kaigokensaku.mhlw.go.jp/16/index.php?action_kouhyou_detail_004_kani=true&JigyosyoCd=1670102134-00&ServiceCd=430&Type=search" }, "geometry": { "type": "Point", "coordinates": [ 137.19347190000002, 36.6418518 ] } },
{ "type": "Feature", "properties": { "内容": "株式会社ほのか　居宅介護支援事業所【居宅介護支援】富山県高岡市宝町7-27", "url2": "https://www.kaigokensaku.mhlw.go.jp/16/index.php?action_kouhyou_detail_004_kani=true&JigyosyoCd=1670201969-00&ServiceCd=430&Type=search" }, "geometry": { "type": "Point", "coordinates": [ 137.026242, 36.7557129 ] } },
{ "type": "Feature", "properties": { "内容": "サニーケアプランセンター【居宅介護支援】富山県高岡市福岡町本領259-7", "url2": "https://www.kaigokensaku.mhlw.go.jp/16/index.php?action_kouhyou_detail_004_kani=true&JigyosyoCd=1670201928-00&ServiceCd=430&Type=search" }, "geometry": { "type": "Point", "coordinates": [ 136.909934499999963, 36.6953872 ] } },
{ "type": "Feature", "properties": { "内容": "ケアサポートうてな高岡【居宅介護支援】富山県高岡市伏木国分２－７－１６", "url2": "https://www.kaigokensaku.mhlw.go.jp/16/index.php?action_kouhyou_detail_004_kani=true&JigyosyoCd=1670202702-00&ServiceCd=430&Type=search" }, "geometry": { "type": "Point", "coordinates": [ 137.0509626, 36.8022643 ] } },
{ "type": "Feature", "properties": { "内容": "居宅介護支援事業所雅【居宅介護支援】富山県高岡市京田281-1", "url2": "https://www.kaigokensaku.mhlw.go.jp/16/index.php?action_kouhyou_detail_004_kani=true&JigyosyoCd=1670202173-00&ServiceCd=430&Type=search" }, "geometry": { "type": "Point", "coordinates": [ 137.012433800000053, 36.7310155 ] } },
{ "type": "Feature", "properties": { "内容": "フクシア居宅介護支援事業所【居宅介護支援】明園町9-12", "url2": "https://www.kaigokensaku.mhlw.go.jp/16/index.php?action_kouhyou_detail_004_kani=true&JigyosyoCd=1670201837-00&ServiceCd=430&Type=search" }, "geometry": { "type": "Point", "coordinates": [ 137.027755538359088, 36.742438963034985 ] } },
{ "type": "Feature", "properties": { "内容": "のむらサポートセンター居宅介護支援事業所【居宅介護支援】富山県高岡市野村794-4", "url2": "https://www.kaigokensaku.mhlw.go.jp/16/index.php?action_kouhyou_detail_004_kani=true&JigyosyoCd=1670201613-00&ServiceCd=430&Type=search" }, "geometry": { "type": "Point", "coordinates": [ 137.038306274563553, 36.748824365869403 ] } },
{ "type": "Feature", "properties": { "内容": "居宅介護支援事業所紬【居宅介護支援】富山県高岡市野村1542-1", "url2": "https://www.kaigokensaku.mhlw.go.jp/16/index.php?action_kouhyou_detail_004_kani=true&JigyosyoCd=1670202728-00&ServiceCd=430&Type=search" }, "geometry": { "type": "Point", "coordinates": [ 137.0409838, 36.7575723 ] } },
{ "type": "Feature", "properties": { "内容": "居宅介護支援事業所あいの風　二上事業所【居宅介護支援】富山県高岡氏二上町1144-2", "url2": "https://www.kaigokensaku.mhlw.go.jp/16/index.php?action_kouhyou_detail_004_kani=true&JigyosyoCd=1670202710-00&ServiceCd=430&Type=search" }, "geometry": { "type": "Point", "coordinates": [ 137.0129854, 36.774832200000013 ] } },
{ "type": "Feature", "properties": { "内容": "居宅介護支援事業所海の風【居宅介護支援】富山県高岡市伏木一宮二丁目４番３３号", "url2": "https://www.kaigokensaku.mhlw.go.jp/16/index.php?action_kouhyou_detail_004_kani=true&JigyosyoCd=1670202991-00&ServiceCd=430&Type=search" }, "geometry": { "type": "Point", "coordinates": [ 137.0478152, 36.7987157 ] } },
{ "type": "Feature", "properties": { "内容": "ペリドッドケアプランセンター【居宅介護支援】富山県高岡市能町南2丁目30番地３", "url2": "https://www.kaigokensaku.mhlw.go.jp/16/index.php?action_kouhyou_detail_004_kani=true&JigyosyoCd=1670203031-00&ServiceCd=430&Type=search" }, "geometry": { "type": "Point", "coordinates": [ 137.0435189, 36.7645043 ] } },
{ "type": "Feature", "properties": { "内容": "高岡市医師会居宅介護支援事業所【居宅介護支援】高岡市本丸町7-1高岡市急患医療センター２階", "url2": "https://www.kaigokensaku.mhlw.go.jp/16/index.php?action_kouhyou_detail_004_kani=true&JigyosyoCd=1670203056-00&ServiceCd=430&Type=search" }, "geometry": { "type": "Point", "coordinates": [ 137.018789, 36.7503488 ] } },
{ "type": "Feature", "properties": { "内容": "だいご清水館居宅介護支援事業所【居宅介護支援】清水町3丁目3-58", "url2": "https://www.kaigokensaku.mhlw.go.jp/16/index.php?action_kouhyou_detail_004_kani=true&JigyosyoCd=1670201886-00&ServiceCd=430&Type=search" }, "geometry": { "type": "Point", "coordinates": [ 137.003898299999946, 36.7377201 ] } },
{ "type": "Feature", "properties": { "内容": "やべの里居宅介護支援事業所【居宅介護支援】富山県高岡市福岡町矢部1088番地", "url2": "https://www.kaigokensaku.mhlw.go.jp/16/index.php?action_kouhyou_detail_004_kani=true&JigyosyoCd=1670203015-00&ServiceCd=430&Type=search" }, "geometry": { "type": "Point", "coordinates": [ 136.932678900000013, 36.687727 ] } },
{ "type": "Feature", "properties": { "内容": "よりどころ居宅介護支援事業所【居宅介護支援】富山県高岡市二塚1316番地1316番地", "url2": "https://www.kaigokensaku.mhlw.go.jp/16/index.php?action_kouhyou_detail_004_kani=true&JigyosyoCd=1670201449-00&ServiceCd=430&Type=search" }, "geometry": { "type": "Point", "coordinates": [ 137.0025372, 36.7050451 ] } },
{ "type": "Feature", "properties": { "内容": "おおぞら在宅介護支援センター【居宅介護支援】富山県高岡市京田490番地", "url2": "https://www.kaigokensaku.mhlw.go.jp/16/index.php?action_kouhyou_detail_004_kani=true&JigyosyoCd=1670200482-00&ServiceCd=430&Type=search" }, "geometry": { "type": "Point", "coordinates": [ 137.0172973, 36.728266 ] } },
{ "type": "Feature", "properties": { "内容": "光ヶ丘ケアセンター【居宅介護支援】富山県高岡市西藤平蔵313", "url2": "https://www.kaigokensaku.mhlw.go.jp/16/index.php?action_kouhyou_detail_004_kani=true&JigyosyoCd=1670200334-00&ServiceCd=430&Type=search" }, "geometry": { "type": "Point", "coordinates": [ 136.985816800000066, 36.7072474 ] } },
{ "type": "Feature", "properties": { "内容": "きぼう居宅介護支援センター【居宅介護支援】富山県高岡市和田１０５５", "url2": "https://www.kaigokensaku.mhlw.go.jp/16/index.php?action_kouhyou_detail_004_kani=true&JigyosyoCd=1670201076-00&ServiceCd=430&Type=search" }, "geometry": { "type": "Point", "coordinates": [ 136.983398, 36.7350586 ] } },
{ "type": "Feature", "properties": { "内容": "万葉病院【居宅介護支援】富山県高岡市西海老坂字大坪362番", "url2": "https://www.kaigokensaku.mhlw.go.jp/16/index.php?action_kouhyou_detail_004_kani=true&JigyosyoCd=1610211888-00&ServiceCd=430&Type=search" }, "geometry": { "type": "Point", "coordinates": [ 136.998935797569601, 36.77763631407101 ] } },
{ "type": "Feature", "properties": { "内容": "長寿苑居宅介護支援事業所【居宅介護支援】富山県高岡市京田72", "url2": "https://www.kaigokensaku.mhlw.go.jp/16/index.php?action_kouhyou_detail_004_kani=true&JigyosyoCd=1670200490-00&ServiceCd=430&Type=search" }, "geometry": { "type": "Point", "coordinates": [ 137.016588800000022, 36.7320767 ] } },
{ "type": "Feature", "properties": { "内容": "斉藤外科小児科クリニック【居宅介護支援】富山県高岡市野村799", "url2": "https://www.kaigokensaku.mhlw.go.jp/16/index.php?action_kouhyou_detail_004_kani=true&JigyosyoCd=1610213165-00&ServiceCd=430&Type=search" }, "geometry": { "type": "Point", "coordinates": [ 137.038594099999955, 36.7495358 ] } },
{ "type": "Feature", "properties": { "内容": "ケア・アトホーム【居宅介護支援】高岡市太田桜谷23番地1", "url2": "https://www.kaigokensaku.mhlw.go.jp/16/index.php?action_kouhyou_detail_004_kani=true&JigyosyoCd=1670200466-00&ServiceCd=430&Type=search" }, "geometry": { "type": "Point", "coordinates": [ 137.030191400000035, 36.8182252 ] } },
{ "type": "Feature", "properties": { "内容": "かざぐるま居宅介護支援事業所【居宅介護支援】富山県高岡市熊野町２番２号", "url2": "https://www.kaigokensaku.mhlw.go.jp/16/index.php?action_kouhyou_detail_004_kani=true&JigyosyoCd=1670201209-00&ServiceCd=430&Type=search" }, "geometry": { "type": "Point", "coordinates": [ 137.019214400000038, 36.7621982 ] } },
{ "type": "Feature", "properties": { "内容": "かたかごの郷居宅介護支援事業所【居宅介護支援】高岡市伏木矢田上町３番３号", "url2": "https://www.kaigokensaku.mhlw.go.jp/16/index.php?action_kouhyou_detail_004_kani=true&JigyosyoCd=1670201977-00&ServiceCd=430&Type=search" }, "geometry": { "type": "Point", "coordinates": [ 137.047661100000028, 36.7869179 ] } },
{ "type": "Feature", "properties": { "内容": "援JOYケアサポーター【居宅介護支援】富山県高岡市開発本町６番１４号", "url2": "https://www.kaigokensaku.mhlw.go.jp/16/index.php?action_kouhyou_detail_004_kani=true&JigyosyoCd=1670202579-00&ServiceCd=430&Type=search" }, "geometry": { "type": "Point", "coordinates": [ 137.015502500000053, 36.7648493 ] } },
{ "type": "Feature", "properties": { "内容": "ケアマネジメント高岡【居宅介護支援】高岡市大手町４番１２号", "url2": "https://www.kaigokensaku.mhlw.go.jp/16/index.php?action_kouhyou_detail_004_kani=true&JigyosyoCd=1670201985-00&ServiceCd=430&Type=search" }, "geometry": { "type": "Point", "coordinates": [ 137.020009800000025, 36.7450002 ] } },
{ "type": "Feature", "properties": { "内容": "ニチイケアセンター能町【居宅介護支援】富山県高岡市能町南2-25", "url2": "https://www.kaigokensaku.mhlw.go.jp/16/index.php?action_kouhyou_detail_004_kani=true&JigyosyoCd=1670201001-00&ServiceCd=430&Type=search" }, "geometry": { "type": "Point", "coordinates": [ 137.043037599999934, 36.7647118 ] } },
{ "type": "Feature", "properties": { "内容": "ハートフルケア居宅介護支援事業所【居宅介護支援】富山県高岡市古定塚5-45", "url2": "https://www.kaigokensaku.mhlw.go.jp/16/index.php?action_kouhyou_detail_004_kani=true&JigyosyoCd=1670201761-00&ServiceCd=430&Type=search" }, "geometry": { "type": "Point", "coordinates": [ 137.033613800000012, 36.7522772 ] } },
{ "type": "Feature", "properties": { "内容": "ひまわり居宅介護支援事業所【居宅介護支援】富山県　高岡市　木津　691-1", "url2": "https://www.kaigokensaku.mhlw.go.jp/16/index.php?action_kouhyou_detail_004_kani=true&JigyosyoCd=1670202181-00&ServiceCd=430&Type=search" }, "geometry": { "type": "Point", "coordinates": [ 136.999610117613202, 36.737231317037185 ] } },
{ "type": "Feature", "properties": { "内容": "まきの居宅介護支援事業所【居宅介護支援】高岡市中曽根２３７３番地セントラルパーク牧野", "url2": "https://www.kaigokensaku.mhlw.go.jp/16/index.php?action_kouhyou_detail_004_kani=true&JigyosyoCd=1670201738-00&ServiceCd=430&Type=search" }, "geometry": { "type": "Point", "coordinates": [ 137.077782764717853, 36.769760379721376 ] } },
{ "type": "Feature", "properties": { "内容": "花の森居宅介護支援事業所【居宅介護支援】富山県高岡市戸出町7丁目2‐33", "url2": "https://www.kaigokensaku.mhlw.go.jp/16/index.php?action_kouhyou_detail_004_kani=true&JigyosyoCd=1670202959-00&ServiceCd=430&Type=search" }, "geometry": { "type": "Point", "coordinates": [ 136.9695262, 36.6926374 ] } },
{ "type": "Feature", "properties": { "内容": "ひふみ居宅介護支援事業所【居宅介護支援】富山県高岡市野村1844番地メゾン藤20B", "url2": "https://www.kaigokensaku.mhlw.go.jp/16/index.php?action_kouhyou_detail_004_kani=true&JigyosyoCd=1670202439-00&ServiceCd=430&Type=search" }, "geometry": { "type": "Point", "coordinates": [ 137.042619952423138, 36.760881080923042 ] } },
{ "type": "Feature", "properties": { "内容": "福祉コミュニティ高岡あいの風居宅介護支援事業所【居宅介護支援】高岡市内免５丁目５０番１", "url2": "https://www.kaigokensaku.mhlw.go.jp/16/index.php?action_kouhyou_detail_004_kani=true&JigyosyoCd=1670202231-00&ServiceCd=430&Type=search" }, "geometry": { "type": "Point", "coordinates": [ 137.004523298394787, 36.754357856576434 ] } },
{ "type": "Feature", "properties": { "内容": "香野苑居宅介護支援事業所【居宅介護支援】富山県高岡市上渡１６番地の２", "url2": "https://www.kaigokensaku.mhlw.go.jp/16/index.php?action_kouhyou_detail_004_kani=true&JigyosyoCd=1670200029-00&ServiceCd=430&Type=search" }, "geometry": { "type": "Point", "coordinates": [ 136.958537887835746, 36.729290455560026 ] } },
{ "type": "Feature", "properties": { "内容": "あさひ苑居宅介護支援事業所【居宅介護支援】富山県高岡市鷲北新185番地あさひの里", "url2": "https://www.kaigokensaku.mhlw.go.jp/16/index.php?action_kouhyou_detail_004_kani=true&JigyosyoCd=1670201688-00&ServiceCd=430&Type=search" }, "geometry": { "type": "Point", "coordinates": [ 137.037925894581548, 36.766569276298931 ] } },
{ "type": "Feature", "properties": { "内容": "雨晴苑居宅介護支援事業所【居宅介護支援】富山県高岡市太田58", "url2": "https://www.kaigokensaku.mhlw.go.jp/16/index.php?action_kouhyou_detail_004_kani=true&JigyosyoCd=1670200060-00&ServiceCd=430&Type=search" }, "geometry": { "type": "Point", "coordinates": [ 137.014864799999941, 36.8154082 ] } },
{ "type": "Feature", "properties": { "内容": "高岡市だいご在宅介護支援センター【居宅介護支援】富山県高岡市醍醐1257", "url2": "https://www.kaigokensaku.mhlw.go.jp/16/index.php?action_kouhyou_detail_004_kani=true&JigyosyoCd=1670200110-00&ServiceCd=430&Type=search" }, "geometry": { "type": "Point", "coordinates": [ 136.961654400000043, 36.696198600000017 ] } },
{ "type": "Feature", "properties": { "内容": "介護相談センター中田館【居宅介護支援】富山県高岡市下麻生89-2", "url2": "https://www.kaigokensaku.mhlw.go.jp/16/index.php?action_kouhyou_detail_004_kani=true&JigyosyoCd=1670202223-00&ServiceCd=430&Type=search" }, "geometry": { "type": "Point", "coordinates": [ 137.019311762704405, 36.693471467288894 ] } },
{ "type": "Feature", "properties": { "内容": "社協居宅介護支援高岡事業所【居宅介護支援】富山県高岡市清水町1丁目7番30号", "url2": "https://www.kaigokensaku.mhlw.go.jp/16/index.php?action_kouhyou_detail_004_kani=true&JigyosyoCd=1670200037-00&ServiceCd=430&Type=search" }, "geometry": { "type": "Point", "coordinates": [ 137.002895399999943, 36.7409086 ] } },
{ "type": "Feature", "properties": { "内容": "志貴野長生寮居宅介護支援事業所【居宅介護支援】高岡市滝新21番地1", "url2": "https://www.kaigokensaku.mhlw.go.jp/16/index.php?action_kouhyou_detail_004_kani=true&JigyosyoCd=1670201845-00&ServiceCd=430&Type=search" }, "geometry": { "type": "Point", "coordinates": [ 137.030280700000048, 36.6778564 ] } },
{ "type": "Feature", "properties": { "内容": "はるかぜ居宅介護支援事業所【居宅介護支援】富山県高岡市オフィスパーク１３番", "url2": "https://www.kaigokensaku.mhlw.go.jp/16/index.php?action_kouhyou_detail_004_kani=true&JigyosyoCd=1670201464-00&ServiceCd=430&Type=search" }, "geometry": { "type": "Point", "coordinates": [ 136.999101600000017, 36.6720308 ] } },
{ "type": "Feature", "properties": { "内容": "二上万葉苑居宅介護支援事業所【居宅介護支援】富山県高岡市二上町1004番地", "url2": "https://www.kaigokensaku.mhlw.go.jp/16/index.php?action_kouhyou_detail_004_kani=true&JigyosyoCd=1670200870-00&ServiceCd=430&Type=search" }, "geometry": { "type": "Point", "coordinates": [ 137.0081146, 36.773994 ] } },
{ "type": "Feature", "properties": { "内容": "藤園苑居宅介護支援事業所【居宅介護支援】富山県高岡市早川390-1", "url2": "https://www.kaigokensaku.mhlw.go.jp/16/index.php?action_kouhyou_detail_004_kani=true&JigyosyoCd=1670200698-00&ServiceCd=430&Type=search" }, "geometry": { "type": "Point", "coordinates": [ 136.988288199999943, 36.7465688 ] } },
{ "type": "Feature", "properties": { "内容": "居宅介護支援センター　かがやきの郷　牧野【居宅介護支援】富山県高岡市中曽根2343番地グリーンモール中曽根Ｂ棟", "url2": "https://www.kaigokensaku.mhlw.go.jp/16/index.php?action_kouhyou_detail_004_kani=true&JigyosyoCd=1670202355-00&ServiceCd=430&Type=search" }, "geometry": { "type": "Point", "coordinates": [ 137.074129299999981, 36.7720977 ] } },
{ "type": "Feature", "properties": { "内容": "のむら藤園苑在宅介護支援センター【居宅介護支援】高岡市野村921-1", "url2": "https://www.kaigokensaku.mhlw.go.jp/16/index.php?action_kouhyou_detail_004_kani=true&JigyosyoCd=1670201324-00&ServiceCd=430&Type=search" }, "geometry": { "type": "Point", "coordinates": [ 137.03611090000004, 36.7507468 ] } },
{ "type": "Feature", "properties": { "内容": "社会福祉法人富山県呉西愛育会　さがの苑居宅介護支援事業所【居宅介護支援】富山県高岡市佐加野1701", "url2": "https://www.kaigokensaku.mhlw.go.jp/16/index.php?action_kouhyou_detail_004_kani=true&JigyosyoCd=1670200086-00&ServiceCd=430&Type=search" }, "geometry": { "type": "Point", "coordinates": [ 136.971300299999939, 36.7563841 ] } },
{ "type": "Feature", "properties": { "内容": "ふしき苑在宅介護支援センター【居宅介護支援】富山県高岡市伏木国分１丁目１０番１０号", "url2": "https://www.kaigokensaku.mhlw.go.jp/16/index.php?action_kouhyou_detail_004_kani=true&JigyosyoCd=1670200862-00&ServiceCd=430&Type=search" }, "geometry": { "type": "Point", "coordinates": [ 137.0539238, 36.8001945 ] } },
{ "type": "Feature", "properties": { "内容": "鳳鳴苑在宅介護支援センター【居宅介護支援】富山県高岡市蔵野町３番地", "url2": "https://www.kaigokensaku.mhlw.go.jp/16/index.php?action_kouhyou_detail_004_kani=true&JigyosyoCd=1670200011-00&ServiceCd=430&Type=search" }, "geometry": { "type": "Point", "coordinates": [ 136.978160399999979, 36.7229736 ] } },
{ "type": "Feature", "properties": { "内容": "高志の郷居宅介護支援事業所【居宅介護支援】富山県高岡市横田本町5番21号", "url2": "https://www.kaigokensaku.mhlw.go.jp/16/index.php?action_kouhyou_detail_004_kani=true&JigyosyoCd=1670202835-00&ServiceCd=430&Type=search" }, "geometry": { "type": "Point", "coordinates": [ 136.998962, 36.751607 ] } },
{ "type": "Feature", "properties": { "内容": "小規模共生ホームひらすま居宅介護支援事業所【居宅介護支援】富山県高岡市木町2番25号", "url2": "https://www.kaigokensaku.mhlw.go.jp/16/index.php?action_kouhyou_detail_004_kani=true&JigyosyoCd=1670201043-00&ServiceCd=430&Type=search" }, "geometry": { "type": "Point", "coordinates": [ 137.013612100000046, 36.7633453 ] } },
{ "type": "Feature", "properties": { "内容": "富綜居宅介護支援事業所【居宅介護支援】富山県高岡市石瀬830-1", "url2": "https://www.kaigokensaku.mhlw.go.jp/16/index.php?action_kouhyou_detail_004_kani=true&JigyosyoCd=1670200052-00&ServiceCd=430&Type=search" }, "geometry": { "type": "Point", "coordinates": [ 137.046626300000071, 36.762526 ] } },
{ "type": "Feature", "properties": { "内容": "ふくし百選　プランニング高岡【居宅介護支援】富山県高岡市佐野1197-4", "url2": "https://www.kaigokensaku.mhlw.go.jp/16/index.php?action_kouhyou_detail_004_kani=true&JigyosyoCd=1670202496-00&ServiceCd=430&Type=search" }, "geometry": { "type": "Point", "coordinates": [ 137.0005188, 36.728615400000017 ] } },
{ "type": "Feature", "properties": { "内容": "老人保健施設さくら苑居宅介護支援事業所【居宅介護支援】富山県高岡市福岡町大野145番地", "url2": "https://www.kaigokensaku.mhlw.go.jp/16/index.php?action_kouhyou_detail_004_kani=true&JigyosyoCd=1672100128-00&ServiceCd=430&Type=search" }, "geometry": { "type": "Point", "coordinates": [ 136.935855800000013, 36.7196319 ] } },
{ "type": "Feature", "properties": { "内容": "アルテン赤丸居宅介護支援事業所【居宅介護支援】富山県高岡市福岡町赤丸１１０３番地１", "url2": "https://www.kaigokensaku.mhlw.go.jp/16/index.php?action_kouhyou_detail_004_kani=true&JigyosyoCd=1672100011-00&ServiceCd=430&Type=search" }, "geometry": { "type": "Point", "coordinates": [ 136.932330200000024, 36.7377992 ] } },
{ "type": "Feature", "properties": { "内容": "社協居宅介護支援福岡事業所【居宅介護支援】富山県高岡市福岡町大滝22番地", "url2": "https://www.kaigokensaku.mhlw.go.jp/16/index.php?action_kouhyou_detail_004_kani=true&JigyosyoCd=1672100045-00&ServiceCd=430&Type=search" }, "geometry": { "type": "Point", "coordinates": [ 136.924341, 36.7081666 ] } },
{ "type": "Feature", "properties": { "内容": "森のこみちケアサポート【居宅介護支援】富山県高岡市下黒田918番地", "url2": "https://www.kaigokensaku.mhlw.go.jp/16/index.php?action_kouhyou_detail_004_kani=true&JigyosyoCd=1670202975-00&ServiceCd=430&Type=search" }, "geometry": { "type": "Point", "coordinates": [ 137.0036668, 36.7259344 ] } },
{ "type": "Feature", "properties": { "内容": "ケアマネ高岡居宅介護支援事業所【居宅介護支援】羽広２丁目２ー１２", "url2": "https://www.kaigokensaku.mhlw.go.jp/16/index.php?action_kouhyou_detail_004_kani=true&JigyosyoCd=1670203114-00&ServiceCd=430&Type=search" }, "geometry": { "type": "Point", "coordinates": [ 136.993085900000011, 36.7428764 ] } },
{ "type": "Feature", "properties": { "内容": "やすらぎ在宅介護支援センター【居宅介護支援】富山県高岡市美幸町1丁目1番53号", "url2": "https://www.kaigokensaku.mhlw.go.jp/16/index.php?action_kouhyou_detail_004_kani=true&JigyosyoCd=1650280025-00&ServiceCd=430&Type=search" }, "geometry": { "type": "Point", "coordinates": [ 136.998072500000035, 36.7558292 ] } },
{ "type": "Feature", "properties": { "内容": "ゆ楽介護支援センター【居宅介護支援】富山県高岡市石瀬７５１番地", "url2": "https://www.kaigokensaku.mhlw.go.jp/16/index.php?action_kouhyou_detail_004_kani=true&JigyosyoCd=1670201134-00&ServiceCd=430&Type=search" }, "geometry": { "type": "Point", "coordinates": [ 137.046590400000014, 36.7581459 ] } },
{ "type": "Feature", "properties": { "内容": "サンケア高岡駅南店【居宅介護支援】富山県高岡市赤祖父166番地", "url2": "https://www.kaigokensaku.mhlw.go.jp/16/index.php?action_kouhyou_detail_004_kani=true&JigyosyoCd=1670202678-00&ServiceCd=430&Type=search" }, "geometry": { "type": "Point", "coordinates": [ 137.0243475, 36.7323763 ] } },
{ "type": "Feature", "properties": { "内容": "ひだまり居宅介護支援事業所【居宅介護支援】高岡市佐野1095-2", "url2": "https://www.kaigokensaku.mhlw.go.jp/16/index.php?action_kouhyou_detail_004_kani=true&JigyosyoCd=1670201217-00&ServiceCd=430&Type=search" }, "geometry": { "type": "Point", "coordinates": [ 136.994464844180385, 36.729017987639395 ] } },
{ "type": "Feature", "properties": { "内容": "居宅介護支援事業所　雅【居宅介護支援】富山県高岡市京田281-1", "url2": "https://www.kaigokensaku.mhlw.go.jp/16/index.php?action_kouhyou_detail_004_kani=true&JigyosyoCd=1670203007-00&ServiceCd=430&Type=search" }, "geometry": { "type": "Point", "coordinates": [ 137.0124289, 36.7310374 ] } },
{ "type": "Feature", "properties": { "内容": "居宅介護支援事業所かがやき魚津【居宅介護支援】富山県魚津市本江3354ガーデンヒルズ本江", "url2": "https://www.kaigokensaku.mhlw.go.jp/16/index.php?action_kouhyou_detail_004_kani=true&JigyosyoCd=1670400488-00&ServiceCd=430&Type=search" }, "geometry": { "type": "Point", "coordinates": [ 137.4181618, 36.8193684 ] } },
{ "type": "Feature", "properties": { "内容": "パティオ　しらゆり【居宅介護支援】富山県魚津市本江1090", "url2": "https://www.kaigokensaku.mhlw.go.jp/16/index.php?action_kouhyou_detail_004_kani=true&JigyosyoCd=1670400363-00&ServiceCd=430&Type=search" }, "geometry": { "type": "Point", "coordinates": [ 137.411945699999933, 36.8167129 ] } },
{ "type": "Feature", "properties": { "内容": "ケアプランニング浦田【居宅介護支援】富山県魚津市石垣389番地", "url2": "https://www.kaigokensaku.mhlw.go.jp/16/index.php?action_kouhyou_detail_004_kani=true&JigyosyoCd=1670400132-00&ServiceCd=430&Type=search" }, "geometry": { "type": "Point", "coordinates": [ 137.4426906, 36.8050837 ] } },
{ "type": "Feature", "properties": { "内容": "魚津老健ふれあい支援事業所【居宅介護支援】富山県魚津市友道789番地", "url2": "https://www.kaigokensaku.mhlw.go.jp/16/index.php?action_kouhyou_detail_004_kani=true&JigyosyoCd=1670400165-00&ServiceCd=430&Type=search" }, "geometry": { "type": "Point", "coordinates": [ 137.41120377116394, 36.814852293997831 ] } },
{ "type": "Feature", "properties": { "内容": "新川老健居宅支援事業所【居宅介護支援】富山県魚津市住吉236", "url2": "https://www.kaigokensaku.mhlw.go.jp/16/index.php?action_kouhyou_detail_004_kani=true&JigyosyoCd=1670400173-00&ServiceCd=430&Type=search" }, "geometry": { "type": "Point", "coordinates": [ 137.4113099, 36.810919 ] } },
{ "type": "Feature", "properties": { "内容": "あんどの里居宅介護支援事業所【居宅介護支援】富山県魚津市仏田3468番地", "url2": "https://www.kaigokensaku.mhlw.go.jp/16/index.php?action_kouhyou_detail_004_kani=true&JigyosyoCd=1670400371-00&ServiceCd=430&Type=search" }, "geometry": { "type": "Point", "coordinates": [ 137.406394800000044, 36.8418411 ] } },
{ "type": "Feature", "properties": { "内容": "魚津市在宅介護支援センター【居宅介護支援】魚津市本江２２３６－２", "url2": "https://www.kaigokensaku.mhlw.go.jp/16/index.php?action_kouhyou_detail_004_kani=true&JigyosyoCd=1670400033-00&ServiceCd=430&Type=search" }, "geometry": { "type": "Point", "coordinates": [ 137.406221908567773, 36.817205443103475 ] } },
{ "type": "Feature", "properties": { "内容": "パティオしらゆり【居宅介護支援】富山県魚津市本江1090", "url2": "https://www.kaigokensaku.mhlw.go.jp/16/index.php?action_kouhyou_detail_004_kani=true&JigyosyoCd=1670411113-00&ServiceCd=430&Type=search" }, "geometry": { "type": "Point", "coordinates": [ 137.411963009400949, 36.816737713842976 ] } },
{ "type": "Feature", "properties": { "内容": "魚津市あいいろ居宅介護支援事業所【居宅介護支援】富山県魚津市上村木2-1-1", "url2": "https://www.kaigokensaku.mhlw.go.jp/16/index.php?action_kouhyou_detail_004_kani=true&JigyosyoCd=1670411121-00&ServiceCd=430&Type=search" }, "geometry": { "type": "Point", "coordinates": [ 137.4095132, 36.8208901 ] } },
{ "type": "Feature", "properties": { "内容": "深川病院指定居宅介護支援事業所【居宅介護支援】富山県魚津市東尾崎３４８４番１", "url2": "https://www.kaigokensaku.mhlw.go.jp/16/index.php?action_kouhyou_detail_004_kani=true&JigyosyoCd=1610410837-00&ServiceCd=430&Type=search" }, "geometry": { "type": "Point", "coordinates": [ 137.4380817, 36.8421585 ] } },
{ "type": "Feature", "properties": { "内容": "タカラ福祉企画居宅介護事業所【居宅介護支援】富山県魚津市中央通り2丁目2-25", "url2": "https://www.kaigokensaku.mhlw.go.jp/16/index.php?action_kouhyou_detail_004_kani=true&JigyosyoCd=1670400637-00&ServiceCd=430&Type=search" }, "geometry": { "type": "Point", "coordinates": [ 137.40046289999998, 36.8187068 ] } },
{ "type": "Feature", "properties": { "内容": "魚津市社協指定居宅介護支援事業所【居宅介護支援】富山県魚津市吉島1095番地2魚津市東部デイサービス２階", "url2": "https://www.kaigokensaku.mhlw.go.jp/16/index.php?action_kouhyou_detail_004_kani=true&JigyosyoCd=1670400017-00&ServiceCd=430&Type=search" }, "geometry": { "type": "Point", "coordinates": [ 137.416289220222637, 36.831342909200963 ] } },
{ "type": "Feature", "properties": { "内容": "居宅介護支援事業所　かけはし【居宅介護支援】富山県氷見市阿尾８５番地２", "url2": "https://www.kaigokensaku.mhlw.go.jp/16/index.php?action_kouhyou_detail_004_kani=true&JigyosyoCd=1670500824-00&ServiceCd=430&Type=search" }, "geometry": { "type": "Point", "coordinates": [ 136.9852396, 36.8799093 ] } },
{ "type": "Feature", "properties": { "内容": "エルダーヴィラ氷見居宅介護支援事業所【居宅介護支援】富山県氷見市余川南山50番地", "url2": "https://www.kaigokensaku.mhlw.go.jp/16/index.php?action_kouhyou_detail_004_kani=true&JigyosyoCd=1650580010-00&ServiceCd=430&Type=search" }, "geometry": { "type": "Point", "coordinates": [ 136.951222199999961, 36.8828797 ] } },
{ "type": "Feature", "properties": { "内容": "ケア・アトホーム氷見【居宅介護支援】富山県氷見市鞍川1878-1", "url2": "https://www.kaigokensaku.mhlw.go.jp/16/index.php?action_kouhyou_detail_004_kani=true&JigyosyoCd=1670500386-00&ServiceCd=430&Type=search" }, "geometry": { "type": "Point", "coordinates": [ 136.958957488360625, 36.850473727302443 ] } },
{ "type": "Feature", "properties": { "内容": "なごみの郷【居宅介護支援】富山県氷見市窪552-1", "url2": "https://www.kaigokensaku.mhlw.go.jp/16/index.php?action_kouhyou_detail_004_kani=true&JigyosyoCd=1670500337-00&ServiceCd=430&Type=search" }, "geometry": { "type": "Point", "coordinates": [ 136.978437699999972, 36.8409724 ] } },
{ "type": "Feature", "properties": { "内容": "リハ・ハウス来夢居宅介護支援事業所【居宅介護支援】富山県氷見市伊勢大町二丁目14番20号", "url2": "https://www.kaigokensaku.mhlw.go.jp/16/index.php?action_kouhyou_detail_004_kani=true&JigyosyoCd=1670500782-00&ServiceCd=430&Type=search" }, "geometry": { "type": "Point", "coordinates": [ 136.989706442991633, 36.848151973932566 ] } },
{ "type": "Feature", "properties": { "内容": "氷見ケアマネサービス【居宅介護支援】富山県氷見市惣領１４５６番地", "url2": "https://www.kaigokensaku.mhlw.go.jp/16/index.php?action_kouhyou_detail_004_kani=true&JigyosyoCd=1670500626-00&ServiceCd=430&Type=search" }, "geometry": { "type": "Point", "coordinates": [ 136.945069900000021, 36.8018995 ] } },
{ "type": "Feature", "properties": { "内容": "陽なたぼっこ【居宅介護支援】万尾464", "url2": "https://www.kaigokensaku.mhlw.go.jp/16/index.php?action_kouhyou_detail_004_kani=true&JigyosyoCd=1670500808-00&ServiceCd=430&Type=search" }, "geometry": { "type": "Point", "coordinates": [ 136.957725900000014, 36.8331888 ] } },
{ "type": "Feature", "properties": { "内容": "ほのぼの苑居宅介護支援事業所【居宅介護支援】富山県氷見市加納495-1", "url2": "https://www.kaigokensaku.mhlw.go.jp/16/index.php?action_kouhyou_detail_004_kani=true&JigyosyoCd=1670500311-00&ServiceCd=430&Type=search" }, "geometry": { "type": "Point", "coordinates": [ 136.971682099999953, 36.8625246 ] } },
{ "type": "Feature", "properties": { "内容": "はまなす苑氷見居宅介護支援事業所【居宅介護支援】富山県氷見市島尾791番地特別養護老人ホームはまなす苑氷見", "url2": "https://www.kaigokensaku.mhlw.go.jp/16/index.php?action_kouhyou_detail_004_kani=true&JigyosyoCd=1670500055-00&ServiceCd=430&Type=search" }, "geometry": { "type": "Point", "coordinates": [ 137.010634500000037, 36.8240264 ] } },
{ "type": "Feature", "properties": { "内容": "つまま園介護計画センター【居宅介護支援】氷見市阿尾４１０番地", "url2": "https://www.kaigokensaku.mhlw.go.jp/16/index.php?action_kouhyou_detail_004_kani=true&JigyosyoCd=1670500022-00&ServiceCd=430&Type=search" }, "geometry": { "type": "Point", "coordinates": [ 136.98098559999994, 36.887549 ] } },
{ "type": "Feature", "properties": { "内容": "すわ苑介護計画センター【居宅介護支援】富山県氷見市柳田字諏訪野3892番地の1", "url2": "https://www.kaigokensaku.mhlw.go.jp/16/index.php?action_kouhyou_detail_004_kani=true&JigyosyoCd=1670500030-00&ServiceCd=430&Type=search" }, "geometry": { "type": "Point", "coordinates": [ 136.992472789271602, 36.823115738371136 ] } },
{ "type": "Feature", "properties": { "内容": "氷見苑居宅介護支援事業所【居宅介護支援】富山県氷見市薮田2063番地", "url2": "https://www.kaigokensaku.mhlw.go.jp/16/index.php?action_kouhyou_detail_004_kani=true&JigyosyoCd=1670500402-00&ServiceCd=430&Type=search" }, "geometry": { "type": "Point", "coordinates": [ 136.9981669, 36.89304020000003 ] } },
{ "type": "Feature", "properties": { "内容": "氷見市社協介護計画センター【居宅介護支援】富山県氷見市鞍川975", "url2": "https://www.kaigokensaku.mhlw.go.jp/16/index.php?action_kouhyou_detail_004_kani=true&JigyosyoCd=1670500014-00&ServiceCd=430&Type=search" }, "geometry": { "type": "Point", "coordinates": [ 136.974448700000039, 36.8554979 ] } },
{ "type": "Feature", "properties": { "内容": "ヒューマックス居宅介護支援事業所【居宅介護支援】氷見市島尾548番地1", "url2": "https://www.kaigokensaku.mhlw.go.jp/16/index.php?action_kouhyou_detail_004_kani=true&JigyosyoCd=1670500543-00&ServiceCd=430&Type=search" }, "geometry": { "type": "Point", "coordinates": [ 137.004953035413564, 36.821123826266877 ] } },
{ "type": "Feature", "properties": { "内容": "JA氷見市居宅介護支援センター【居宅介護支援】氷見市朝日丘2-32", "url2": "https://www.kaigokensaku.mhlw.go.jp/16/index.php?action_kouhyou_detail_004_kani=true&JigyosyoCd=1670500246-00&ServiceCd=430&Type=search" }, "geometry": { "type": "Point", "coordinates": [ 136.984220199999982, 36.8494935 ] } },
{ "type": "Feature", "properties": { "内容": "わかば居宅介護支援事業所【居宅介護支援】富山県氷見市加納115-1花みち", "url2": "https://www.kaigokensaku.mhlw.go.jp/16/index.php?action_kouhyou_detail_004_kani=true&JigyosyoCd=1670500840-00&ServiceCd=430&Type=search" }, "geometry": { "type": "Point", "coordinates": [ 136.964069599999988, 36.8675889 ] } },
{ "type": "Feature", "properties": { "内容": "あいりす居宅介護支援事業所【居宅介護支援】富山県氷見市大浦10番地3", "url2": "https://www.kaigokensaku.mhlw.go.jp/16/index.php?action_kouhyou_detail_004_kani=true&JigyosyoCd=1670500865-00&ServiceCd=430&Type=search" }, "geometry": { "type": "Point", "coordinates": [ 136.9834726, 36.8273123 ] } },
{ "type": "Feature", "properties": { "内容": "万葉居宅介護支援事業所【居宅介護支援】氷見市朝日丘832番地ケアハウス万葉の杜内", "url2": "https://www.kaigokensaku.mhlw.go.jp/16/index.php?action_kouhyou_detail_004_kani=true&JigyosyoCd=1670500741-00&ServiceCd=430&Type=search" }, "geometry": { "type": "Point", "coordinates": [ 136.978170800000044, 36.8479714 ] } },
{ "type": "Feature", "properties": { "内容": "特定非営利活動法人えん【居宅介護支援】富山県滑川市大浦601", "url2": "https://www.kaigokensaku.mhlw.go.jp/16/index.php?action_kouhyou_detail_004_kani=true&JigyosyoCd=1670600327-00&ServiceCd=430&Type=search" }, "geometry": { "type": "Point", "coordinates": [ 137.4188256, 36.7487931 ] } },
{ "type": "Feature", "properties": { "内容": "居宅介護支援事業所　結【居宅介護支援】富山県滑川市下小泉町３３７番地８", "url2": "https://www.kaigokensaku.mhlw.go.jp/16/index.php?action_kouhyou_detail_004_kani=true&JigyosyoCd=1670600483-00&ServiceCd=430&Type=search" }, "geometry": { "type": "Point", "coordinates": [ 137.339767099999989, 36.7641015 ] } },
{ "type": "Feature", "properties": { "内容": "カモメ荘在宅介護支援センター【居宅介護支援】富山県滑川市吉浦１３番地", "url2": "https://www.kaigokensaku.mhlw.go.jp/16/index.php?action_kouhyou_detail_004_kani=true&JigyosyoCd=1670600137-00&ServiceCd=430&Type=search" }, "geometry": { "type": "Point", "coordinates": [ 137.37204220000001, 36.7925923 ] } },
{ "type": "Feature", "properties": { "内容": "滑川市社会福祉協議会居宅介護支援事業所【居宅介護支援】滑川市寺家町１０４滑川市庁舎東別館２階", "url2": "https://www.kaigokensaku.mhlw.go.jp/16/index.php?action_kouhyou_detail_004_kani=true&JigyosyoCd=1670600020-00&ServiceCd=430&Type=search" }, "geometry": { "type": "Point", "coordinates": [ 137.341879047468638, 36.764544611784096 ] } },
{ "type": "Feature", "properties": { "内容": "社会福祉法人　射水万葉会　よろこび滑川ケアセンター【居宅介護支援】滑川市瀬羽町1874-5", "url2": "https://www.kaigokensaku.mhlw.go.jp/16/index.php?action_kouhyou_detail_004_kani=true&JigyosyoCd=1670600285-00&ServiceCd=430&Type=search" }, "geometry": { "type": "Point", "coordinates": [ 137.335560730488623, 36.763626972652894 ] } },
{ "type": "Feature", "properties": { "内容": "なごみいきいきセンター【居宅介護支援】富山県滑川市野町１６８６", "url2": "https://www.kaigokensaku.mhlw.go.jp/16/index.php?action_kouhyou_detail_004_kani=true&JigyosyoCd=1670600061-00&ServiceCd=430&Type=search" }, "geometry": { "type": "Point", "coordinates": [ 137.368174599999946, 36.763512 ] } },
{ "type": "Feature", "properties": { "内容": "清寿荘在宅介護支援センター【居宅介護支援】滑川市赤浜573番地の１", "url2": "https://www.kaigokensaku.mhlw.go.jp/16/index.php?action_kouhyou_detail_004_kani=true&JigyosyoCd=1670600012-00&ServiceCd=430&Type=search" }, "geometry": { "type": "Point", "coordinates": [ 137.3640236, 36.735293 ] } },
{ "type": "Feature", "properties": { "内容": "ほたるの里介護支援ステーション【居宅介護支援】富山県滑川市下梅沢４２４", "url2": "https://www.kaigokensaku.mhlw.go.jp/16/index.php?action_kouhyou_detail_004_kani=true&JigyosyoCd=1670600202-00&ServiceCd=430&Type=search" }, "geometry": { "type": "Point", "coordinates": [ 137.334203399999979, 36.7468991 ] } },
{ "type": "Feature", "properties": { "内容": "RINGS居宅介護支援事業所【居宅介護支援】富山県滑川市菰原57番地1ツツミハイツA棟102号室", "url2": "https://www.kaigokensaku.mhlw.go.jp/16/index.php?action_kouhyou_detail_004_kani=true&JigyosyoCd=1670600558-00&ServiceCd=430&Type=search" }, "geometry": { "type": "Point", "coordinates": [ 137.333368900000011, 36.7533639 ] } },
{ "type": "Feature", "properties": { "内容": "居宅介護支援事業所　むゆうじゅ【居宅介護支援】富山県滑川市吾妻町426-31", "url2": "https://www.kaigokensaku.mhlw.go.jp/16/index.php?action_kouhyou_detail_004_kani=true&JigyosyoCd=1670600418-00&ServiceCd=430&Type=search" }, "geometry": { "type": "Point", "coordinates": [ 137.345353876297281, 36.767819583376429 ] } },
{ "type": "Feature", "properties": { "内容": "黒部市介護老人保健施設カリエール【居宅介護支援】富山県黒部市牧野693", "url2": "https://www.kaigokensaku.mhlw.go.jp/16/index.php?action_kouhyou_detail_004_kani=true&JigyosyoCd=1650780016-00&ServiceCd=430&Type=search" }, "geometry": { "type": "Point", "coordinates": [ 137.4410365, 36.8707305 ] } },
{ "type": "Feature", "properties": { "内容": "ケアプランセンター　ここふく【居宅介護支援】富山県黒部市天神新302-2", "url2": "https://www.kaigokensaku.mhlw.go.jp/16/index.php?action_kouhyou_detail_004_kani=true&JigyosyoCd=1671700647-00&ServiceCd=430&Type=search" }, "geometry": { "type": "Point", "coordinates": [ 137.504216, 36.904541 ] } },
{ "type": "Feature", "properties": { "内容": "居宅支援事業所　かいごの窓口【居宅介護支援】富山県黒部市中新31-3", "url2": "https://www.kaigokensaku.mhlw.go.jp/16/index.php?action_kouhyou_detail_004_kani=true&JigyosyoCd=1670700564-00&ServiceCd=430&Type=search" }, "geometry": { "type": "Point", "coordinates": [ 137.428237099999933, 36.8871086 ] } },
{ "type": "Feature", "properties": { "内容": "しばんばの里在宅介護支援センター【居宅介護支援】富山県黒部市生地芦区３４番地", "url2": "https://www.kaigokensaku.mhlw.go.jp/16/index.php?action_kouhyou_detail_004_kani=true&JigyosyoCd=1670700499-00&ServiceCd=430&Type=search" }, "geometry": { "type": "Point", "coordinates": [ 137.418701639345585, 36.897271232637976 ] } },
{ "type": "Feature", "properties": { "内容": "池田リハビリテーション病院　居宅介護支援事業所【居宅介護支援】富山県黒部市荻生821番地", "url2": "https://www.kaigokensaku.mhlw.go.jp/16/index.php?action_kouhyou_detail_004_kani=true&JigyosyoCd=1670700192-00&ServiceCd=430&Type=search" }, "geometry": { "type": "Point", "coordinates": [ 137.469502, 36.8878395 ] } },
{ "type": "Feature", "properties": { "内容": "介護サポートてまりの丘【居宅介護支援】富山県黒部市生地神区370番地", "url2": "https://www.kaigokensaku.mhlw.go.jp/16/index.php?action_kouhyou_detail_004_kani=true&JigyosyoCd=1670700259-00&ServiceCd=430&Type=search" }, "geometry": { "type": "Point", "coordinates": [ 137.42002679999996, 36.8884917 ] } },
{ "type": "Feature", "properties": { "内容": "ケアプラン多喜【居宅介護支援】富山県黒部市岡244番地12", "url2": "https://www.kaigokensaku.mhlw.go.jp/16/index.php?action_kouhyou_detail_004_kani=true&JigyosyoCd=1670700572-00&ServiceCd=430&Type=search" }, "geometry": { "type": "Point", "coordinates": [ 137.424601984792417, 36.866751284571833 ] } },
{ "type": "Feature", "properties": { "内容": "黒部市民病院在宅介護支援センター【居宅介護支援】富山県黒部市三日市1108番地１", "url2": "https://www.kaigokensaku.mhlw.go.jp/16/index.php?action_kouhyou_detail_004_kani=true&JigyosyoCd=1610710012-00&ServiceCd=430&Type=search" }, "geometry": { "type": "Point", "coordinates": [ 137.441058161376986, 36.871025293417269 ] } },
{ "type": "Feature", "properties": { "内容": "越之湖在宅介護支援センタ－【居宅介護支援】富山県黒部市堀切1002番地", "url2": "https://www.kaigokensaku.mhlw.go.jp/16/index.php?action_kouhyou_detail_004_kani=true&JigyosyoCd=1670700135-00&ServiceCd=430&Type=search" }, "geometry": { "type": "Point", "coordinates": [ 137.424657199999956, 36.8806373 ] } },
{ "type": "Feature", "properties": { "内容": "つばき苑居宅介護支援事業所【居宅介護支援】富山県黒部市荒俣4378", "url2": "https://www.kaigokensaku.mhlw.go.jp/16/index.php?action_kouhyou_detail_004_kani=true&JigyosyoCd=1670700333-00&ServiceCd=430&Type=search" }, "geometry": { "type": "Point", "coordinates": [ 137.426947199999972, 36.9104162 ] } },
{ "type": "Feature", "properties": { "内容": "越路さくら在宅介護支援センター【居宅介護支援】富山県黒部市荻生7120番2地域密着型特別養護老人ホーム越路さくら", "url2": "https://www.kaigokensaku.mhlw.go.jp/16/index.php?action_kouhyou_detail_004_kani=true&JigyosyoCd=1670700416-00&ServiceCd=430&Type=search" }, "geometry": { "type": "Point", "coordinates": [ 137.459584100000029, 36.8806403 ] } },
{ "type": "Feature", "properties": { "内容": "ケアサポートきらり【居宅介護支援】富山県黒部市生地神区495番地3", "url2": "https://www.kaigokensaku.mhlw.go.jp/16/index.php?action_kouhyou_detail_004_kani=true&JigyosyoCd=1670700275-00&ServiceCd=430&Type=search" }, "geometry": { "type": "Point", "coordinates": [ 137.428787199999988, 36.8845923 ] } },
{ "type": "Feature", "properties": { "内容": "ケアスタジオ介護相談所【居宅介護支援】富山県黒部市生地神区183-1ケアホーム生地内", "url2": "https://www.kaigokensaku.mhlw.go.jp/16/index.php?action_kouhyou_detail_004_kani=true&JigyosyoCd=1671700605-00&ServiceCd=430&Type=search" }, "geometry": { "type": "Point", "coordinates": [ 137.422999934315158, 36.884886498827129 ] } },
{ "type": "Feature", "properties": { "内容": "宇奈月在宅介護支援センター【居宅介護支援】富山県黒部市宇奈月町下立３８番地", "url2": "https://www.kaigokensaku.mhlw.go.jp/16/index.php?action_kouhyou_detail_004_kani=true&JigyosyoCd=1671700027-00&ServiceCd=430&Type=search" }, "geometry": { "type": "Point", "coordinates": [ 137.526713800000067, 36.8642892 ] } },
{ "type": "Feature", "properties": { "内容": "黒部市社会福祉協議会　ケアセンター【居宅介護支援】富山県黒部市金屋４６４－１黒部市福祉センター", "url2": "https://www.kaigokensaku.mhlw.go.jp/16/index.php?action_kouhyou_detail_004_kani=true&JigyosyoCd=1670700028-00&ServiceCd=430&Type=search" }, "geometry": { "type": "Point", "coordinates": [ 137.443505, 36.8867031 ] } },
{ "type": "Feature", "properties": { "内容": "居宅介護支援センター　真成【居宅介護支援】黒部市新牧野３４９　ユアーズビル黒部B棟", "url2": "https://www.kaigokensaku.mhlw.go.jp/16/index.php?action_kouhyou_detail_004_kani=true&JigyosyoCd=1670700366-00&ServiceCd=430&Type=search" }, "geometry": { "type": "Point", "coordinates": [ 137.44650309734493, 36.869986252646591 ] } },
{ "type": "Feature", "properties": { "内容": "医療法人社団平成会　桜井病院【居宅介護支援】富山県黒部市荻生6675番地の5", "url2": "https://www.kaigokensaku.mhlw.go.jp/16/index.php?action_kouhyou_detail_004_kani=true&JigyosyoCd=1670700143-00&ServiceCd=430&Type=search" }, "geometry": { "type": "Point", "coordinates": [ 137.455349, 36.873269 ] } },
{ "type": "Feature", "properties": { "内容": "居宅介護支援事業所ﾁｭｰﾘｯﾌﾟの里【居宅介護支援】富山県砺波市矢木218", "url2": "https://www.kaigokensaku.mhlw.go.jp/16/index.php?action_kouhyou_detail_004_kani=true&JigyosyoCd=1670800695-00&ServiceCd=430&Type=search" }, "geometry": { "type": "Point", "coordinates": [ 136.9725608, 36.6342275 ] } },
{ "type": "Feature", "properties": { "内容": "となみ野はるかぜ居宅介護支援事業所【居宅介護支援】富山県砺波市東保815-1", "url2": "https://www.kaigokensaku.mhlw.go.jp/16/index.php?action_kouhyou_detail_004_kani=true&JigyosyoCd=1670800679-00&ServiceCd=430&Type=search" }, "geometry": { "type": "Point", "coordinates": [ 137.017507300000034, 36.6676381 ] } },
{ "type": "Feature", "properties": { "内容": "北陸メディカルサービス株式会社となみ営業所【居宅介護支援】砺波市中央町4番1号", "url2": "https://www.kaigokensaku.mhlw.go.jp/16/index.php?action_kouhyou_detail_004_kani=true&JigyosyoCd=1670800018-00&ServiceCd=430&Type=search" }, "geometry": { "type": "Point", "coordinates": [ 136.9545215, 36.6383948 ] } },
{ "type": "Feature", "properties": { "内容": "ものがたり居宅介護支援センター【居宅介護支援】富山県砺波市太田１３８２番地", "url2": "https://www.kaigokensaku.mhlw.go.jp/16/index.php?action_kouhyou_detail_004_kani=true&JigyosyoCd=1670800547-00&ServiceCd=430&Type=search" }, "geometry": { "type": "Point", "coordinates": [ 136.9914952, 36.6216741 ] } },
{ "type": "Feature", "properties": { "内容": "居宅介護支援事業所　愛ぷら【居宅介護支援】富山県砺波市太郎丸１８０－１", "url2": "https://www.kaigokensaku.mhlw.go.jp/16/index.php?action_kouhyou_detail_004_kani=true&JigyosyoCd=1670800752-00&ServiceCd=430&Type=search" }, "geometry": { "type": "Point", "coordinates": [ 136.961981199999968, 36.6252619 ] } },
{ "type": "Feature", "properties": { "内容": "宗教法人善福寺聚楽居宅介護支援事業所【居宅介護支援】富山県砺波市東中171番地", "url2": "https://www.kaigokensaku.mhlw.go.jp/16/index.php?action_kouhyou_detail_004_kani=true&JigyosyoCd=1670800372-00&ServiceCd=430&Type=search" }, "geometry": { "type": "Point", "coordinates": [ 136.933497200000033, 36.662814 ] } },
{ "type": "Feature", "properties": { "内容": "いなほの里居宅介護支援事業所【居宅介護支援】富山県砺波市小杉３９６－１０", "url2": "https://www.kaigokensaku.mhlw.go.jp/16/index.php?action_kouhyou_detail_004_kani=true&JigyosyoCd=1670800810-00&ServiceCd=430&Type=search" }, "geometry": { "type": "Point", "coordinates": [ 136.9471068, 36.6608891 ] } },
{ "type": "Feature", "properties": { "内容": "あかり苑居宅介護支援センター【居宅介護支援】富山県砺波市寿町2番38号", "url2": "https://www.kaigokensaku.mhlw.go.jp/16/index.php?action_kouhyou_detail_004_kani=true&JigyosyoCd=1670800208-00&ServiceCd=430&Type=search" }, "geometry": { "type": "Point", "coordinates": [ 136.956584332540899, 36.643589587108643 ] } },
{ "type": "Feature", "properties": { "内容": "となみ三輪病院居宅介護支援事業所【居宅介護支援】富山県砺波市頼成６０５", "url2": "https://www.kaigokensaku.mhlw.go.jp/16/index.php?action_kouhyou_detail_004_kani=true&JigyosyoCd=1670800125-00&ServiceCd=430&Type=search" }, "geometry": { "type": "Point", "coordinates": [ 137.00840119999998, 36.6366867 ] } },
{ "type": "Feature", "properties": { "内容": "ニチイケアセンター砺波【居宅介護支援】富山県砺波市太郎丸1-8-12", "url2": "https://www.kaigokensaku.mhlw.go.jp/16/index.php?action_kouhyou_detail_004_kani=true&JigyosyoCd=1670800224-00&ServiceCd=430&Type=search" }, "geometry": { "type": "Point", "coordinates": [ 136.959967300000017, 36.6320722 ] } },
{ "type": "Feature", "properties": { "内容": "砺波市社会福祉協議会居宅介護支援事業所【居宅介護支援】富山県砺波市苗加824番地の1", "url2": "https://www.kaigokensaku.mhlw.go.jp/16/index.php?action_kouhyou_detail_004_kani=true&JigyosyoCd=1670800133-00&ServiceCd=430&Type=search" }, "geometry": { "type": "Point", "coordinates": [ 136.944599899999957, 36.6175069 ] } },
{ "type": "Feature", "properties": { "内容": "となみ野はるかぜ「でまち」居宅介護支援事業所【居宅介護支援】富山県砺波市新又26番地", "url2": "https://www.kaigokensaku.mhlw.go.jp/16/index.php?action_kouhyou_detail_004_kani=true&JigyosyoCd=1670800786-00&ServiceCd=430&Type=search" }, "geometry": { "type": "Point", "coordinates": [ 136.962947057672096, 36.648523543335656 ] } },
{ "type": "Feature", "properties": { "内容": "砺波市やなぜ苑在宅介護支援センター【居宅介護支援】富山県砺波市柳瀬３番地", "url2": "https://www.kaigokensaku.mhlw.go.jp/16/index.php?action_kouhyou_detail_004_kani=true&JigyosyoCd=1670800083-00&ServiceCd=430&Type=search" }, "geometry": { "type": "Point", "coordinates": [ 136.995847199999957, 36.6471732 ] } },
{ "type": "Feature", "properties": { "内容": "砺波市役所居宅介護支援事業所【居宅介護支援】富山県砺波市栄町7番3号", "url2": "https://www.kaigokensaku.mhlw.go.jp/16/index.php?action_kouhyou_detail_004_kani=true&JigyosyoCd=1670800067-00&ServiceCd=430&Type=search" }, "geometry": { "type": "Point", "coordinates": [ 136.9621224, 36.6474864 ] } },
{ "type": "Feature", "properties": { "内容": "市立砺波総合病院居宅介護支援事業所【居宅介護支援】富山県砺波市新富町１番６１号", "url2": "https://www.kaigokensaku.mhlw.go.jp/16/index.php?action_kouhyou_detail_004_kani=true&JigyosyoCd=1670800745-00&ServiceCd=430&Type=search" }, "geometry": { "type": "Point", "coordinates": [ 136.9505345, 36.6401986 ] } },
{ "type": "Feature", "properties": { "内容": "居宅介護支援事業所ことほぎ【居宅介護支援】砺波市杉木五丁目5番地サンライズマンション101", "url2": "https://www.kaigokensaku.mhlw.go.jp/16/index.php?action_kouhyou_detail_004_kani=true&JigyosyoCd=1670800653-00&ServiceCd=430&Type=search" }, "geometry": { "type": "Point", "coordinates": [ 136.956971365359522, 36.645044177905696 ] } },
{ "type": "Feature", "properties": { "内容": "ケアポート庄川居宅介護支援事業所【居宅介護支援】富山県砺波市庄川町金屋字岩黒38番地1", "url2": "https://www.kaigokensaku.mhlw.go.jp/16/index.php?action_kouhyou_detail_004_kani=true&JigyosyoCd=1672000260-00&ServiceCd=430&Type=search" }, "geometry": { "type": "Point", "coordinates": [ 136.985015433313038, 36.564900540577185 ] } },
{ "type": "Feature", "properties": { "内容": "さくらの縁居宅介護支援事業所【居宅介護支援】富山県砺波市矢木86番地", "url2": "https://www.kaigokensaku.mhlw.go.jp/16/index.php?action_kouhyou_detail_004_kani=true&JigyosyoCd=1670800828-00&ServiceCd=430&Type=search" }, "geometry": { "type": "Point", "coordinates": [ 136.972257899999988, 36.6348399 ] } },
{ "type": "Feature", "properties": { "内容": "ひかり居宅介護支援事業所【居宅介護支援】富山県小矢部市岡131番地1", "url2": "https://www.kaigokensaku.mhlw.go.jp/16/index.php?action_kouhyou_detail_004_kani=true&JigyosyoCd=1670900586-00&ServiceCd=430&Type=search" }, "geometry": { "type": "Point", "coordinates": [ 136.90685140000005, 36.6968564 ] } },
{ "type": "Feature", "properties": { "内容": "ケリア居宅介護支援事業所【居宅介護支援】富山県小矢部市埴生4509‐23", "url2": "https://www.kaigokensaku.mhlw.go.jp/16/index.php?action_kouhyou_detail_004_kani=true&JigyosyoCd=1670900644-00&ServiceCd=430&Type=search" }, "geometry": { "type": "Point", "coordinates": [ 136.8500556, 36.6630192 ] } },
{ "type": "Feature", "properties": { "内容": "きらめき居宅介護支援事業所【居宅介護支援】富山県小矢部市埴生2839番地9", "url2": "https://www.kaigokensaku.mhlw.go.jp/16/index.php?action_kouhyou_detail_004_kani=true&JigyosyoCd=1670900313-00&ServiceCd=430&Type=search" }, "geometry": { "type": "Point", "coordinates": [ 136.848193900000069, 36.6684757 ] } },
{ "type": "Feature", "properties": { "内容": "JAいなば福祉支援センター【居宅介護支援】富山県小矢部市水島６８０番地", "url2": "https://www.kaigokensaku.mhlw.go.jp/16/index.php?action_kouhyou_detail_004_kani=true&JigyosyoCd=1670900032-00&ServiceCd=430&Type=search" }, "geometry": { "type": "Point", "coordinates": [ 136.90268130000004, 36.6382031 ] } },
{ "type": "Feature", "properties": { "内容": "社会福祉法人　小矢部市社会福祉協議会「居宅介護支援事業所」【居宅介護支援】富山県小矢部市鷲島　１５番地小矢部市総合保健福祉センター", "url2": "https://www.kaigokensaku.mhlw.go.jp/16/index.php?action_kouhyou_detail_004_kani=true&JigyosyoCd=1670900016-00&ServiceCd=430&Type=search" }, "geometry": { "type": "Point", "coordinates": [ 136.876644199999987, 36.6594855 ] } },
{ "type": "Feature", "properties": { "内容": "ほっとはうす千羽居宅介護支援事業所【居宅介護支援】富山県小矢部市浅地１２１", "url2": "https://www.kaigokensaku.mhlw.go.jp/16/index.php?action_kouhyou_detail_004_kani=true&JigyosyoCd=1670900057-00&ServiceCd=430&Type=search" }, "geometry": { "type": "Point", "coordinates": [ 136.875473, 36.6233822 ] } },
{ "type": "Feature", "properties": { "内容": "清楽園在宅介護支援センター【居宅介護支援】富山県小矢部市法楽寺1800番地の1", "url2": "https://www.kaigokensaku.mhlw.go.jp/16/index.php?action_kouhyou_detail_004_kani=true&JigyosyoCd=1670900024-00&ServiceCd=430&Type=search" }, "geometry": { "type": "Point", "coordinates": [ 136.873962494442708, 36.694475557682402 ] } },
{ "type": "Feature", "properties": { "内容": "太田病院居宅介護支援事業所【居宅介護支援】富山県小矢部市新富町３－１１太田病院", "url2": "https://www.kaigokensaku.mhlw.go.jp/16/index.php?action_kouhyou_detail_004_kani=true&JigyosyoCd=1670900545-00&ServiceCd=430&Type=search" }, "geometry": { "type": "Point", "coordinates": [ 136.869613699999945, 36.677597 ] } },
{ "type": "Feature", "properties": { "内容": "にしの介護支援事業所【居宅介護支援】小矢部市本町3-33", "url2": "https://www.kaigokensaku.mhlw.go.jp/16/index.php?action_kouhyou_detail_004_kani=true&JigyosyoCd=1670900156-00&ServiceCd=430&Type=search" }, "geometry": { "type": "Point", "coordinates": [ 136.866275188082909, 36.674433980816794 ] } },
{ "type": "Feature", "properties": { "内容": "ゆうゆう居宅介護支援事業所【居宅介護支援】富山県小矢部市島383-7", "url2": "https://www.kaigokensaku.mhlw.go.jp/16/index.php?action_kouhyou_detail_004_kani=true&JigyosyoCd=1670900214-00&ServiceCd=430&Type=search" }, "geometry": { "type": "Point", "coordinates": [ 136.876456949320641, 36.664472609448815 ] } },
{ "type": "Feature", "properties": { "内容": "サニーケアプランセンター【居宅介護支援】富山県小矢部市島440-2", "url2": "https://www.kaigokensaku.mhlw.go.jp/16/index.php?action_kouhyou_detail_004_kani=true&JigyosyoCd=1670900651-00&ServiceCd=430&Type=search" }, "geometry": { "type": "Point", "coordinates": [ 136.8731544, 36.6579114 ] } },
{ "type": "Feature", "properties": { "内容": "介護サポート　結【居宅介護支援】富山県小矢部市内山2946", "url2": "https://www.kaigokensaku.mhlw.go.jp/16/index.php?action_kouhyou_detail_004_kani=true&JigyosyoCd=1670900487-00&ServiceCd=430&Type=search" }, "geometry": { "type": "Point", "coordinates": [ 136.7907, 36.6182763 ] } },
{ "type": "Feature", "properties": { "内容": "わくわく小矢部居宅介護支援事業所【居宅介護支援】富山県小矢部市新富町４番１号", "url2": "https://www.kaigokensaku.mhlw.go.jp/16/index.php?action_kouhyou_detail_004_kani=true&JigyosyoCd=1670900289-00&ServiceCd=430&Type=search" }, "geometry": { "type": "Point", "coordinates": [ 136.8721607, 36.6779137 ] } },
{ "type": "Feature", "properties": { "内容": "ビスケット居宅介護支援事業所【居宅介護支援】芹川３８８８番地", "url2": "https://www.kaigokensaku.mhlw.go.jp/16/index.php?action_kouhyou_detail_004_kani=true&JigyosyoCd=1670900479-00&ServiceCd=430&Type=search" }, "geometry": { "type": "Point", "coordinates": [ 136.891333799999984, 36.6825993 ] } },
{ "type": "Feature", "properties": { "内容": "おやべケアプランセンター【居宅介護支援】富山県小矢部市石動町１番32号", "url2": "https://www.kaigokensaku.mhlw.go.jp/16/index.php?action_kouhyou_detail_004_kani=true&JigyosyoCd=1670900636-00&ServiceCd=430&Type=search" }, "geometry": { "type": "Point", "coordinates": [ 136.8651778, 36.6745082 ] } },
{ "type": "Feature", "properties": { "内容": "ケアプランセンターやどりぎ【居宅介護支援】本江238番地8", "url2": "https://www.kaigokensaku.mhlw.go.jp/16/index.php?action_kouhyou_detail_004_kani=true&JigyosyoCd=1671000345-00&ServiceCd=430&Type=search" }, "geometry": { "type": "Point", "coordinates": [ 136.915557166456551, 36.612646322164963 ] } },
{ "type": "Feature", "properties": { "内容": "ふくの若葉病院【居宅介護支援】富山県南砺市苗島367番地", "url2": "https://www.kaigokensaku.mhlw.go.jp/16/index.php?action_kouhyou_detail_004_kani=true&JigyosyoCd=1612010635-00&ServiceCd=430&Type=search" }, "geometry": { "type": "Point", "coordinates": [ 136.9317628, 36.586319 ] } },
{ "type": "Feature", "properties": { "内容": "居宅介護支援事業所　知恵ふくろう城端【居宅介護支援】富山県南砺市細木108番1", "url2": "https://www.kaigokensaku.mhlw.go.jp/16/index.php?action_kouhyou_detail_004_kani=true&JigyosyoCd=1671000337-00&ServiceCd=430&Type=search" }, "geometry": { "type": "Point", "coordinates": [ 136.89479792836508, 36.525214267426577 ] } },
{ "type": "Feature", "properties": { "内容": "ふく満居宅介護支援事業所【居宅介護支援】富山県南砺市福光１０４５番地", "url2": "https://www.kaigokensaku.mhlw.go.jp/16/index.php?action_kouhyou_detail_004_kani=true&JigyosyoCd=1672100177-00&ServiceCd=430&Type=search" }, "geometry": { "type": "Point", "coordinates": [ 136.867542, 36.5548104 ] } },
{ "type": "Feature", "properties": { "内容": "居宅介護支援事業所　ねこのて【居宅介護支援】富山県南砺市北市255番地3", "url2": "https://www.kaigokensaku.mhlw.go.jp/16/index.php?action_kouhyou_detail_004_kani=true&JigyosyoCd=1671000410-00&ServiceCd=430&Type=search" }, "geometry": { "type": "Point", "coordinates": [ 136.9411696, 36.5619355 ] } },
{ "type": "Feature", "properties": { "内容": "なんと居宅介護支援事業所【居宅介護支援】富山県南砺市天池字二番野島1555番3", "url2": "https://www.kaigokensaku.mhlw.go.jp/16/index.php?action_kouhyou_detail_004_kani=true&JigyosyoCd=1672100110-00&ServiceCd=430&Type=search" }, "geometry": { "type": "Point", "coordinates": [ 136.904467445507862, 36.54270167428119 ] } },
{ "type": "Feature", "properties": { "内容": "居宅介護支援事業所さくら【居宅介護支援】富山県南砺市城端2615番地22居宅介護支援事業所さくら", "url2": "https://www.kaigokensaku.mhlw.go.jp/16/index.php?action_kouhyou_detail_004_kani=true&JigyosyoCd=1671000394-00&ServiceCd=430&Type=search" }, "geometry": { "type": "Point", "coordinates": [ 136.90259441282808, 36.507431319889641 ] } },
{ "type": "Feature", "properties": { "内容": "旅川居宅介護支援事業所【居宅介護支援】富山県南砺市院林92番地1", "url2": "https://www.kaigokensaku.mhlw.go.jp/16/index.php?action_kouhyou_detail_004_kani=true&JigyosyoCd=1672000021-00&ServiceCd=430&Type=search" }, "geometry": { "type": "Point", "coordinates": [ 136.909276814155618, 36.590905564076365 ] } },
{ "type": "Feature", "properties": { "内容": "やすらぎ荘居宅介護支援事業所【居宅介護支援】富山県南砺市天池１５７０番地", "url2": "https://www.kaigokensaku.mhlw.go.jp/16/index.php?action_kouhyou_detail_004_kani=true&JigyosyoCd=1672100029-00&ServiceCd=430&Type=search" }, "geometry": { "type": "Point", "coordinates": [ 136.886369, 36.5400488 ] } },
{ "type": "Feature", "properties": { "内容": "うらら居宅介護支援事業所【居宅介護支援】富山県南砺市理休270番地", "url2": "https://www.kaigokensaku.mhlw.go.jp/16/index.php?action_kouhyou_detail_004_kani=true&JigyosyoCd=1672000351-00&ServiceCd=430&Type=search" }, "geometry": { "type": "Point", "coordinates": [ 136.9084229, 36.5125942 ] } },
{ "type": "Feature", "properties": { "内容": "いなみ居宅介護支援事業所【居宅介護支援】富山県南砺市井波1310番地1", "url2": "https://www.kaigokensaku.mhlw.go.jp/16/index.php?action_kouhyou_detail_004_kani=true&JigyosyoCd=1672000153-00&ServiceCd=430&Type=search" }, "geometry": { "type": "Point", "coordinates": [ 136.9760731, 36.5678305 ] } },
{ "type": "Feature", "properties": { "内容": "きらら居宅介護支援事業所【居宅介護支援】富山県南砺市理休247番地1", "url2": "https://www.kaigokensaku.mhlw.go.jp/16/index.php?action_kouhyou_detail_004_kani=true&JigyosyoCd=1671000303-00&ServiceCd=430&Type=search" }, "geometry": { "type": "Point", "coordinates": [ 136.910664608073347, 36.512093323075682 ] } },
{ "type": "Feature", "properties": { "内容": "居宅介護支援事業所　母笑夢【居宅介護支援】富山県南砺市遊部川原53番", "url2": "https://www.kaigokensaku.mhlw.go.jp/16/index.php?action_kouhyou_detail_004_kani=true&JigyosyoCd=1671000204-00&ServiceCd=430&Type=search" }, "geometry": { "type": "Point", "coordinates": [ 136.877715200000011, 36.5690284 ] } },
{ "type": "Feature", "properties": { "内容": "南砺市井波在宅介護支援センター【居宅介護支援】富山県南砺市井波９３８", "url2": "https://www.kaigokensaku.mhlw.go.jp/16/index.php?action_kouhyou_detail_004_kani=true&JigyosyoCd=1672000062-00&ServiceCd=430&Type=search" }, "geometry": { "type": "Point", "coordinates": [ 136.973431600000026, 36.5703135 ] } },
{ "type": "Feature", "properties": { "内容": "南砺市五箇山在宅介護支援センター【居宅介護支援】富山県南砺市下梨2271", "url2": "https://www.kaigokensaku.mhlw.go.jp/16/index.php?action_kouhyou_detail_004_kani=true&JigyosyoCd=1671000048-00&ServiceCd=430&Type=search" }, "geometry": { "type": "Point", "coordinates": [ 136.951000600000043, 36.4326238 ] } },
{ "type": "Feature", "properties": { "内容": "JA福光ふれあいセンター【居宅介護支援】富山県南砺市福光1165JA福光広瀬地区センター内", "url2": "https://www.kaigokensaku.mhlw.go.jp/16/index.php?action_kouhyou_detail_004_kani=true&JigyosyoCd=1672100169-00&ServiceCd=430&Type=search" }, "geometry": { "type": "Point", "coordinates": [ 136.870180158860762, 36.554617307617043 ] } },
{ "type": "Feature", "properties": { "内容": "居宅介護支援事業所　からふる【居宅介護支援】野尻786番地1", "url2": "https://www.kaigokensaku.mhlw.go.jp/16/index.php?action_kouhyou_detail_004_kani=true&JigyosyoCd=1671000436-00&ServiceCd=430&Type=search" }, "geometry": { "type": "Point", "coordinates": [ 136.914305761188757, 36.604543220455376 ] } },
{ "type": "Feature", "properties": { "内容": "となみケアサービス【居宅介護支援】富山県南砺市野口191-１", "url2": "https://www.kaigokensaku.mhlw.go.jp/16/index.php?action_kouhyou_detail_004_kani=true&JigyosyoCd=1672000039-00&ServiceCd=430&Type=search" }, "geometry": { "type": "Point", "coordinates": [ 136.891416700000036, 36.5101518 ] } },
{ "type": "Feature", "properties": { "内容": "株式会社こすか介護支援事業所【居宅介護支援】富山県射水市戸破６８８株式会社　こすか", "url2": "https://www.kaigokensaku.mhlw.go.jp/16/index.php?action_kouhyou_detail_004_kani=true&JigyosyoCd=1671100558-00&ServiceCd=430&Type=search" }, "geometry": { "type": "Point", "coordinates": [ 137.1143571, 36.718933 ] } },
{ "type": "Feature", "properties": { "内容": "橋下条テラス居宅介護支援事業所【居宅介護支援】富山県射水市橋下条８５１－１", "url2": "https://www.kaigokensaku.mhlw.go.jp/16/index.php?action_kouhyou_detail_004_kani=true&JigyosyoCd=1671100533-00&ServiceCd=430&Type=search" }, "geometry": { "type": "Point", "coordinates": [ 137.078769700000066, 36.7072502 ] } },
{ "type": "Feature", "properties": { "内容": "赤田居宅介護支援事業所【居宅介護支援】富山県射水市橋下条1374", "url2": "https://www.kaigokensaku.mhlw.go.jp/16/index.php?action_kouhyou_detail_004_kani=true&JigyosyoCd=1671100079-00&ServiceCd=430&Type=search" }, "geometry": { "type": "Point", "coordinates": [ 137.085005099999989, 36.7136522 ] } },
{ "type": "Feature", "properties": { "内容": "居宅介護支援事業所　和の郷射水【居宅介護支援】富山県射水市野村921番地", "url2": "https://www.kaigokensaku.mhlw.go.jp/16/index.php?action_kouhyou_detail_004_kani=true&JigyosyoCd=1671100699-00&ServiceCd=430&Type=search" }, "geometry": { "type": "Point", "coordinates": [ 137.0910146, 36.7481621 ] } },
{ "type": "Feature", "properties": { "内容": "くなと居宅介護支援事業所【居宅介護支援】富山県射水市久々湊448番地", "url2": "https://www.kaigokensaku.mhlw.go.jp/16/index.php?action_kouhyou_detail_004_kani=true&JigyosyoCd=1671100624-00&ServiceCd=430&Type=search" }, "geometry": { "type": "Point", "coordinates": [ 137.093810187696818, 36.758915293283849 ] } },
{ "type": "Feature", "properties": { "内容": "ケアサークルひばり居宅介護支援事業所【居宅介護支援】富山県射水市戸破4466番地2", "url2": "https://www.kaigokensaku.mhlw.go.jp/16/index.php?action_kouhyou_detail_004_kani=true&JigyosyoCd=1671100665-00&ServiceCd=430&Type=search" }, "geometry": { "type": "Point", "coordinates": [ 137.107824299999947, 36.7252931 ] } },
{ "type": "Feature", "properties": { "内容": "サンセリテ居宅介護支援事業所【居宅介護支援】富山県射水市朴木244番地", "url2": "https://www.kaigokensaku.mhlw.go.jp/16/index.php?action_kouhyou_detail_004_kani=true&JigyosyoCd=1670300118-00&ServiceCd=430&Type=search" }, "geometry": { "type": "Point", "coordinates": [ 137.076998900000035, 36.7588826 ] } },
{ "type": "Feature", "properties": { "内容": "居宅介護支援事業所　りらいあんす【居宅介護支援】富山県射水市寺塚原188番地", "url2": "https://www.kaigokensaku.mhlw.go.jp/16/index.php?action_kouhyou_detail_004_kani=true&JigyosyoCd=1670300191-00&ServiceCd=430&Type=search" }, "geometry": { "type": "Point", "coordinates": [ 137.06239770000002, 36.7496416 ] } },
{ "type": "Feature", "properties": { "内容": "七美ことぶき苑居宅介護支援事業所【居宅介護支援】富山県射水市七美891番地", "url2": "https://www.kaigokensaku.mhlw.go.jp/16/index.php?action_kouhyou_detail_004_kani=true&JigyosyoCd=1670300027-00&ServiceCd=430&Type=search" }, "geometry": { "type": "Point", "coordinates": [ 137.142372799999947, 36.7522429 ] } },
{ "type": "Feature", "properties": { "内容": "福祉プラザ七美居宅介護支援事業所【居宅介護支援】富山県射水市七美879-1", "url2": "https://www.kaigokensaku.mhlw.go.jp/16/index.php?action_kouhyou_detail_004_kani=true&JigyosyoCd=1670300324-00&ServiceCd=430&Type=search" }, "geometry": { "type": "Point", "coordinates": [ 137.14075349999996, 36.7522095 ] } },
{ "type": "Feature", "properties": { "内容": "射水万葉苑居宅介護支援事業所【居宅介護支援】富山県射水市朴木２１１番地の１", "url2": "https://www.kaigokensaku.mhlw.go.jp/16/index.php?action_kouhyou_detail_004_kani=true&JigyosyoCd=1670300019-00&ServiceCd=430&Type=search" }, "geometry": { "type": "Point", "coordinates": [ 137.078659900000048, 36.759302 ] } },
{ "type": "Feature", "properties": { "内容": "いちにのさんぽ居宅介護支援事業所【居宅介護支援】冨山県射水市海老江練合570番地", "url2": "https://www.kaigokensaku.mhlw.go.jp/16/index.php?action_kouhyou_detail_004_kani=true&JigyosyoCd=1670300241-00&ServiceCd=430&Type=search" }, "geometry": { "type": "Point", "coordinates": [ 137.160462400000029, 36.7615839 ] } },
{ "type": "Feature", "properties": { "内容": "ぶどうの木居宅介護支援事業所【居宅介護支援】富山県射水市桜町19-3", "url2": "https://www.kaigokensaku.mhlw.go.jp/16/index.php?action_kouhyou_detail_004_kani=true&JigyosyoCd=1670300282-00&ServiceCd=430&Type=search" }, "geometry": { "type": "Point", "coordinates": [ 137.085461500000065, 36.7765893 ] } },
{ "type": "Feature", "properties": { "内容": "矢野居宅介護支援事業所【居宅介護支援】富山県射水市本町1丁目13番1号", "url2": "https://www.kaigokensaku.mhlw.go.jp/16/index.php?action_kouhyou_detail_004_kani=true&JigyosyoCd=1671100707-00&ServiceCd=430&Type=search" }, "geometry": { "type": "Point", "coordinates": [ 137.074331700000016, 36.7831467 ] } },
{ "type": "Feature", "properties": { "内容": "みしま野苑在宅ケアセンター【居宅介護支援】富山県射水市三ヶ508", "url2": "https://www.kaigokensaku.mhlw.go.jp/16/index.php?action_kouhyou_detail_004_kani=true&JigyosyoCd=1671900155-00&ServiceCd=430&Type=search" }, "geometry": { "type": "Point", "coordinates": [ 137.1003197, 36.726165 ] } },
{ "type": "Feature", "properties": { "内容": "くるみ介護センター【居宅介護支援】富山県射水市大島北野48番地", "url2": "https://www.kaigokensaku.mhlw.go.jp/16/index.php?action_kouhyou_detail_004_kani=true&JigyosyoCd=1671900056-00&ServiceCd=430&Type=search" }, "geometry": { "type": "Point", "coordinates": [ 137.052226499999961, 36.7450864 ] } },
{ "type": "Feature", "properties": { "内容": "ケアサポートうてな【居宅介護支援】手崎498番地5", "url2": "https://www.kaigokensaku.mhlw.go.jp/16/index.php?action_kouhyou_detail_004_kani=true&JigyosyoCd=1671100764-00&ServiceCd=430&Type=search" }, "geometry": { "type": "Point", "coordinates": [ 137.116375100000056, 36.7221331 ] } },
{ "type": "Feature", "properties": { "内容": "居宅介護支援事業所　なでしこ【居宅介護支援】富山県射水市草岡町２丁目１０－４", "url2": "https://www.kaigokensaku.mhlw.go.jp/16/index.php?action_kouhyou_detail_004_kani=true&JigyosyoCd=1671100491-00&ServiceCd=430&Type=search" }, "geometry": { "type": "Point", "coordinates": [ 137.134756399999986, 36.7673074 ] } },
{ "type": "Feature", "properties": { "内容": "ケアサークルこかげ居宅介護支援事業所【居宅介護支援】富山県射水市作道３０２番地ケアサークル作道", "url2": "https://www.kaigokensaku.mhlw.go.jp/16/index.php?action_kouhyou_detail_004_kani=true&JigyosyoCd=1671100566-00&ServiceCd=430&Type=search" }, "geometry": { "type": "Point", "coordinates": [ 137.086482904429403, 36.756587987799946 ] } },
{ "type": "Feature", "properties": { "内容": "ニチイケアセンターいみず【居宅介護支援】富山県射水市二口3159番地2", "url2": "https://www.kaigokensaku.mhlw.go.jp/16/index.php?action_kouhyou_detail_004_kani=true&JigyosyoCd=1671100038-00&ServiceCd=430&Type=search" }, "geometry": { "type": "Point", "coordinates": [ 137.053057599999988, 36.7283831 ] } },
{ "type": "Feature", "properties": { "内容": "株式会社パーソナルライフサポート【居宅介護支援】富山県射水市片口８２８番地", "url2": "https://www.kaigokensaku.mhlw.go.jp/16/index.php?action_kouhyou_detail_004_kani=true&JigyosyoCd=1671100244-00&ServiceCd=430&Type=search" }, "geometry": { "type": "Point", "coordinates": [ 137.119863533729529, 36.759980265706645 ] } },
{ "type": "Feature", "properties": { "内容": "金沢福祉株式会社【居宅介護支援】富山県射水市橋下条508-4住宅型有料老人ホーム白寿の里", "url2": "https://www.kaigokensaku.mhlw.go.jp/16/index.php?action_kouhyou_detail_004_kani=true&JigyosyoCd=1671100632-00&ServiceCd=430&Type=search" }, "geometry": { "type": "Point", "coordinates": [ 137.079733600000054, 36.706542 ] } },
{ "type": "Feature", "properties": { "内容": "なでしこの里居宅介護支援事業所【居宅介護支援】富山県射水市赤井77番地1", "url2": "https://www.kaigokensaku.mhlw.go.jp/16/index.php?action_kouhyou_detail_004_kani=true&JigyosyoCd=1671100483-00&ServiceCd=430&Type=search" }, "geometry": { "type": "Point", "coordinates": [ 137.06932423091348, 36.730854576577322 ] } },
{ "type": "Feature", "properties": { "内容": "海王居宅介護支援事業所【居宅介護支援】富山県射水市海王町２５番地総合ケアセンター海王内　３階", "url2": "https://www.kaigokensaku.mhlw.go.jp/16/index.php?action_kouhyou_detail_004_kani=true&JigyosyoCd=1671100772-00&ServiceCd=430&Type=search" }, "geometry": { "type": "Point", "coordinates": [ 137.107070600000043, 36.7774225 ] } },
{ "type": "Feature", "properties": { "内容": "すずらん介護支援センター【居宅介護支援】大島北野３３", "url2": "https://www.kaigokensaku.mhlw.go.jp/16/index.php?action_kouhyou_detail_004_kani=true&JigyosyoCd=1671100368-00&ServiceCd=430&Type=search" }, "geometry": { "type": "Point", "coordinates": [ 137.052923700000065, 36.7445059 ] } },
{ "type": "Feature", "properties": { "内容": "射水市大島在宅介護支援センター【居宅介護支援】富山県射水市大島北野３３", "url2": "https://www.kaigokensaku.mhlw.go.jp/16/index.php?action_kouhyou_detail_004_kani=true&JigyosyoCd=1671900049-00&ServiceCd=430&Type=search" }, "geometry": { "type": "Point", "coordinates": [ 137.052923700000065, 36.7445059 ] } },
{ "type": "Feature", "properties": { "内容": "射水万葉苑本町サポートセンター居宅介護支援事業所【居宅介護支援】富山県射水市本町3丁目17番8号", "url2": "https://www.kaigokensaku.mhlw.go.jp/16/index.php?action_kouhyou_detail_004_kani=true&JigyosyoCd=1671100194-00&ServiceCd=430&Type=search" }, "geometry": { "type": "Point", "coordinates": [ 137.080697800000053, 36.7813887 ] } },
{ "type": "Feature", "properties": { "内容": "射水市小杉在宅介護支援センター大江【居宅介護支援】富山県射水市大江333-1", "url2": "https://www.kaigokensaku.mhlw.go.jp/16/index.php?action_kouhyou_detail_004_kani=true&JigyosyoCd=1671900031-00&ServiceCd=430&Type=search" }, "geometry": { "type": "Point", "coordinates": [ 137.11509570000004, 36.728361700000015 ] } },
{ "type": "Feature", "properties": { "内容": "射水市大門在宅介護支援センター【居宅介護支援】富山県射水市中村２０番地", "url2": "https://www.kaigokensaku.mhlw.go.jp/16/index.php?action_kouhyou_detail_004_kani=true&JigyosyoCd=1671900015-00&ServiceCd=430&Type=search" }, "geometry": { "type": "Point", "coordinates": [ 137.056160200000022, 36.7229811 ] } },
{ "type": "Feature", "properties": { "内容": "ひばりケアプランセンター【居宅介護支援】富山県射水市戸破1168番地5", "url2": "https://www.kaigokensaku.mhlw.go.jp/16/index.php?action_kouhyou_detail_004_kani=true&JigyosyoCd=1671100897-00&ServiceCd=430&Type=search" }, "geometry": { "type": "Point", "coordinates": [ 137.10374483068847, 36.717577303232723 ] } },
{ "type": "Feature", "properties": { "内容": "チームケア歌の森【居宅介護支援】富山県射水市東太閤山2丁目22", "url2": "https://www.kaigokensaku.mhlw.go.jp/16/index.php?action_kouhyou_detail_004_kani=true&JigyosyoCd=1671100939-00&ServiceCd=430&Type=search" }, "geometry": { "type": "Point", "coordinates": [ 137.116789899999986, 36.6992772 ] } },
{ "type": "Feature", "properties": { "内容": "おうちととなり居宅介護支援事業所【居宅介護支援】富山県射水市黒河3252番地1", "url2": "https://www.kaigokensaku.mhlw.go.jp/16/index.php?action_kouhyou_detail_004_kani=true&JigyosyoCd=1671100921-00&ServiceCd=430&Type=search" }, "geometry": { "type": "Point", "coordinates": [ 137.107622, 36.702037 ] } },
{ "type": "Feature", "properties": { "内容": "サポートセンター小杉南【居宅介護支援】富山県射水市南太閤山３丁目２番地１小杉南福祉交流センターつな～ぐ", "url2": "https://www.kaigokensaku.mhlw.go.jp/16/index.php?action_kouhyou_detail_004_kani=true&JigyosyoCd=1671100129-00&ServiceCd=430&Type=search" }, "geometry": { "type": "Point", "coordinates": [ 137.091161256097394, 36.698198025800735 ] } },
{ "type": "Feature", "properties": { "内容": "居宅介護支援事業所　雅小杉【居宅介護支援】富山県射水市戸破1677-1", "url2": "https://www.kaigokensaku.mhlw.go.jp/16/index.php?action_kouhyou_detail_004_kani=true&JigyosyoCd=1671100681-00&ServiceCd=430&Type=search" }, "geometry": { "type": "Point", "coordinates": [ 137.095169889549197, 36.713761601742064 ] } },
{ "type": "Feature", "properties": { "内容": "わかばケアセンター【居宅介護支援】富山県射水市三ケ2650番地15", "url2": "https://www.kaigokensaku.mhlw.go.jp/16/index.php?action_kouhyou_detail_004_kani=true&JigyosyoCd=1671100830-00&ServiceCd=430&Type=search" }, "geometry": { "type": "Point", "coordinates": [ 137.0940914, 36.7184258 ] } },
{ "type": "Feature", "properties": { "内容": "ふなはし荘居宅介護支援事業所【居宅介護支援】富山県中新川郡舟橋村舟橋５８番地１", "url2": "https://www.kaigokensaku.mhlw.go.jp/16/index.php?action_kouhyou_detail_004_kani=true&JigyosyoCd=1671600425-00&ServiceCd=430&Type=search" }, "geometry": { "type": "Point", "coordinates": [ 137.310915199999954, 36.709439 ] } },
{ "type": "Feature", "properties": { "内容": "あおぞら居宅介護支援事業所【居宅介護支援】富山県中新川郡上市町若杉三丁目522番地", "url2": "https://www.kaigokensaku.mhlw.go.jp/16/index.php?action_kouhyou_detail_004_kani=true&JigyosyoCd=1671600862-00&ServiceCd=430&Type=search" }, "geometry": { "type": "Point", "coordinates": [ 137.356866699999955, 36.7080961 ] } },
{ "type": "Feature", "properties": { "内容": "居宅介護支援事業所　ひまわり【居宅介護支援】中小泉６８－４", "url2": "https://www.kaigokensaku.mhlw.go.jp/16/index.php?action_kouhyou_detail_004_kani=true&JigyosyoCd=1671600706-00&ServiceCd=430&Type=search" }, "geometry": { "type": "Point", "coordinates": [ 137.348088776327359, 36.708145324433616 ] } },
{ "type": "Feature", "properties": { "内容": "上市老人保健施設つるぎの庭居宅介護支援事業所【居宅介護支援】富山県中新川郡上市町森尻704番地", "url2": "https://www.kaigokensaku.mhlw.go.jp/16/index.php?action_kouhyou_detail_004_kani=true&JigyosyoCd=1671600243-00&ServiceCd=430&Type=search" }, "geometry": { "type": "Point", "coordinates": [ 137.354797100000042, 36.718025399999966 ] } },
{ "type": "Feature", "properties": { "内容": "在宅介護支援事業所ハッピーとやま上市【居宅介護支援】富山県中新川郡上市町稗田33-1", "url2": "https://www.kaigokensaku.mhlw.go.jp/16/index.php?action_kouhyou_detail_004_kani=true&JigyosyoCd=1671600359-00&ServiceCd=430&Type=search" }, "geometry": { "type": "Point", "coordinates": [ 137.360191799999939, 36.695192 ] } },
{ "type": "Feature", "properties": { "内容": "ニチイケアセンター上市【居宅介護支援】富山県中新川郡上市町神田20-5", "url2": "https://www.kaigokensaku.mhlw.go.jp/16/index.php?action_kouhyou_detail_004_kani=true&JigyosyoCd=1671600177-00&ServiceCd=430&Type=search" }, "geometry": { "type": "Point", "coordinates": [ 137.340799, 36.6984134 ] } },
{ "type": "Feature", "properties": { "内容": "居宅介護支援事業所ひまわり【居宅介護支援】富山県中新川郡上市町中小泉68番地4", "url2": "https://www.kaigokensaku.mhlw.go.jp/16/index.php?action_kouhyou_detail_004_kani=true&JigyosyoCd=1671601027-00&ServiceCd=430&Type=search" }, "geometry": { "type": "Point", "coordinates": [ 137.3479032, 36.7084103 ] } },
{ "type": "Feature", "properties": { "内容": "上市町社協居宅介護支援事業所【居宅介護支援】富山県中新川郡上市町湯上野1176上市町保健福祉総合センター", "url2": "https://www.kaigokensaku.mhlw.go.jp/16/index.php?action_kouhyou_detail_004_kani=true&JigyosyoCd=1671600169-00&ServiceCd=430&Type=search" }, "geometry": { "type": "Point", "coordinates": [ 137.3615, 36.6964474 ] } },
{ "type": "Feature", "properties": { "内容": "常楽園サービス【居宅介護支援】富山県中新川郡上市町舘２０９", "url2": "https://www.kaigokensaku.mhlw.go.jp/16/index.php?action_kouhyou_detail_004_kani=true&JigyosyoCd=1671600201-00&ServiceCd=430&Type=search" }, "geometry": { "type": "Point", "coordinates": [ 137.363147700000013, 36.6728135 ] } },
{ "type": "Feature", "properties": { "内容": "かみいち居宅介護支援事業所【居宅介護支援】富山県中新川郡上市町法音寺51　かみいち総合病院敷地内在宅医療連携館", "url2": "https://www.kaigokensaku.mhlw.go.jp/16/index.php?action_kouhyou_detail_004_kani=true&JigyosyoCd=1671600219-00&ServiceCd=430&Type=search" }, "geometry": { "type": "Point", "coordinates": [ 137.36137044950101, 36.703311213522312 ] } },
{ "type": "Feature", "properties": { "内容": "やまやまハウス居宅介護支援事業所【居宅介護支援】富山県中新川郡上市町稗田13-16", "url2": "https://www.kaigokensaku.mhlw.go.jp/16/index.php?action_kouhyou_detail_004_kani=true&JigyosyoCd=1671600698-00&ServiceCd=430&Type=search" }, "geometry": { "type": "Point", "coordinates": [ 137.352889399999981, 36.6975765 ] } },
{ "type": "Feature", "properties": { "内容": "逢の希居宅介護支援事業所【居宅介護支援】富山県中新川郡上市町上経田5-1", "url2": "https://www.kaigokensaku.mhlw.go.jp/16/index.php?action_kouhyou_detail_004_kani=true&JigyosyoCd=1671601035-00&ServiceCd=430&Type=search" }, "geometry": { "type": "Point", "coordinates": [ 137.335846260692335, 36.70287218863556 ] } },
{ "type": "Feature", "properties": { "内容": "元・気・楽居宅介護支援事業所【居宅介護支援】富山県中新川郡上市町丸山11番地", "url2": "https://www.kaigokensaku.mhlw.go.jp/16/index.php?action_kouhyou_detail_004_kani=true&JigyosyoCd=1671600912-00&ServiceCd=430&Type=search" }, "geometry": { "type": "Point", "coordinates": [ 137.38386, 36.694484 ] } },
{ "type": "Feature", "properties": { "内容": "やまの湯介護相談所【居宅介護支援】富山県中新川郡立山町横江5-1ディサービス横江やまの湯　２Ｆ", "url2": "https://www.kaigokensaku.mhlw.go.jp/16/index.php?action_kouhyou_detail_004_kani=true&JigyosyoCd=1671600797-00&ServiceCd=430&Type=search" }, "geometry": { "type": "Point", "coordinates": [ 137.329624400000057, 36.5911323 ] } },
{ "type": "Feature", "properties": { "内容": "アロマ社会福祉士事務所【居宅介護支援】中新川郡立山町前沢新町１６３番地", "url2": "https://www.kaigokensaku.mhlw.go.jp/16/index.php?action_kouhyou_detail_004_kani=true&JigyosyoCd=1670102746-00&ServiceCd=430&Type=search" }, "geometry": { "type": "Point", "coordinates": [ 137.310102599999937, 36.670102 ] } },
{ "type": "Feature", "properties": { "内容": "IMF株式会社居宅介護支援事業所たてやま【居宅介護支援】中新川郡立山町前沢3526-9", "url2": "https://www.kaigokensaku.mhlw.go.jp/16/index.php?action_kouhyou_detail_004_kani=true&JigyosyoCd=1671601001-00&ServiceCd=430&Type=search" }, "geometry": { "type": "Point", "coordinates": [ 137.313427986459317, 36.651845611477242 ] } },
{ "type": "Feature", "properties": { "内容": "立山居宅介護支援事業所【居宅介護支援】富山県中新川郡立山町大石原225", "url2": "https://www.kaigokensaku.mhlw.go.jp/16/index.php?action_kouhyou_detail_004_kani=true&JigyosyoCd=1671600037-00&ServiceCd=430&Type=search" }, "geometry": { "type": "Point", "coordinates": [ 137.297743222733061, 36.665393234828016 ] } },
{ "type": "Feature", "properties": { "内容": "つくしの森居宅介護支援事業所【居宅介護支援】富山県中新川郡立山町西大森657番地", "url2": "https://www.kaigokensaku.mhlw.go.jp/16/index.php?action_kouhyou_detail_004_kani=true&JigyosyoCd=1671600979-00&ServiceCd=430&Type=search" }, "geometry": { "type": "Point", "coordinates": [ 137.2878261, 36.6554303 ] } },
{ "type": "Feature", "properties": { "内容": "一期一会【居宅介護支援】富山県中新川郡立山町米沢21", "url2": "https://www.kaigokensaku.mhlw.go.jp/16/index.php?action_kouhyou_detail_004_kani=true&JigyosyoCd=1671600565-00&ServiceCd=430&Type=search" }, "geometry": { "type": "Point", "coordinates": [ 137.316965938112958, 36.671434498396152 ] } },
{ "type": "Feature", "properties": { "内容": "ライフサポート虹の丘たてやま【居宅介護支援】中新川郡立山町米沢４４－１４", "url2": "https://www.kaigokensaku.mhlw.go.jp/16/index.php?action_kouhyou_detail_004_kani=true&JigyosyoCd=1671600607-00&ServiceCd=430&Type=search" }, "geometry": { "type": "Point", "coordinates": [ 137.327426100000025, 36.6649945 ] } },
{ "type": "Feature", "properties": { "内容": "立山町社協ケアサービスセンター【居宅介護支援】富山県中新川郡立山町前沢１１６９番地　立山町元気交流ステーション３階", "url2": "https://www.kaigokensaku.mhlw.go.jp/16/index.php?action_kouhyou_detail_004_kani=true&JigyosyoCd=1671600144-00&ServiceCd=430&Type=search" }, "geometry": { "type": "Point", "coordinates": [ 137.314399500000036, 36.6653832 ] } },
{ "type": "Feature", "properties": { "内容": "竜ヶ浜荘指定居宅介護支援センター【居宅介護支援】富山県中新川郡立山町末上野267番地の7", "url2": "https://www.kaigokensaku.mhlw.go.jp/16/index.php?action_kouhyou_detail_004_kani=true&JigyosyoCd=1671600011-00&ServiceCd=430&Type=search" }, "geometry": { "type": "Point", "coordinates": [ 137.335231099999987, 36.6506294 ] } },
{ "type": "Feature", "properties": { "内容": "入善老人保健施設　こぶしの庭　居宅介護支援事業所【居宅介護支援】富山県下新川郡入善町小杉64", "url2": "https://www.kaigokensaku.mhlw.go.jp/16/index.php?action_kouhyou_detail_004_kani=true&JigyosyoCd=1671700167-00&ServiceCd=430&Type=search" }, "geometry": { "type": "Point", "coordinates": [ 137.526088399999907, 36.9180617 ] } },
{ "type": "Feature", "properties": { "内容": "ＪＡみな穂ケアセンターはぴねす居宅介護支援事業所【居宅介護支援】富山県下新川郡入善町上野７９８の１", "url2": "https://www.kaigokensaku.mhlw.go.jp/16/index.php?action_kouhyou_detail_004_kani=true&JigyosyoCd=1671700019-00&ServiceCd=430&Type=search" }, "geometry": { "type": "Point", "coordinates": [ 137.49285169999996, 36.9332659 ] } },
{ "type": "Feature", "properties": { "内容": "入善老人保健施設こぶしの庭　居宅介護支援事業所【居宅介護支援】富山県下新川郡入善町小杉64", "url2": "https://www.kaigokensaku.mhlw.go.jp/16/index.php?action_kouhyou_detail_004_kani=true&JigyosyoCd=1671700670-00&ServiceCd=430&Type=search" }, "geometry": { "type": "Point", "coordinates": [ 137.5260056, 36.9177867 ] } },
{ "type": "Feature", "properties": { "内容": "縁【居宅介護支援】富山県下新川郡入善町吉原791番地", "url2": "https://www.kaigokensaku.mhlw.go.jp/16/index.php?action_kouhyou_detail_004_kani=true&JigyosyoCd=1671700514-00&ServiceCd=430&Type=search" }, "geometry": { "type": "Point", "coordinates": [ 137.477631400000064, 36.9365262 ] } },
{ "type": "Feature", "properties": { "内容": "在宅介護支援センター　おあしす新川【居宅介護支援】富山県下新川郡入善町上野２８０３", "url2": "https://www.kaigokensaku.mhlw.go.jp/16/index.php?action_kouhyou_detail_004_kani=true&JigyosyoCd=1671700183-00&ServiceCd=430&Type=search" }, "geometry": { "type": "Point", "coordinates": [ 137.5023589, 36.9246901 ] } },
{ "type": "Feature", "properties": { "内容": "舟見寿楽苑在宅介護支援センター【居宅介護支援】富山県下新川郡入善町舟見１６６４番地", "url2": "https://www.kaigokensaku.mhlw.go.jp/16/index.php?action_kouhyou_detail_004_kani=true&JigyosyoCd=1671700076-00&ServiceCd=430&Type=search" }, "geometry": { "type": "Point", "coordinates": [ 137.5595303, 36.8779188 ] } },
{ "type": "Feature", "properties": { "内容": "入善町社会福祉協議会居宅介護支援事務所ほほえみ【居宅介護支援】富山県下新川郡入善町上野2793-1健康交流プラザ　サンウェル2F", "url2": "https://www.kaigokensaku.mhlw.go.jp/16/index.php?action_kouhyou_detail_004_kani=true&JigyosyoCd=1671700084-00&ServiceCd=430&Type=search" }, "geometry": { "type": "Point", "coordinates": [ 137.501811800000041, 36.9235153 ] } },
{ "type": "Feature", "properties": { "内容": "特定非営利活動法人ケアマネジメント結【居宅介護支援】下新川郡入善町椚山49-8", "url2": "https://www.kaigokensaku.mhlw.go.jp/16/index.php?action_kouhyou_detail_004_kani=true&JigyosyoCd=1671700332-00&ServiceCd=430&Type=search" }, "geometry": { "type": "Point", "coordinates": [ 137.513942199999974, 36.9360722 ] } },
{ "type": "Feature", "properties": { "内容": "特定非営利活動法人パートナー【居宅介護支援】富山県下新川郡入善町入膳5437", "url2": "https://www.kaigokensaku.mhlw.go.jp/16/index.php?action_kouhyou_detail_004_kani=true&JigyosyoCd=1671700266-00&ServiceCd=430&Type=search" }, "geometry": { "type": "Point", "coordinates": [ 137.500209907258551, 36.939580761666043 ] } },
{ "type": "Feature", "properties": { "内容": "居宅介護支援事業所木ここち【居宅介護支援】富山県下新川郡入善町青島402番地7", "url2": "https://www.kaigokensaku.mhlw.go.jp/16/index.php?action_kouhyou_detail_004_kani=true&JigyosyoCd=1671700464-00&ServiceCd=430&Type=search" }, "geometry": { "type": "Point", "coordinates": [ 137.509636887371812, 36.927198339914383 ] } },
{ "type": "Feature", "properties": { "内容": "ケアサポートつむぎ【居宅介護支援】富山県下新川郡朝日町平柳３０１ー４", "url2": "https://www.kaigokensaku.mhlw.go.jp/16/index.php?action_kouhyou_detail_004_kani=true&JigyosyoCd=1671700589-00&ServiceCd=430&Type=search" }, "geometry": { "type": "Point", "coordinates": [ 137.557780626983686, 36.946981689767085 ] } },
{ "type": "Feature", "properties": { "内容": "朝日町在宅介護支援センター【居宅介護支援】富山県下新川郡朝日町泊477番地あさひ総合病院６階", "url2": "https://www.kaigokensaku.mhlw.go.jp/16/index.php?action_kouhyou_detail_004_kani=true&JigyosyoCd=1671700209-00&ServiceCd=430&Type=search" }, "geometry": { "type": "Point", "coordinates": [ 137.561476586230469, 36.960171627307133 ] } }
]
}
