{
"type": "FeatureCollection",
"name": "geo_16_3",
"crs": { "type": "name", "properties": { "name": "urn:ogc:def:crs:OGC:1.3:CRS84" } },
"features": [
{ "type": "Feature", "properties": { "ID": 1633160130258, "正式名称": "青木歯科医院", "機関区分": 3, "都道府県コード": 16, "市区町村コード": 201, "所在地": "富山県富山市堀川小泉町８０５", "緯度": 36.674795, "経度": 137.219456, "url": "https://www.iryou.teikyouseido.mhlw.go.jp/znk-web/juminkanja/S2430/initialize?prefCd=16&kikanCd=3160130258&kikanKbn=3", "url2": null, "内容": "青木歯科医院【3:歯科】富山県富山市堀川小泉町８０５" }, "geometry": { "type": "Point", "coordinates": [ 137.219456, 36.674795 ] } },
{ "type": "Feature", "properties": { "ID": 1633160130639, "正式名称": "松原歯科医院", "機関区分": 3, "都道府県コード": 16, "市区町村コード": 201, "所在地": "富山県富山市久方町１４－１７", "緯度": 36.706625, "経度": 137.22176, "url": "https://www.iryou.teikyouseido.mhlw.go.jp/znk-web/juminkanja/S2430/initialize?prefCd=16&kikanCd=3160130639&kikanKbn=3", "url2": null, "内容": "松原歯科医院【3:歯科】富山県富山市久方町１４－１７" }, "geometry": { "type": "Point", "coordinates": [ 137.22176, 36.706625 ] } },
{ "type": "Feature", "properties": { "ID": 1633160130688, "正式名称": "医療法人社団　輔車会　今村歯科医院", "機関区分": 3, "都道府県コード": 16, "市区町村コード": 201, "所在地": "富山県富山市総曲輪２－１－１６", "緯度": 36.691515, "経度": 137.213456, "url": "https://www.iryou.teikyouseido.mhlw.go.jp/znk-web/juminkanja/S2430/initialize?prefCd=16&kikanCd=3160130688&kikanKbn=3", "url2": "http://imamura.chu.jp/", "内容": "医療法人社団　輔車会　今村歯科医院【3:歯科】富山県富山市総曲輪２－１－１６" }, "geometry": { "type": "Point", "coordinates": [ 137.213456, 36.691515 ] } },
{ "type": "Feature", "properties": { "ID": 1633160130795, "正式名称": "大浦歯科医院", "機関区分": 3, "都道府県コード": 16, "市区町村コード": 201, "所在地": "富山県富山市堀川小泉町２３１－２", "緯度": 36.675906, "経度": 137.219456, "url": "https://www.iryou.teikyouseido.mhlw.go.jp/znk-web/juminkanja/S2430/initialize?prefCd=16&kikanCd=3160130795&kikanKbn=3", "url2": null, "内容": "大浦歯科医院【3:歯科】富山県富山市堀川小泉町２３１－２" }, "geometry": { "type": "Point", "coordinates": [ 137.219456, 36.675906 ] } },
{ "type": "Feature", "properties": { "ID": 1633160130860, "正式名称": "栗山歯科医院", "機関区分": 3, "都道府県コード": 16, "市区町村コード": 201, "所在地": "富山県富山市下新町７－２７", "緯度": 36.71243, "経度": 137.217705, "url": "https://www.iryou.teikyouseido.mhlw.go.jp/znk-web/juminkanja/S2430/initialize?prefCd=16&kikanCd=3160130860&kikanKbn=3", "url2": "http://www.kuriyama-dp.com", "内容": "栗山歯科医院【3:歯科】富山県富山市下新町７－２７" }, "geometry": { "type": "Point", "coordinates": [ 137.217705, 36.71243 ] } },
{ "type": "Feature", "properties": { "ID": 1633160130985, "正式名称": "医療法人社団　大城歯科", "機関区分": 3, "都道府県コード": 16, "市区町村コード": 201, "所在地": "富山県富山市中野新町２－２－２９", "緯度": 36.682266, "経度": 137.216428, "url": "https://www.iryou.teikyouseido.mhlw.go.jp/znk-web/juminkanja/S2430/initialize?prefCd=16&kikanCd=3160130985&kikanKbn=3", "url2": "https://oshiro-dental.cihp.jp", "内容": "医療法人社団　大城歯科【3:歯科】富山県富山市中野新町２－２－２９" }, "geometry": { "type": "Point", "coordinates": [ 137.216428, 36.682266 ] } },
{ "type": "Feature", "properties": { "ID": 1633160131090, "正式名称": "岡崎歯科クリニック", "機関区分": 3, "都道府県コード": 16, "市区町村コード": 201, "所在地": "富山県富山市千代田町４－４０", "緯度": 36.717207, "経度": 137.22351, "url": "https://www.iryou.teikyouseido.mhlw.go.jp/znk-web/juminkanja/S2430/initialize?prefCd=16&kikanCd=3160131090&kikanKbn=3", "url2": "http://okazakishika.com", "内容": "岡崎歯科クリニック【3:歯科】富山県富山市千代田町４－４０" }, "geometry": { "type": "Point", "coordinates": [ 137.22351, 36.717207 ] } },
{ "type": "Feature", "properties": { "ID": 1633160131207, "正式名称": "富山県歯科保健医療総合センター", "機関区分": 3, "都道府県コード": 16, "市区町村コード": 201, "所在地": "富山県富山市五福五味原２７４１－２", "緯度": 36.694522, "経度": 137.189551, "url": "https://www.iryou.teikyouseido.mhlw.go.jp/znk-web/juminkanja/S2430/initialize?prefCd=16&kikanCd=3160131207&kikanKbn=3", "url2": "https://www.tdhc8020.com/", "内容": "富山県歯科保健医療総合センター【3:歯科】富山県富山市五福五味原２７４１－２" }, "geometry": { "type": "Point", "coordinates": [ 137.189551, 36.694522 ] } },
{ "type": "Feature", "properties": { "ID": 1633160131256, "正式名称": "江川歯科医院", "機関区分": 3, "都道府県コード": 16, "市区町村コード": 201, "所在地": "富山県富山市豊若町３丁目６番２７号", "緯度": 36.730317, "経度": 137.238452, "url": "https://www.iryou.teikyouseido.mhlw.go.jp/znk-web/juminkanja/S2430/initialize?prefCd=16&kikanCd=3160131256&kikanKbn=3", "url2": null, "内容": "江川歯科医院【3:歯科】富山県富山市豊若町３丁目６番２７号" }, "geometry": { "type": "Point", "coordinates": [ 137.238452, 36.730317 ] } },
{ "type": "Feature", "properties": { "ID": 1633160131348, "正式名称": "金川歯科医院", "機関区分": 3, "都道府県コード": 16, "市区町村コード": 201, "所在地": "富山県富山市総曲輪１－６－１７", "緯度": 36.692098, "経度": 137.213512, "url": "https://www.iryou.teikyouseido.mhlw.go.jp/znk-web/juminkanja/S2430/initialize?prefCd=16&kikanCd=3160131348&kikanKbn=3", "url2": "https://www.kanagawa-dc.com", "内容": "金川歯科医院【3:歯科】富山県富山市総曲輪１－６－１７" }, "geometry": { "type": "Point", "coordinates": [ 137.213512, 36.692098 ] } },
{ "type": "Feature", "properties": { "ID": 1633160131355, "正式名称": "長沢歯科医院", "機関区分": 3, "都道府県コード": 16, "市区町村コード": 201, "所在地": "富山県富山市堀川町２８０－２", "緯度": 36.665935, "経度": 137.22054, "url": "https://www.iryou.teikyouseido.mhlw.go.jp/znk-web/juminkanja/S2430/initialize?prefCd=16&kikanCd=3160131355&kikanKbn=3", "url2": null, "内容": "長沢歯科医院【3:歯科】富山県富山市堀川町２８０－２" }, "geometry": { "type": "Point", "coordinates": [ 137.22054, 36.665935 ] } },
{ "type": "Feature", "properties": { "ID": 1633160131421, "正式名称": "小崎歯科医院", "機関区分": 3, "都道府県コード": 16, "市区町村コード": 201, "所在地": "富山県富山市新根塚町１－６－５", "緯度": 36.680377, "経度": 137.202457, "url": "https://www.iryou.teikyouseido.mhlw.go.jp/znk-web/juminkanja/S2430/initialize?prefCd=16&kikanCd=3160131421&kikanKbn=3", "url2": null, "内容": "小崎歯科医院【3:歯科】富山県富山市新根塚町１－６－５" }, "geometry": { "type": "Point", "coordinates": [ 137.202457, 36.680377 ] } },
{ "type": "Feature", "properties": { "ID": 1633160131447, "正式名称": "医療法人社団　稲田歯科医院", "機関区分": 3, "都道府県コード": 16, "市区町村コード": 201, "所在地": "富山県富山市新富町２－２－８", "緯度": 36.698903, "経度": 137.211039, "url": "https://www.iryou.teikyouseido.mhlw.go.jp/znk-web/juminkanja/S2430/initialize?prefCd=16&kikanCd=3160131447&kikanKbn=3", "url2": "http://inadashika.com", "内容": "医療法人社団　稲田歯科医院【3:歯科】富山県富山市新富町２－２－８" }, "geometry": { "type": "Point", "coordinates": [ 137.211039, 36.698903 ] } },
{ "type": "Feature", "properties": { "ID": 1633160131454, "正式名称": "あすなろ小児歯科医院", "機関区分": 3, "都道府県コード": 16, "市区町村コード": 201, "所在地": "富山県富山市栄町３－１－１５", "緯度": 36.689821, "経度": 137.231399, "url": "https://www.iryou.teikyouseido.mhlw.go.jp/znk-web/juminkanja/S2430/initialize?prefCd=16&kikanCd=3160131454&kikanKbn=3", "url2": null, "内容": "あすなろ小児歯科医院【3:歯科】富山県富山市栄町３－１－１５" }, "geometry": { "type": "Point", "coordinates": [ 137.231399, 36.689821 ] } },
{ "type": "Feature", "properties": { "ID": 1633160131462, "正式名称": "城川歯科医院", "機関区分": 3, "都道府県コード": 16, "市区町村コード": 201, "所在地": "富山県富山市蓮町１－１－４５", "緯度": 36.742982, "経度": 137.22748, "url": "https://www.iryou.teikyouseido.mhlw.go.jp/znk-web/juminkanja/S2430/initialize?prefCd=16&kikanCd=3160131462&kikanKbn=3", "url2": null, "内容": "城川歯科医院【3:歯科】富山県富山市蓮町１－１－４５" }, "geometry": { "type": "Point", "coordinates": [ 137.22748, 36.742982 ] } },
{ "type": "Feature", "properties": { "ID": 1633160131488, "正式名称": "大野歯科医院", "機関区分": 3, "都道府県コード": 16, "市区町村コード": 201, "所在地": "富山県富山市水橋舘町４２９－５", "緯度": 36.750399, "経度": 137.308584, "url": "https://www.iryou.teikyouseido.mhlw.go.jp/znk-web/juminkanja/S2430/initialize?prefCd=16&kikanCd=3160131488&kikanKbn=3", "url2": null, "内容": "大野歯科医院【3:歯科】富山県富山市水橋舘町４２９－５" }, "geometry": { "type": "Point", "coordinates": [ 137.308584, 36.750399 ] } },
{ "type": "Feature", "properties": { "ID": 1633160131512, "正式名称": "中道歯科医院", "機関区分": 3, "都道府県コード": 16, "市区町村コード": 201, "所在地": "富山県富山市高木２３６６－１", "緯度": 36.713262, "経度": 137.155238, "url": "https://www.iryou.teikyouseido.mhlw.go.jp/znk-web/juminkanja/S2430/initialize?prefCd=16&kikanCd=3160131512&kikanKbn=3", "url2": "http://www.nakamichi-dc.jp/", "内容": "中道歯科医院【3:歯科】富山県富山市高木２３６６－１" }, "geometry": { "type": "Point", "coordinates": [ 137.155238, 36.713262 ] } },
{ "type": "Feature", "properties": { "ID": 1633160131637, "正式名称": "中島歯科医院", "機関区分": 3, "都道府県コード": 16, "市区町村コード": 201, "所在地": "富山県富山市中央通り１丁目３番１７号", "緯度": 36.689849, "経度": 137.21715, "url": "https://www.iryou.teikyouseido.mhlw.go.jp/znk-web/juminkanja/S2430/initialize?prefCd=16&kikanCd=3160131637&kikanKbn=3", "url2": null, "内容": "中島歯科医院【3:歯科】富山県富山市中央通り１丁目３番１７号" }, "geometry": { "type": "Point", "coordinates": [ 137.21715, 36.689849 ] } },
{ "type": "Feature", "properties": { "ID": 1633160131645, "正式名称": "石坂歯科医院", "機関区分": 3, "都道府県コード": 16, "市区町村コード": 201, "所在地": "富山県富山市山室２６１－４", "緯度": 36.669518, "経度": 137.238205, "url": "https://www.iryou.teikyouseido.mhlw.go.jp/znk-web/juminkanja/S2430/initialize?prefCd=16&kikanCd=3160131645&kikanKbn=3", "url2": null, "内容": "石坂歯科医院【3:歯科】富山県富山市山室２６１－４" }, "geometry": { "type": "Point", "coordinates": [ 137.238205, 36.669518 ] } },
{ "type": "Feature", "properties": { "ID": 1633160131678, "正式名称": "林歯科医院", "機関区分": 3, "都道府県コード": 16, "市区町村コード": 201, "所在地": "富山県富山市新庄町１丁目２０－１", "緯度": 36.700237, "経度": 137.253619, "url": "https://www.iryou.teikyouseido.mhlw.go.jp/znk-web/juminkanja/S2430/initialize?prefCd=16&kikanCd=3160131678&kikanKbn=3", "url2": null, "内容": "林歯科医院【3:歯科】富山県富山市新庄町１丁目２０－１" }, "geometry": { "type": "Point", "coordinates": [ 137.253619, 36.700237 ] } },
{ "type": "Feature", "properties": { "ID": 1633160131686, "正式名称": "水野歯科医院", "機関区分": 3, "都道府県コード": 16, "市区町村コード": 201, "所在地": "富山県富山市西宮１４０番地", "緯度": 36.752368, "経度": 137.232021, "url": "https://www.iryou.teikyouseido.mhlw.go.jp/znk-web/juminkanja/S2430/initialize?prefCd=16&kikanCd=3160131686&kikanKbn=3", "url2": null, "内容": "水野歯科医院【3:歯科】富山県富山市西宮１４０番地" }, "geometry": { "type": "Point", "coordinates": [ 137.232021, 36.752368 ] } },
{ "type": "Feature", "properties": { "ID": 1633160131694, "正式名称": "泉歯科医院", "機関区分": 3, "都道府県コード": 16, "市区町村コード": 201, "所在地": "富山県富山市上袋７２－１", "緯度": 36.656547, "経度": 137.218652, "url": "https://www.iryou.teikyouseido.mhlw.go.jp/znk-web/juminkanja/S2430/initialize?prefCd=16&kikanCd=3160131694&kikanKbn=3", "url2": "http://www.izumi-shika-iin.jp/", "内容": "泉歯科医院【3:歯科】富山県富山市上袋７２－１" }, "geometry": { "type": "Point", "coordinates": [ 137.218652, 36.656547 ] } },
{ "type": "Feature", "properties": { "ID": 1633160131736, "正式名称": "横田歯科クリニック", "機関区分": 3, "都道府県コード": 16, "市区町村コード": 201, "所在地": "富山県富山市小杉６５４", "緯度": 36.647103, "経度": 137.233123, "url": "https://www.iryou.teikyouseido.mhlw.go.jp/znk-web/juminkanja/S2430/initialize?prefCd=16&kikanCd=3160131736&kikanKbn=3", "url2": null, "内容": "横田歯科クリニック【3:歯科】富山県富山市小杉６５４" }, "geometry": { "type": "Point", "coordinates": [ 137.233123, 36.647103 ] } },
{ "type": "Feature", "properties": { "ID": 1633160131850, "正式名称": "山田歯科クリニック", "機関区分": 3, "都道府県コード": 16, "市区町村コード": 201, "所在地": "富山県富山市金泉寺２２２－１", "緯度": 36.721652, "経度": 137.262895, "url": "https://www.iryou.teikyouseido.mhlw.go.jp/znk-web/juminkanja/S2430/initialize?prefCd=16&kikanCd=3160131850&kikanKbn=3", "url2": null, "内容": "山田歯科クリニック【3:歯科】富山県富山市金泉寺２２２－１" }, "geometry": { "type": "Point", "coordinates": [ 137.262895, 36.721652 ] } },
{ "type": "Feature", "properties": { "ID": 1633160131884, "正式名称": "水越歯科医院", "機関区分": 3, "都道府県コード": 16, "市区町村コード": 201, "所在地": "富山県富山市呉羽富田町７３５５番地１０", "緯度": 36.710207, "経度": 137.175486, "url": "https://www.iryou.teikyouseido.mhlw.go.jp/znk-web/juminkanja/S2430/initialize?prefCd=16&kikanCd=3160131884&kikanKbn=3", "url2": null, "内容": "水越歯科医院【3:歯科】富山県富山市呉羽富田町７３５５番地１０" }, "geometry": { "type": "Point", "coordinates": [ 137.175486, 36.710207 ] } },
{ "type": "Feature", "properties": { "ID": 1633160131892, "正式名称": "医療法人社団上田歯科医院", "機関区分": 3, "都道府県コード": 16, "市区町村コード": 201, "所在地": "富山県富山市中川原３８７－１４", "緯度": 36.675462, "経度": 137.245732, "url": "https://www.iryou.teikyouseido.mhlw.go.jp/znk-web/juminkanja/S2430/initialize?prefCd=16&kikanCd=3160131892&kikanKbn=3", "url2": null, "内容": "医療法人社団上田歯科医院【3:歯科】富山県富山市中川原３８７－１４" }, "geometry": { "type": "Point", "coordinates": [ 137.245732, 36.675462 ] } },
{ "type": "Feature", "properties": { "ID": 1633160131991, "正式名称": "吉田歯科医院", "機関区分": 3, "都道府県コード": 16, "市区町村コード": 201, "所在地": "富山県富山市西四十物町２－１６", "緯度": 36.688737, "経度": 137.208234, "url": "https://www.iryou.teikyouseido.mhlw.go.jp/znk-web/juminkanja/S2430/initialize?prefCd=16&kikanCd=3160131991&kikanKbn=3", "url2": null, "内容": "吉田歯科医院【3:歯科】富山県富山市西四十物町２－１６" }, "geometry": { "type": "Point", "coordinates": [ 137.208234, 36.688737 ] } },
{ "type": "Feature", "properties": { "ID": 1633160132031, "正式名称": "医療法人社団砂田歯科医院", "機関区分": 3, "都道府県コード": 16, "市区町村コード": 201, "所在地": "富山県富山市犬島７－１３－５", "緯度": 36.731733, "経度": 137.232953, "url": "https://www.iryou.teikyouseido.mhlw.go.jp/znk-web/juminkanja/S2430/initialize?prefCd=16&kikanCd=3160132031&kikanKbn=3", "url2": null, "内容": "医療法人社団砂田歯科医院【3:歯科】富山県富山市犬島７－１３－５" }, "geometry": { "type": "Point", "coordinates": [ 137.232953, 36.731733 ] } },
{ "type": "Feature", "properties": { "ID": 1633160132064, "正式名称": "片山歯科クリニック", "機関区分": 3, "都道府県コード": 16, "市区町村コード": 201, "所在地": "富山県富山市奥井町１２－２５", "緯度": 36.704653, "経度": 137.228426, "url": "https://www.iryou.teikyouseido.mhlw.go.jp/znk-web/juminkanja/S2430/initialize?prefCd=16&kikanCd=3160132064&kikanKbn=3", "url2": null, "内容": "片山歯科クリニック【3:歯科】富山県富山市奥井町１２－２５" }, "geometry": { "type": "Point", "coordinates": [ 137.228426, 36.704653 ] } },
{ "type": "Feature", "properties": { "ID": 1633160132072, "正式名称": "釣谷歯科医院", "機関区分": 3, "都道府県コード": 16, "市区町村コード": 201, "所在地": "富山県富山市根塚町２－１－４", "緯度": 36.676489, "経度": 137.207513, "url": "https://www.iryou.teikyouseido.mhlw.go.jp/znk-web/juminkanja/S2430/initialize?prefCd=16&kikanCd=3160132072&kikanKbn=3", "url2": null, "内容": "釣谷歯科医院【3:歯科】富山県富山市根塚町２－１－４" }, "geometry": { "type": "Point", "coordinates": [ 137.207513, 36.676489 ] } },
{ "type": "Feature", "properties": { "ID": 1633160132080, "正式名称": "カワノ歯科クリニック", "機関区分": 3, "都道府県コード": 16, "市区町村コード": 201, "所在地": "富山県富山市本郷新７－４", "緯度": 36.666629, "経度": 137.231428, "url": "https://www.iryou.teikyouseido.mhlw.go.jp/znk-web/juminkanja/S2430/initialize?prefCd=16&kikanCd=3160132080&kikanKbn=3", "url2": null, "内容": "カワノ歯科クリニック【3:歯科】富山県富山市本郷新７－４" }, "geometry": { "type": "Point", "coordinates": [ 137.231428, 36.666629 ] } },
{ "type": "Feature", "properties": { "ID": 1633160132106, "正式名称": "橋本歯科クリニック", "機関区分": 3, "都道府県コード": 16, "市区町村コード": 201, "所在地": "富山県富山市月岡町４丁目１８１番地", "緯度": 36.624051, "経度": 137.256178, "url": "https://www.iryou.teikyouseido.mhlw.go.jp/znk-web/juminkanja/S2430/initialize?prefCd=16&kikanCd=3160132106&kikanKbn=3", "url2": "https://hashimotodc-toyama.com/", "内容": "橋本歯科クリニック【3:歯科】富山県富山市月岡町４丁目１８１番地" }, "geometry": { "type": "Point", "coordinates": [ 137.256178, 36.624051 ] } },
{ "type": "Feature", "properties": { "ID": 1633160132114, "正式名称": "堀歯科医院", "機関区分": 3, "都道府県コード": 16, "市区町村コード": 201, "所在地": "富山県富山市中川原１３０－４", "緯度": 36.674934, "経度": 137.253926, "url": "https://www.iryou.teikyouseido.mhlw.go.jp/znk-web/juminkanja/S2430/initialize?prefCd=16&kikanCd=3160132114&kikanKbn=3", "url2": null, "内容": "堀歯科医院【3:歯科】富山県富山市中川原１３０－４" }, "geometry": { "type": "Point", "coordinates": [ 137.253926, 36.674934 ] } },
{ "type": "Feature", "properties": { "ID": 1633160132155, "正式名称": "小林歯科医院", "機関区分": 3, "都道府県コード": 16, "市区町村コード": 201, "所在地": "富山県富山市太田口通り１－５－１０", "緯度": 36.686793, "経度": 137.214817, "url": "https://www.iryou.teikyouseido.mhlw.go.jp/znk-web/juminkanja/S2430/initialize?prefCd=16&kikanCd=3160132155&kikanKbn=3", "url2": "http://www.dentalspa-toyama.jp", "内容": "小林歯科医院【3:歯科】富山県富山市太田口通り１－５－１０" }, "geometry": { "type": "Point", "coordinates": [ 137.214817, 36.686793 ] } },
{ "type": "Feature", "properties": { "ID": 1633160132171, "正式名称": "小池歯科医院", "機関区分": 3, "都道府県コード": 16, "市区町村コード": 201, "所在地": "富山県富山市大町２－９", "緯度": 36.663771, "経度": 137.224974, "url": "https://www.iryou.teikyouseido.mhlw.go.jp/znk-web/juminkanja/S2430/initialize?prefCd=16&kikanCd=3160132171&kikanKbn=3", "url2": "http://toyama-koikeshika.com", "内容": "小池歯科医院【3:歯科】富山県富山市大町２－９" }, "geometry": { "type": "Point", "coordinates": [ 137.224974, 36.663771 ] } },
{ "type": "Feature", "properties": { "ID": 1633160132189, "正式名称": "ロイヤルはまだ歯科クリニック", "機関区分": 3, "都道府県コード": 16, "市区町村コード": 201, "所在地": "富山県富山市永久町１７－８", "緯度": 36.747676, "経度": 137.248617, "url": "https://www.iryou.teikyouseido.mhlw.go.jp/znk-web/juminkanja/S2430/initialize?prefCd=16&kikanCd=3160132189&kikanKbn=3", "url2": "www.royal-hamada.jp/", "内容": "ロイヤルはまだ歯科クリニック【3:歯科】富山県富山市永久町１７－８" }, "geometry": { "type": "Point", "coordinates": [ 137.248617, 36.747676 ] } },
{ "type": "Feature", "properties": { "ID": 1633160132197, "正式名称": "城野歯科医院", "機関区分": 3, "都道府県コード": 16, "市区町村コード": 201, "所在地": "富山県富山市布目旭３５５３－２", "緯度": 36.748036, "経度": 137.186956, "url": "https://www.iryou.teikyouseido.mhlw.go.jp/znk-web/juminkanja/S2430/initialize?prefCd=16&kikanCd=3160132197&kikanKbn=3", "url2": "http://shironoshika.com", "内容": "城野歯科医院【3:歯科】富山県富山市布目旭３５５３－２" }, "geometry": { "type": "Point", "coordinates": [ 137.186956, 36.748036 ] } },
{ "type": "Feature", "properties": { "ID": 1633160132213, "正式名称": "医療法人社団大木歯科医院", "機関区分": 3, "都道府県コード": 16, "市区町村コード": 201, "所在地": "富山県富山市新堀町６", "緯度": 36.656158, "経度": 137.226734, "url": "https://www.iryou.teikyouseido.mhlw.go.jp/znk-web/juminkanja/S2430/initialize?prefCd=16&kikanCd=3160132213&kikanKbn=3", "url2": null, "内容": "医療法人社団大木歯科医院【3:歯科】富山県富山市新堀町６" }, "geometry": { "type": "Point", "coordinates": [ 137.226734, 36.656158 ] } },
{ "type": "Feature", "properties": { "ID": 1633160132221, "正式名称": "土肥歯科医院", "機関区分": 3, "都道府県コード": 16, "市区町村コード": 201, "所在地": "富山県富山市石坂新４－１", "緯度": 36.716457, "経度": 137.200067, "url": "https://www.iryou.teikyouseido.mhlw.go.jp/znk-web/juminkanja/S2430/initialize?prefCd=16&kikanCd=3160132221&kikanKbn=3", "url2": null, "内容": "土肥歯科医院【3:歯科】富山県富山市石坂新４－１" }, "geometry": { "type": "Point", "coordinates": [ 137.200067, 36.716457 ] } },
{ "type": "Feature", "properties": { "ID": 1633160132239, "正式名称": "長治歯科医院", "機関区分": 3, "都道府県コード": 16, "市区町村コード": 201, "所在地": "富山県富山市永久町５番３９号", "緯度": 36.749315, "経度": 137.249339, "url": "https://www.iryou.teikyouseido.mhlw.go.jp/znk-web/juminkanja/S2430/initialize?prefCd=16&kikanCd=3160132239&kikanKbn=3", "url2": null, "内容": "長治歯科医院【3:歯科】富山県富山市永久町５番３９号" }, "geometry": { "type": "Point", "coordinates": [ 137.249339, 36.749315 ] } },
{ "type": "Feature", "properties": { "ID": 1633160132247, "正式名称": "加藤歯科医院", "機関区分": 3, "都道府県コード": 16, "市区町村コード": 201, "所在地": "富山県富山市五福４区４５０４－８", "緯度": 36.702992, "経度": 137.186944, "url": "https://www.iryou.teikyouseido.mhlw.go.jp/znk-web/juminkanja/S2430/initialize?prefCd=16&kikanCd=3160132247&kikanKbn=3", "url2": null, "内容": "加藤歯科医院【3:歯科】富山県富山市五福４区４５０４－８" }, "geometry": { "type": "Point", "coordinates": [ 137.186944, 36.702992 ] } },
{ "type": "Feature", "properties": { "ID": 1633160132254, "正式名称": "原田歯科医院", "機関区分": 3, "都道府県コード": 16, "市区町村コード": 201, "所在地": "富山県富山市中川原新町６５－９４", "緯度": 36.677017, "経度": 137.241982, "url": "https://www.iryou.teikyouseido.mhlw.go.jp/znk-web/juminkanja/S2430/initialize?prefCd=16&kikanCd=3160132254&kikanKbn=3", "url2": "https://www.harada-dc.jp", "内容": "原田歯科医院【3:歯科】富山県富山市中川原新町６５－９４" }, "geometry": { "type": "Point", "coordinates": [ 137.241982, 36.677017 ] } },
{ "type": "Feature", "properties": { "ID": 1633160132288, "正式名称": "うちだ歯科医院", "機関区分": 3, "都道府県コード": 16, "市区町村コード": 201, "所在地": "富山県富山市茶屋町１６０－２", "緯度": 36.711725, "経度": 137.180114, "url": "https://www.iryou.teikyouseido.mhlw.go.jp/znk-web/juminkanja/S2430/initialize?prefCd=16&kikanCd=3160132288&kikanKbn=3", "url2": "http://www.uchida-shikaiin.com", "内容": "うちだ歯科医院【3:歯科】富山県富山市茶屋町１６０－２" }, "geometry": { "type": "Point", "coordinates": [ 137.180114, 36.711725 ] } },
{ "type": "Feature", "properties": { "ID": 1633160132304, "正式名称": "山崎歯科医院　月岡診療所", "機関区分": 3, "都道府県コード": 16, "市区町村コード": 201, "所在地": "富山県富山市月岡町４－７４", "緯度": 36.625273, "経度": 137.251178, "url": "https://www.iryou.teikyouseido.mhlw.go.jp/znk-web/juminkanja/S2430/initialize?prefCd=16&kikanCd=3160132304&kikanKbn=3", "url2": null, "内容": "山崎歯科医院　月岡診療所【3:歯科】富山県富山市月岡町４－７４" }, "geometry": { "type": "Point", "coordinates": [ 137.251178, 36.625273 ] } },
{ "type": "Feature", "properties": { "ID": 1633160132312, "正式名称": "マリエとやま　山崎歯科診療所", "機関区分": 3, "都道府県コード": 16, "市区町村コード": 201, "所在地": "富山県富山市桜町１－１－６１", "緯度": 36.700403, "経度": 137.214067, "url": "https://www.iryou.teikyouseido.mhlw.go.jp/znk-web/juminkanja/S2430/initialize?prefCd=16&kikanCd=3160132312&kikanKbn=3", "url2": null, "内容": "マリエとやま　山崎歯科診療所【3:歯科】富山県富山市桜町１－１－６１" }, "geometry": { "type": "Point", "coordinates": [ 137.214067, 36.700403 ] } },
{ "type": "Feature", "properties": { "ID": 1633160132320, "正式名称": "杉木歯科医院", "機関区分": 3, "都道府県コード": 16, "市区町村コード": 201, "所在地": "富山県富山市針原中町８４３－３", "緯度": 36.730901, "経度": 137.269672, "url": "https://www.iryou.teikyouseido.mhlw.go.jp/znk-web/juminkanja/S2430/initialize?prefCd=16&kikanCd=3160132320&kikanKbn=3", "url2": null, "内容": "杉木歯科医院【3:歯科】富山県富山市針原中町８４３－３" }, "geometry": { "type": "Point", "coordinates": [ 137.269672, 36.730901 ] } },
{ "type": "Feature", "properties": { "ID": 1633160132338, "正式名称": "片岡歯科医院", "機関区分": 3, "都道府県コード": 16, "市区町村コード": 201, "所在地": "富山県富山市布瀬本町４－２０", "緯度": 36.678072, "経度": 137.201402, "url": "https://www.iryou.teikyouseido.mhlw.go.jp/znk-web/juminkanja/S2430/initialize?prefCd=16&kikanCd=3160132338&kikanKbn=3", "url2": "http://kataokasika.lolipop.jp", "内容": "片岡歯科医院【3:歯科】富山県富山市布瀬本町４－２０" }, "geometry": { "type": "Point", "coordinates": [ 137.201402, 36.678072 ] } },
{ "type": "Feature", "properties": { "ID": 1633160132346, "正式名称": "児島歯科医院", "機関区分": 3, "都道府県コード": 16, "市区町村コード": 201, "所在地": "富山県富山市二口町４－４－２", "緯度": 36.668767, "経度": 137.206347, "url": "https://www.iryou.teikyouseido.mhlw.go.jp/znk-web/juminkanja/S2430/initialize?prefCd=16&kikanCd=3160132346&kikanKbn=3", "url2": "http://www.kojimadental.com", "内容": "児島歯科医院【3:歯科】富山県富山市二口町４－４－２" }, "geometry": { "type": "Point", "coordinates": [ 137.206347, 36.668767 ] } },
{ "type": "Feature", "properties": { "ID": 1633160132361, "正式名称": "森井歯科医院", "機関区分": 3, "都道府県コード": 16, "市区町村コード": 201, "所在地": "富山県富山市千代田町８番３０号", "緯度": 36.716374, "経度": 137.222065, "url": "https://www.iryou.teikyouseido.mhlw.go.jp/znk-web/juminkanja/S2430/initialize?prefCd=16&kikanCd=3160132361&kikanKbn=3", "url2": "http://moriishika.com/index.html", "内容": "森井歯科医院【3:歯科】富山県富山市千代田町８番３０号" }, "geometry": { "type": "Point", "coordinates": [ 137.222065, 36.716374 ] } },
{ "type": "Feature", "properties": { "ID": 1633160132403, "正式名称": "さわはた矯正歯科医院", "機関区分": 3, "都道府県コード": 16, "市区町村コード": 201, "所在地": "富山県富山市丸の内３－４－２", "緯度": 36.689737, "経度": 137.211762, "url": "https://www.iryou.teikyouseido.mhlw.go.jp/znk-web/juminkanja/S2430/initialize?prefCd=16&kikanCd=3160132403&kikanKbn=3", "url2": "http://www.sawahata-ortho.jp/", "内容": "さわはた矯正歯科医院【3:歯科】富山県富山市丸の内３－４－２" }, "geometry": { "type": "Point", "coordinates": [ 137.211762, 36.689737 ] } },
{ "type": "Feature", "properties": { "ID": 1633160132429, "正式名称": "稲波歯科", "機関区分": 3, "都道府県コード": 16, "市区町村コード": 201, "所在地": "富山県富山市牛島新町５番５号　タワートリプルワンビル２階", "緯度": 36.703347, "経度": 137.216205, "url": "https://www.iryou.teikyouseido.mhlw.go.jp/znk-web/juminkanja/S2430/initialize?prefCd=16&kikanCd=3160132429&kikanKbn=3", "url2": "https://sites.google.com/site/inanamidentalclinic/", "内容": "稲波歯科【3:歯科】富山県富山市牛島新町５番５号　タワートリプルワンビル２階" }, "geometry": { "type": "Point", "coordinates": [ 137.216205, 36.703347 ] } },
{ "type": "Feature", "properties": { "ID": 1633160132478, "正式名称": "医療法人社団　島歯科医院", "機関区分": 3, "都道府県コード": 16, "市区町村コード": 201, "所在地": "富山県富山市上本町４－１０", "緯度": 36.686238, "経度": 137.215956, "url": "https://www.iryou.teikyouseido.mhlw.go.jp/znk-web/juminkanja/S2430/initialize?prefCd=16&kikanCd=3160132478&kikanKbn=3", "url2": "https://www.shimashikaiin.com/", "内容": "医療法人社団　島歯科医院【3:歯科】富山県富山市上本町４－１０" }, "geometry": { "type": "Point", "coordinates": [ 137.215956, 36.686238 ] } },
{ "type": "Feature", "properties": { "ID": 1633160132486, "正式名称": "Ｋ歯科クリニック", "機関区分": 3, "都道府県コード": 16, "市区町村コード": 201, "所在地": "富山県富山市山室２２６－２　グリーンモール山室内", "緯度": 36.678572, "経度": 137.235372, "url": "https://www.iryou.teikyouseido.mhlw.go.jp/znk-web/juminkanja/S2430/initialize?prefCd=16&kikanCd=3160132486&kikanKbn=3", "url2": null, "内容": "Ｋ歯科クリニック【3:歯科】富山県富山市山室２２６－２　グリーンモール山室内" }, "geometry": { "type": "Point", "coordinates": [ 137.235372, 36.678572 ] } },
{ "type": "Feature", "properties": { "ID": 1633160132494, "正式名称": "狩野歯科クリニック", "機関区分": 3, "都道府県コード": 16, "市区町村コード": 201, "所在地": "富山県富山市牛島町１３－１５　百川ビル５階", "緯度": 36.703514, "経度": 137.215233, "url": "https://www.iryou.teikyouseido.mhlw.go.jp/znk-web/juminkanja/S2430/initialize?prefCd=16&kikanCd=3160132494&kikanKbn=3", "url2": "http://www.sika-kano.jp/", "内容": "狩野歯科クリニック【3:歯科】富山県富山市牛島町１３－１５　百川ビル５階" }, "geometry": { "type": "Point", "coordinates": [ 137.215233, 36.703514 ] } },
{ "type": "Feature", "properties": { "ID": 1633160132528, "正式名称": "湯口歯科クリニック", "機関区分": 3, "都道府県コード": 16, "市区町村コード": 201, "所在地": "富山県富山市室町通り１－４－２４", "緯度": 36.688016, "経度": 137.220039, "url": "https://www.iryou.teikyouseido.mhlw.go.jp/znk-web/juminkanja/S2430/initialize?prefCd=16&kikanCd=3160132528&kikanKbn=3", "url2": null, "内容": "湯口歯科クリニック【3:歯科】富山県富山市室町通り１－４－２４" }, "geometry": { "type": "Point", "coordinates": [ 137.220039, 36.688016 ] } },
{ "type": "Feature", "properties": { "ID": 1633160132536, "正式名称": "松能歯科医院", "機関区分": 3, "都道府県コード": 16, "市区町村コード": 201, "所在地": "富山県富山市中央通り３－４－１", "緯度": 36.68946, "経度": 137.2214, "url": "https://www.iryou.teikyouseido.mhlw.go.jp/znk-web/juminkanja/S2430/initialize?prefCd=16&kikanCd=3160132536&kikanKbn=3", "url2": null, "内容": "松能歯科医院【3:歯科】富山県富山市中央通り３－４－１" }, "geometry": { "type": "Point", "coordinates": [ 137.2214, 36.68946 ] } },
{ "type": "Feature", "properties": { "ID": 1633160132577, "正式名称": "内田歯科医院", "機関区分": 3, "都道府県コード": 16, "市区町村コード": 201, "所在地": "富山県富山市上飯野１３番地２０", "緯度": 36.705959, "経度": 137.250147, "url": "https://www.iryou.teikyouseido.mhlw.go.jp/znk-web/juminkanja/S2430/initialize?prefCd=16&kikanCd=3160132577&kikanKbn=3", "url2": null, "内容": "内田歯科医院【3:歯科】富山県富山市上飯野１３番地２０" }, "geometry": { "type": "Point", "coordinates": [ 137.250147, 36.705959 ] } },
{ "type": "Feature", "properties": { "ID": 1633160132601, "正式名称": "横田歯科医院", "機関区分": 3, "都道府県コード": 16, "市区町村コード": 201, "所在地": "富山県富山市永楽町２５－７", "緯度": 36.703458, "経度": 137.219844, "url": "https://www.iryou.teikyouseido.mhlw.go.jp/znk-web/juminkanja/S2430/initialize?prefCd=16&kikanCd=3160132601&kikanKbn=3", "url2": null, "内容": "横田歯科医院【3:歯科】富山県富山市永楽町２５－７" }, "geometry": { "type": "Point", "coordinates": [ 137.219844, 36.703458 ] } },
{ "type": "Feature", "properties": { "ID": 1633160132635, "正式名称": "林歯科クリニック", "機関区分": 3, "都道府県コード": 16, "市区町村コード": 201, "所在地": "富山県富山市水橋舘町５８３－８", "緯度": 36.754538, "経度": 137.308862, "url": "https://www.iryou.teikyouseido.mhlw.go.jp/znk-web/juminkanja/S2430/initialize?prefCd=16&kikanCd=3160132635&kikanKbn=3", "url2": null, "内容": "林歯科クリニック【3:歯科】富山県富山市水橋舘町５８３－８" }, "geometry": { "type": "Point", "coordinates": [ 137.308862, 36.754538 ] } },
{ "type": "Feature", "properties": { "ID": 1633160132676, "正式名称": "医療法人社団　よしだ歯科クリニック", "機関区分": 3, "都道府県コード": 16, "市区町村コード": 201, "所在地": "富山県富山市長江８１０番地２", "緯度": 36.68771, "経度": 137.246315, "url": "https://www.iryou.teikyouseido.mhlw.go.jp/znk-web/juminkanja/S2430/initialize?prefCd=16&kikanCd=3160132676&kikanKbn=3", "url2": "https://www.toyamacitydental.jp/clinic/414", "内容": "医療法人社団　よしだ歯科クリニック【3:歯科】富山県富山市長江８１０番地２" }, "geometry": { "type": "Point", "coordinates": [ 137.246315, 36.68771 ] } },
{ "type": "Feature", "properties": { "ID": 1633160132684, "正式名称": "幸福歯科医院", "機関区分": 3, "都道府県コード": 16, "市区町村コード": 201, "所在地": "富山県富山市吉岡５５５", "緯度": 36.629439, "経度": 137.230458, "url": "https://www.iryou.teikyouseido.mhlw.go.jp/znk-web/juminkanja/S2430/initialize?prefCd=16&kikanCd=3160132684&kikanKbn=3", "url2": null, "内容": "幸福歯科医院【3:歯科】富山県富山市吉岡５５５" }, "geometry": { "type": "Point", "coordinates": [ 137.230458, 36.629439 ] } },
{ "type": "Feature", "properties": { "ID": 1633160132692, "正式名称": "あるぷす小児歯科医院", "機関区分": 3, "都道府県コード": 16, "市区町村コード": 201, "所在地": "富山県富山市吉岡５５５", "緯度": 36.629272, "経度": 137.230291, "url": "https://www.iryou.teikyouseido.mhlw.go.jp/znk-web/juminkanja/S2430/initialize?prefCd=16&kikanCd=3160132692&kikanKbn=3", "url2": null, "内容": "あるぷす小児歯科医院【3:歯科】富山県富山市吉岡５５５" }, "geometry": { "type": "Point", "coordinates": [ 137.230291, 36.629272 ] } },
{ "type": "Feature", "properties": { "ID": 1633160132700, "正式名称": "くろかわ歯科医院", "機関区分": 3, "都道府県コード": 16, "市区町村コード": 201, "所在地": "富山県富山市水橋大町中部地区１６", "緯度": 36.754899, "経度": 137.304251, "url": "https://www.iryou.teikyouseido.mhlw.go.jp/znk-web/juminkanja/S2430/initialize?prefCd=16&kikanCd=3160132700&kikanKbn=3", "url2": "http://haisha-yoyaku.jp/bun2sdental/detail/index/id/1630132700/", "内容": "くろかわ歯科医院【3:歯科】富山県富山市水橋大町中部地区１６" }, "geometry": { "type": "Point", "coordinates": [ 137.304251, 36.754899 ] } },
{ "type": "Feature", "properties": { "ID": 1633160132734, "正式名称": "前寺歯科医院", "機関区分": 3, "都道府県コード": 16, "市区町村コード": 201, "所在地": "富山県富山市豊若町１－６－２１", "緯度": 36.732789, "経度": 137.236313, "url": "https://www.iryou.teikyouseido.mhlw.go.jp/znk-web/juminkanja/S2430/initialize?prefCd=16&kikanCd=3160132734&kikanKbn=3", "url2": null, "内容": "前寺歯科医院【3:歯科】富山県富山市豊若町１－６－２１" }, "geometry": { "type": "Point", "coordinates": [ 137.236313, 36.732789 ] } },
{ "type": "Feature", "properties": { "ID": 1633160132742, "正式名称": "医療法人社団　カムカム矯正・小児歯科", "機関区分": 3, "都道府県コード": 16, "市区町村コード": 201, "所在地": "富山県富山市経堂４－１２－１２", "緯度": 36.69171, "経度": 137.251064, "url": "https://www.iryou.teikyouseido.mhlw.go.jp/znk-web/juminkanja/S2430/initialize?prefCd=16&kikanCd=3160132742&kikanKbn=3", "url2": "http://www.kamkam-ortho.jp/", "内容": "医療法人社団　カムカム矯正・小児歯科【3:歯科】富山県富山市経堂４－１２－１２" }, "geometry": { "type": "Point", "coordinates": [ 137.251064, 36.69171 ] } },
{ "type": "Feature", "properties": { "ID": 1633160132775, "正式名称": "丸の内歯科医院", "機関区分": 3, "都道府県コード": 16, "市区町村コード": 201, "所在地": "富山県富山市諏訪川原３－３－１１", "緯度": 36.691376, "経度": 137.206901, "url": "https://www.iryou.teikyouseido.mhlw.go.jp/znk-web/juminkanja/S2430/initialize?prefCd=16&kikanCd=3160132775&kikanKbn=3", "url2": "http://www.marunouchi-shika.com/", "内容": "丸の内歯科医院【3:歯科】富山県富山市諏訪川原３－３－１１" }, "geometry": { "type": "Point", "coordinates": [ 137.206901, 36.691376 ] } },
{ "type": "Feature", "properties": { "ID": 1633160132783, "正式名称": "すずき歯科医院", "機関区分": 3, "都道府県コード": 16, "市区町村コード": 201, "所在地": "富山県富山市長江新町２－５－３", "緯度": 36.693793, "経度": 137.242676, "url": "https://www.iryou.teikyouseido.mhlw.go.jp/znk-web/juminkanja/S2430/initialize?prefCd=16&kikanCd=3160132783&kikanKbn=3", "url2": null, "内容": "すずき歯科医院【3:歯科】富山県富山市長江新町２－５－３" }, "geometry": { "type": "Point", "coordinates": [ 137.242676, 36.693793 ] } },
{ "type": "Feature", "properties": { "ID": 1633160132791, "正式名称": "みずの歯科クリニック", "機関区分": 3, "都道府県コード": 16, "市区町村コード": 201, "所在地": "富山県富山市新庄本町２－１－８７", "緯度": 36.708209, "経度": 137.259507, "url": "https://www.iryou.teikyouseido.mhlw.go.jp/znk-web/juminkanja/S2430/initialize?prefCd=16&kikanCd=3160132791&kikanKbn=3", "url2": "http://www.mizuno-sika.com/", "内容": "みずの歯科クリニック【3:歯科】富山県富山市新庄本町２－１－８７" }, "geometry": { "type": "Point", "coordinates": [ 137.259507, 36.708209 ] } },
{ "type": "Feature", "properties": { "ID": 1633160132809, "正式名称": "天正寺歯科医院", "機関区分": 3, "都道府県コード": 16, "市区町村コード": 201, "所在地": "富山県富山市秋吉１１４－３", "緯度": 36.682544, "経度": 137.25087, "url": "https://www.iryou.teikyouseido.mhlw.go.jp/znk-web/juminkanja/S2430/initialize?prefCd=16&kikanCd=3160132809&kikanKbn=3", "url2": null, "内容": "天正寺歯科医院【3:歯科】富山県富山市秋吉１１４－３" }, "geometry": { "type": "Point", "coordinates": [ 137.25087, 36.682544 ] } },
{ "type": "Feature", "properties": { "ID": 1633160132833, "正式名称": "さいとう歯科医院", "機関区分": 3, "都道府県コード": 16, "市区町村コード": 201, "所在地": "富山県富山市藤木１２７１－６", "緯度": 36.68685, "経度": 137.269591, "url": "https://www.iryou.teikyouseido.mhlw.go.jp/znk-web/juminkanja/S2430/initialize?prefCd=16&kikanCd=3160132833&kikanKbn=3", "url2": "https://www.jda.or.jp/search/detail_4967.html", "内容": "さいとう歯科医院【3:歯科】富山県富山市藤木１２７１－６" }, "geometry": { "type": "Point", "coordinates": [ 137.269591, 36.68685 ] } },
{ "type": "Feature", "properties": { "ID": 1633160132841, "正式名称": "しいな歯科クリニック", "機関区分": 3, "都道府県コード": 16, "市区町村コード": 201, "所在地": "富山県富山市今泉１４９－１", "緯度": 36.667768, "経度": 137.21429, "url": "https://www.iryou.teikyouseido.mhlw.go.jp/znk-web/juminkanja/S2430/initialize?prefCd=16&kikanCd=3160132841&kikanKbn=3", "url2": null, "内容": "しいな歯科クリニック【3:歯科】富山県富山市今泉１４９－１" }, "geometry": { "type": "Point", "coordinates": [ 137.21429, 36.667768 ] } },
{ "type": "Feature", "properties": { "ID": 1633160132866, "正式名称": "さとみデンタルクリニック", "機関区分": 3, "都道府県コード": 16, "市区町村コード": 201, "所在地": "富山県富山市荒町１－２０", "緯度": 36.691348, "経度": 137.216067, "url": "https://www.iryou.teikyouseido.mhlw.go.jp/znk-web/juminkanja/S2430/initialize?prefCd=16&kikanCd=3160132866&kikanKbn=3", "url2": "https://www.satomi-dental.com/", "内容": "さとみデンタルクリニック【3:歯科】富山県富山市荒町１－２０" }, "geometry": { "type": "Point", "coordinates": [ 137.216067, 36.691348 ] } },
{ "type": "Feature", "properties": { "ID": 1633160132882, "正式名称": "ほしのファミリー歯科医院", "機関区分": 3, "都道府県コード": 16, "市区町村コード": 201, "所在地": "富山県富山市森３丁目３番１５号", "緯度": 36.747565, "経度": 137.234396, "url": "https://www.iryou.teikyouseido.mhlw.go.jp/znk-web/juminkanja/S2430/initialize?prefCd=16&kikanCd=3160132882&kikanKbn=3", "url2": "http://hoshino-family-dental.com/", "内容": "ほしのファミリー歯科医院【3:歯科】富山県富山市森３丁目３番１５号" }, "geometry": { "type": "Point", "coordinates": [ 137.234396, 36.747565 ] } },
{ "type": "Feature", "properties": { "ID": 1633160132890, "正式名称": "医療法人社団伯真会歯科アールクリニック", "機関区分": 3, "都道府県コード": 16, "市区町村コード": 201, "所在地": "富山県富山市天正寺５２８－７", "緯度": 36.688831, "経度": 137.250296, "url": "https://www.iryou.teikyouseido.mhlw.go.jp/znk-web/juminkanja/S2430/initialize?prefCd=16&kikanCd=3160132890&kikanKbn=3", "url2": "http://www.r-clinic.com", "内容": "医療法人社団伯真会歯科アールクリニック【3:歯科】富山県富山市天正寺５２８－７" }, "geometry": { "type": "Point", "coordinates": [ 137.250296, 36.688831 ] } },
{ "type": "Feature", "properties": { "ID": 1633160132916, "正式名称": "直江歯科医院", "機関区分": 3, "都道府県コード": 16, "市区町村コード": 201, "所在地": "富山県富山市水橋中村栄町５７－８", "緯度": 36.754371, "経度": 137.310195, "url": "https://www.iryou.teikyouseido.mhlw.go.jp/znk-web/juminkanja/S2430/initialize?prefCd=16&kikanCd=3160132916&kikanKbn=3", "url2": null, "内容": "直江歯科医院【3:歯科】富山県富山市水橋中村栄町５７－８" }, "geometry": { "type": "Point", "coordinates": [ 137.310195, 36.754371 ] } },
{ "type": "Feature", "properties": { "ID": 1633160132924, "正式名称": "中沼歯科クリニック", "機関区分": 3, "都道府県コード": 16, "市区町村コード": 201, "所在地": "富山県富山市上袋６４４", "緯度": 36.658852, "経度": 137.213652, "url": "https://www.iryou.teikyouseido.mhlw.go.jp/znk-web/juminkanja/S2430/initialize?prefCd=16&kikanCd=3160132924&kikanKbn=3", "url2": null, "内容": "中沼歯科クリニック【3:歯科】富山県富山市上袋６４４" }, "geometry": { "type": "Point", "coordinates": [ 137.213652, 36.658852 ] } },
{ "type": "Feature", "properties": { "ID": 1633160132932, "正式名称": "山崎歯科クリニック", "機関区分": 3, "都道府県コード": 16, "市区町村コード": 201, "所在地": "富山県富山市五福５４８１－６", "緯度": 36.703513, "経度": 137.196707, "url": "https://www.iryou.teikyouseido.mhlw.go.jp/znk-web/juminkanja/S2430/initialize?prefCd=16&kikanCd=3160132932&kikanKbn=3", "url2": null, "内容": "山崎歯科クリニック【3:歯科】富山県富山市五福５４８１－６" }, "geometry": { "type": "Point", "coordinates": [ 137.196707, 36.703513 ] } },
{ "type": "Feature", "properties": { "ID": 1633160132940, "正式名称": "江尻歯科医院", "機関区分": 3, "都道府県コード": 16, "市区町村コード": 201, "所在地": "富山県富山市布瀬町南１丁目１６－４", "緯度": 36.676016, "経度": 137.200874, "url": "https://www.iryou.teikyouseido.mhlw.go.jp/znk-web/juminkanja/S2430/initialize?prefCd=16&kikanCd=3160132940&kikanKbn=3", "url2": "http://www.ne.jp/asahi/sv111/ejiri-dtc/", "内容": "江尻歯科医院【3:歯科】富山県富山市布瀬町南１丁目１６－４" }, "geometry": { "type": "Point", "coordinates": [ 137.200874, 36.676016 ] } },
{ "type": "Feature", "properties": { "ID": 1633160132957, "正式名称": "セントラル歯科医院", "機関区分": 3, "都道府県コード": 16, "市区町村コード": 201, "所在地": "富山県富山市桃井町２－３－１１", "緯度": 36.687654, "経度": 137.207012, "url": "https://www.iryou.teikyouseido.mhlw.go.jp/znk-web/juminkanja/S2430/initialize?prefCd=16&kikanCd=3160132957&kikanKbn=3", "url2": null, "内容": "セントラル歯科医院【3:歯科】富山県富山市桃井町２－３－１１" }, "geometry": { "type": "Point", "coordinates": [ 137.207012, 36.687654 ] } },
{ "type": "Feature", "properties": { "ID": 1633160132965, "正式名称": "藤ノ木歯科医院", "機関区分": 3, "都道府県コード": 16, "市区町村コード": 201, "所在地": "富山県富山市大島２－４３", "緯度": 36.676629, "経度": 137.26873, "url": "https://www.iryou.teikyouseido.mhlw.go.jp/znk-web/juminkanja/S2430/initialize?prefCd=16&kikanCd=3160132965&kikanKbn=3", "url2": null, "内容": "藤ノ木歯科医院【3:歯科】富山県富山市大島２－４３" }, "geometry": { "type": "Point", "coordinates": [ 137.26873, 36.676629 ] } },
{ "type": "Feature", "properties": { "ID": 1633160132973, "正式名称": "なかがわ歯科クリニック", "機関区分": 3, "都道府県コード": 16, "市区町村コード": 201, "所在地": "富山県富山市中冨居１２－３３", "緯度": 36.709819, "経度": 137.246702, "url": "https://www.iryou.teikyouseido.mhlw.go.jp/znk-web/juminkanja/S2430/initialize?prefCd=16&kikanCd=3160132973&kikanKbn=3", "url2": null, "内容": "なかがわ歯科クリニック【3:歯科】富山県富山市中冨居１２－３３" }, "geometry": { "type": "Point", "coordinates": [ 137.246702, 36.709819 ] } },
{ "type": "Feature", "properties": { "ID": 1633160132981, "正式名称": "デンタルクリニックすぎもと", "機関区分": 3, "都道府県コード": 16, "市区町村コード": 201, "所在地": "富山県富山市西長江３－７－４０", "緯度": 36.689543, "経度": 137.236593, "url": "https://www.iryou.teikyouseido.mhlw.go.jp/znk-web/juminkanja/S2430/initialize?prefCd=16&kikanCd=3160132981&kikanKbn=3", "url2": "http://www.dental-sugimoto.jp/", "内容": "デンタルクリニックすぎもと【3:歯科】富山県富山市西長江３－７－４０" }, "geometry": { "type": "Point", "coordinates": [ 137.236593, 36.689543 ] } },
{ "type": "Feature", "properties": { "ID": 1633160133021, "正式名称": "ひでしま歯科医院", "機関区分": 3, "都道府県コード": 16, "市区町村コード": 201, "所在地": "富山県富山市山室荒屋新町５", "緯度": 36.670379, "経度": 137.252204, "url": "https://www.iryou.teikyouseido.mhlw.go.jp/znk-web/juminkanja/S2430/initialize?prefCd=16&kikanCd=3160133021&kikanKbn=3", "url2": null, "内容": "ひでしま歯科医院【3:歯科】富山県富山市山室荒屋新町５" }, "geometry": { "type": "Point", "coordinates": [ 137.252204, 36.670379 ] } },
{ "type": "Feature", "properties": { "ID": 1633160133039, "正式名称": "家城歯科医院", "機関区分": 3, "都道府県コード": 16, "市区町村コード": 201, "所在地": "富山県富山市堀川小泉町３－２４", "緯度": 36.673374, "経度": 137.220725, "url": "https://www.iryou.teikyouseido.mhlw.go.jp/znk-web/juminkanja/S2430/initialize?prefCd=16&kikanCd=3160133039&kikanKbn=3", "url2": null, "内容": "家城歯科医院【3:歯科】富山県富山市堀川小泉町３－２４" }, "geometry": { "type": "Point", "coordinates": [ 137.220725, 36.673374 ] } },
{ "type": "Feature", "properties": { "ID": 1633160133047, "正式名称": "たにい歯科医院", "機関区分": 3, "都道府県コード": 16, "市区町村コード": 201, "所在地": "富山県富山市大泉東町２－１８－１", "緯度": 36.678156, "経度": 137.227955, "url": "https://www.iryou.teikyouseido.mhlw.go.jp/znk-web/juminkanja/S2430/initialize?prefCd=16&kikanCd=3160133047&kikanKbn=3", "url2": null, "内容": "たにい歯科医院【3:歯科】富山県富山市大泉東町２－１８－１" }, "geometry": { "type": "Point", "coordinates": [ 137.227955, 36.678156 ] } },
{ "type": "Feature", "properties": { "ID": 1633160133054, "正式名称": "佐渡歯科クリニック", "機関区分": 3, "都道府県コード": 16, "市区町村コード": 201, "所在地": "富山県富山市掛尾町５２－２", "緯度": 36.662268, "経度": 137.211346, "url": "https://www.iryou.teikyouseido.mhlw.go.jp/znk-web/juminkanja/S2430/initialize?prefCd=16&kikanCd=3160133054&kikanKbn=3", "url2": "http://www.sadodentalclinic.jp", "内容": "佐渡歯科クリニック【3:歯科】富山県富山市掛尾町５２－２" }, "geometry": { "type": "Point", "coordinates": [ 137.211346, 36.662268 ] } },
{ "type": "Feature", "properties": { "ID": 1633160133070, "正式名称": "医療法人社団おざわ歯科医院", "機関区分": 3, "都道府県コード": 16, "市区町村コード": 201, "所在地": "富山県富山市中老田７６２", "緯度": 36.701235, "経度": 137.127713, "url": "https://www.iryou.teikyouseido.mhlw.go.jp/znk-web/juminkanja/S2430/initialize?prefCd=16&kikanCd=3160133070&kikanKbn=3", "url2": "http://ozawadental.jp", "内容": "医療法人社団おざわ歯科医院【3:歯科】富山県富山市中老田７６２" }, "geometry": { "type": "Point", "coordinates": [ 137.127713, 36.701235 ] } },
{ "type": "Feature", "properties": { "ID": 1633160133088, "正式名称": "山岸歯科医院", "機関区分": 3, "都道府県コード": 16, "市区町村コード": 201, "所在地": "富山県富山市西宮９３", "緯度": 36.750315, "経度": 137.22923, "url": "https://www.iryou.teikyouseido.mhlw.go.jp/znk-web/juminkanja/S2430/initialize?prefCd=16&kikanCd=3160133088&kikanKbn=3", "url2": null, "内容": "山岸歯科医院【3:歯科】富山県富山市西宮９３" }, "geometry": { "type": "Point", "coordinates": [ 137.22923, 36.750315 ] } },
{ "type": "Feature", "properties": { "ID": 1633160133104, "正式名称": "上滝歯科医院", "機関区分": 3, "都道府県コード": 16, "市区町村コード": 201, "所在地": "富山県富山市呉羽町３１３０", "緯度": 36.713595, "経度": 137.165737, "url": "https://www.iryou.teikyouseido.mhlw.go.jp/znk-web/juminkanja/S2430/initialize?prefCd=16&kikanCd=3160133104&kikanKbn=3", "url2": null, "内容": "上滝歯科医院【3:歯科】富山県富山市呉羽町３１３０" }, "geometry": { "type": "Point", "coordinates": [ 137.165737, 36.713595 ] } },
{ "type": "Feature", "properties": { "ID": 1633160133112, "正式名称": "山森デンタルクリニック", "機関区分": 3, "都道府県コード": 16, "市区町村コード": 201, "所在地": "富山県富山市上飯野３２－７", "緯度": 36.711041, "経度": 137.251924, "url": "https://www.iryou.teikyouseido.mhlw.go.jp/znk-web/juminkanja/S2430/initialize?prefCd=16&kikanCd=3160133112&kikanKbn=3", "url2": null, "内容": "山森デンタルクリニック【3:歯科】富山県富山市上飯野３２－７" }, "geometry": { "type": "Point", "coordinates": [ 137.251924, 36.711041 ] } },
{ "type": "Feature", "properties": { "ID": 1633160133138, "正式名称": "広野歯科クリニック", "機関区分": 3, "都道府県コード": 16, "市区町村コード": 201, "所在地": "富山県富山市栃谷１５６－３", "緯度": 36.694097, "経度": 137.131852, "url": "https://www.iryou.teikyouseido.mhlw.go.jp/znk-web/juminkanja/S2430/initialize?prefCd=16&kikanCd=3160133138&kikanKbn=3", "url2": "http://www.hironodc.com", "内容": "広野歯科クリニック【3:歯科】富山県富山市栃谷１５６－３" }, "geometry": { "type": "Point", "coordinates": [ 137.131852, 36.694097 ] } },
{ "type": "Feature", "properties": { "ID": 1633160133146, "正式名称": "あさくら歯科医院", "機関区分": 3, "都道府県コード": 16, "市区町村コード": 201, "所在地": "富山県富山市東石金町１２－１６", "緯度": 36.683683, "経度": 137.23701, "url": "https://www.iryou.teikyouseido.mhlw.go.jp/znk-web/juminkanja/S2430/initialize?prefCd=16&kikanCd=3160133146&kikanKbn=3", "url2": null, "内容": "あさくら歯科医院【3:歯科】富山県富山市東石金町１２－１６" }, "geometry": { "type": "Point", "coordinates": [ 137.23701, 36.683683 ] } },
{ "type": "Feature", "properties": { "ID": 1633160133153, "正式名称": "医療法人社団　善光会　安養寺歯科医院", "機関区分": 3, "都道府県コード": 16, "市区町村コード": 201, "所在地": "富山県富山市安養寺５２９", "緯度": 36.631633, "経度": 137.210542, "url": "https://www.iryou.teikyouseido.mhlw.go.jp/znk-web/juminkanja/S2430/initialize?prefCd=16&kikanCd=3160133153&kikanKbn=3", "url2": "http://zenkoukai.com/anyoji/", "内容": "医療法人社団　善光会　安養寺歯科医院【3:歯科】富山県富山市安養寺５２９" }, "geometry": { "type": "Point", "coordinates": [ 137.210542, 36.631633 ] } },
{ "type": "Feature", "properties": { "ID": 1633160133161, "正式名称": "医療法人社団　ムラヤマ歯科", "機関区分": 3, "都道府県コード": 16, "市区町村コード": 201, "所在地": "富山県富山市上飯野８－５", "緯度": 36.704403, "経度": 137.249147, "url": "https://www.iryou.teikyouseido.mhlw.go.jp/znk-web/juminkanja/S2430/initialize?prefCd=16&kikanCd=3160133161&kikanKbn=3", "url2": "http://www.murayama-dental.com", "内容": "医療法人社団　ムラヤマ歯科【3:歯科】富山県富山市上飯野８－５" }, "geometry": { "type": "Point", "coordinates": [ 137.249147, 36.704403 ] } },
{ "type": "Feature", "properties": { "ID": 1633160133179, "正式名称": "みやもと歯科", "機関区分": 3, "都道府県コード": 16, "市区町村コード": 201, "所在地": "富山県富山市二俣３６８－１", "緯度": 36.647159, "経度": 137.214264, "url": "https://www.iryou.teikyouseido.mhlw.go.jp/znk-web/juminkanja/S2430/initialize?prefCd=16&kikanCd=3160133179&kikanKbn=3", "url2": null, "内容": "みやもと歯科【3:歯科】富山県富山市二俣３６８－１" }, "geometry": { "type": "Point", "coordinates": [ 137.214264, 36.647159 ] } },
{ "type": "Feature", "properties": { "ID": 1633160133187, "正式名称": "みなべ歯科医院", "機関区分": 3, "都道府県コード": 16, "市区町村コード": 201, "所在地": "富山県富山市開２３９－１２", "緯度": 36.681489, "経度": 137.263452, "url": "https://www.iryou.teikyouseido.mhlw.go.jp/znk-web/juminkanja/S2430/initialize?prefCd=16&kikanCd=3160133187&kikanKbn=3", "url2": null, "内容": "みなべ歯科医院【3:歯科】富山県富山市開２３９－１２" }, "geometry": { "type": "Point", "coordinates": [ 137.263452, 36.681489 ] } },
{ "type": "Feature", "properties": { "ID": 1633160133203, "正式名称": "パーク歯科クリニック", "機関区分": 3, "都道府県コード": 16, "市区町村コード": 201, "所在地": "富山県富山市古沢５５０", "緯度": 36.691097, "経度": 137.146351, "url": "https://www.iryou.teikyouseido.mhlw.go.jp/znk-web/juminkanja/S2430/initialize?prefCd=16&kikanCd=3160133203&kikanKbn=3", "url2": null, "内容": "パーク歯科クリニック【3:歯科】富山県富山市古沢５５０" }, "geometry": { "type": "Point", "coordinates": [ 137.146351, 36.691097 ] } },
{ "type": "Feature", "properties": { "ID": 1633160133211, "正式名称": "高橋歯科医院", "機関区分": 3, "都道府県コード": 16, "市区町村コード": 201, "所在地": "富山県富山市桜橋通り２－２５　富山第一生命ビル２Ｆ", "緯度": 36.697487, "経度": 137.216428, "url": "https://www.iryou.teikyouseido.mhlw.go.jp/znk-web/juminkanja/S2430/initialize?prefCd=16&kikanCd=3160133211&kikanKbn=3", "url2": "https://www.dent-takahashi.jp/", "内容": "高橋歯科医院【3:歯科】富山県富山市桜橋通り２－２５　富山第一生命ビル２Ｆ" }, "geometry": { "type": "Point", "coordinates": [ 137.216428, 36.697487 ] } },
{ "type": "Feature", "properties": { "ID": 1633160133237, "正式名称": "医療法人社団スマイルアートしのぶ歯科医院", "機関区分": 3, "都道府県コード": 16, "市区町村コード": 201, "所在地": "富山県富山市緑町１丁目１－１", "緯度": 36.69271, "経度": 137.227788, "url": "https://www.iryou.teikyouseido.mhlw.go.jp/znk-web/juminkanja/S2430/initialize?prefCd=16&kikanCd=3160133237&kikanKbn=3", "url2": "http://www.implant-418.com/", "内容": "医療法人社団スマイルアートしのぶ歯科医院【3:歯科】富山県富山市緑町１丁目１－１" }, "geometry": { "type": "Point", "coordinates": [ 137.227788, 36.69271 ] } },
{ "type": "Feature", "properties": { "ID": 1633160133245, "正式名称": "医療法人社団歯命会クラーク歯科医院", "機関区分": 3, "都道府県コード": 16, "市区町村コード": 201, "所在地": "富山県富山市堀１５０", "緯度": 36.653047, "経度": 137.231456, "url": "https://www.iryou.teikyouseido.mhlw.go.jp/znk-web/juminkanja/S2430/initialize?prefCd=16&kikanCd=3160133245&kikanKbn=3", "url2": "http://www.clark-dc.com", "内容": "医療法人社団歯命会クラーク歯科医院【3:歯科】富山県富山市堀１５０" }, "geometry": { "type": "Point", "coordinates": [ 137.231456, 36.653047 ] } },
{ "type": "Feature", "properties": { "ID": 1633160133278, "正式名称": "医療法人社団向日葵会　うえだ歯科クリニック", "機関区分": 3, "都道府県コード": 16, "市区町村コード": 201, "所在地": "富山県富山市城川原１丁目　１７－２１", "緯度": 36.731039, "経度": 137.227981, "url": "https://www.iryou.teikyouseido.mhlw.go.jp/znk-web/juminkanja/S2430/initialize?prefCd=16&kikanCd=3160133278&kikanKbn=3", "url2": "https://ww3.ctt.ne.jp/~udc-iiha/", "内容": "医療法人社団向日葵会　うえだ歯科クリニック【3:歯科】富山県富山市城川原１丁目　１７－２１" }, "geometry": { "type": "Point", "coordinates": [ 137.227981, 36.731039 ] } },
{ "type": "Feature", "properties": { "ID": 1633160133286, "正式名称": "杉江歯科医院", "機関区分": 3, "都道府県コード": 16, "市区町村コード": 201, "所在地": "富山県富山市西町１０－１", "緯度": 36.68796, "経度": 137.213817, "url": "https://www.iryou.teikyouseido.mhlw.go.jp/znk-web/juminkanja/S2430/initialize?prefCd=16&kikanCd=3160133286&kikanKbn=3", "url2": null, "内容": "杉江歯科医院【3:歯科】富山県富山市西町１０－１" }, "geometry": { "type": "Point", "coordinates": [ 137.213817, 36.68796 ] } },
{ "type": "Feature", "properties": { "ID": 1633160133294, "正式名称": "森井歯科クリニック", "機関区分": 3, "都道府県コード": 16, "市区町村コード": 201, "所在地": "富山県富山市清水元町１－４０", "緯度": 36.688377, "経度": 137.230066, "url": "https://www.iryou.teikyouseido.mhlw.go.jp/znk-web/juminkanja/S2430/initialize?prefCd=16&kikanCd=3160133294&kikanKbn=3", "url2": "http://www.moriidc.com", "内容": "森井歯科クリニック【3:歯科】富山県富山市清水元町１－４０" }, "geometry": { "type": "Point", "coordinates": [ 137.230066, 36.688377 ] } },
{ "type": "Feature", "properties": { "ID": 1633160133310, "正式名称": "米沢歯科医院", "機関区分": 3, "都道府県コード": 16, "市区町村コード": 201, "所在地": "富山県富山市長附２７６－１０", "緯度": 36.583499, "経度": 137.205656, "url": "https://www.iryou.teikyouseido.mhlw.go.jp/znk-web/juminkanja/S2430/initialize?prefCd=16&kikanCd=3160133310&kikanKbn=3", "url2": null, "内容": "米沢歯科医院【3:歯科】富山県富山市長附２７６－１０" }, "geometry": { "type": "Point", "coordinates": [ 137.205656, 36.583499 ] } },
{ "type": "Feature", "properties": { "ID": 1633160133336, "正式名称": "藤川歯科医院", "機関区分": 3, "都道府県コード": 16, "市区町村コード": 201, "所在地": "富山県富山市上滝２８５", "緯度": 36.610831, "経度": 137.30173, "url": "https://www.iryou.teikyouseido.mhlw.go.jp/znk-web/juminkanja/S2430/initialize?prefCd=16&kikanCd=3160133336&kikanKbn=3", "url2": null, "内容": "藤川歯科医院【3:歯科】富山県富山市上滝２８５" }, "geometry": { "type": "Point", "coordinates": [ 137.30173, 36.610831 ] } },
{ "type": "Feature", "properties": { "ID": 1633160133559, "正式名称": "いしかわ歯科医院", "機関区分": 3, "都道府県コード": 16, "市区町村コード": 201, "所在地": "富山県富山市婦中町分田８６－３", "緯度": 36.674127, "経度": 137.182071, "url": "https://www.iryou.teikyouseido.mhlw.go.jp/znk-web/juminkanja/S2430/initialize?prefCd=16&kikanCd=3160133559&kikanKbn=3", "url2": "http://www.ishikawashika.jp", "内容": "いしかわ歯科医院【3:歯科】富山県富山市婦中町分田８６－３" }, "geometry": { "type": "Point", "coordinates": [ 137.182071, 36.674127 ] } },
{ "type": "Feature", "properties": { "ID": 1633160133583, "正式名称": "さわだ歯科クリニック", "機関区分": 3, "都道府県コード": 16, "市区町村コード": 201, "所在地": "富山県富山市高田８７－１", "緯度": 36.684321, "経度": 137.186403, "url": "https://www.iryou.teikyouseido.mhlw.go.jp/znk-web/juminkanja/S2430/initialize?prefCd=16&kikanCd=3160133583&kikanKbn=3", "url2": null, "内容": "さわだ歯科クリニック【3:歯科】富山県富山市高田８７－１" }, "geometry": { "type": "Point", "coordinates": [ 137.186403, 36.684321 ] } },
{ "type": "Feature", "properties": { "ID": 1633160133591, "正式名称": "島歯科クリニック", "機関区分": 3, "都道府県コード": 16, "市区町村コード": 201, "所在地": "富山県富山市上本町５－３２", "緯度": 36.685793, "経度": 137.215956, "url": "https://www.iryou.teikyouseido.mhlw.go.jp/znk-web/juminkanja/S2430/initialize?prefCd=16&kikanCd=3160133591&kikanKbn=3", "url2": null, "内容": "島歯科クリニック【3:歯科】富山県富山市上本町５－３２" }, "geometry": { "type": "Point", "coordinates": [ 137.215956, 36.685793 ] } },
{ "type": "Feature", "properties": { "ID": 1633160133609, "正式名称": "歯科矯正ちどり歯科医院", "機関区分": 3, "都道府県コード": 16, "市区町村コード": 201, "所在地": "富山県富山市公文名１６", "緯度": 36.676461, "経度": 137.236372, "url": "https://www.iryou.teikyouseido.mhlw.go.jp/znk-web/juminkanja/S2430/initialize?prefCd=16&kikanCd=3160133609&kikanKbn=3", "url2": "http://www.chidori-dc.jp/", "内容": "歯科矯正ちどり歯科医院【3:歯科】富山県富山市公文名１６" }, "geometry": { "type": "Point", "coordinates": [ 137.236372, 36.676461 ] } },
{ "type": "Feature", "properties": { "ID": 1633160133625, "正式名称": "宮本歯科医院", "機関区分": 3, "都道府県コード": 16, "市区町村コード": 201, "所在地": "富山県富山市丸の内２－３－１０", "緯度": 36.691404, "経度": 137.208595, "url": "https://www.iryou.teikyouseido.mhlw.go.jp/znk-web/juminkanja/S2430/initialize?prefCd=16&kikanCd=3160133625&kikanKbn=3", "url2": null, "内容": "宮本歯科医院【3:歯科】富山県富山市丸の内２－３－１０" }, "geometry": { "type": "Point", "coordinates": [ 137.208595, 36.691404 ] } },
{ "type": "Feature", "properties": { "ID": 1633160133633, "正式名称": "菅田歯科医院", "機関区分": 3, "都道府県コード": 16, "市区町村コード": 201, "所在地": "富山県富山市旅籠町２－１３", "緯度": 36.689461, "経度": 137.208337, "url": "https://www.iryou.teikyouseido.mhlw.go.jp/znk-web/juminkanja/S2430/initialize?prefCd=16&kikanCd=3160133633&kikanKbn=3", "url2": null, "内容": "菅田歯科医院【3:歯科】富山県富山市旅籠町２－１３" }, "geometry": { "type": "Point", "coordinates": [ 137.208337, 36.689461 ] } },
{ "type": "Feature", "properties": { "ID": 1633160133658, "正式名称": "本村歯科医院", "機関区分": 3, "都道府県コード": 16, "市区町村コード": 201, "所在地": "富山県富山市新庄町１１９－５　Ｋ－１ビル", "緯度": 36.697487, "経度": 137.262368, "url": "https://www.iryou.teikyouseido.mhlw.go.jp/znk-web/juminkanja/S2430/initialize?prefCd=16&kikanCd=3160133658&kikanKbn=3", "url2": null, "内容": "本村歯科医院【3:歯科】富山県富山市新庄町１１９－５　Ｋ－１ビル" }, "geometry": { "type": "Point", "coordinates": [ 137.262368, 36.697487 ] } },
{ "type": "Feature", "properties": { "ID": 1633160133666, "正式名称": "やまぎし歯科クリニック", "機関区分": 3, "都道府県コード": 16, "市区町村コード": 201, "所在地": "富山県富山市五福５２１－１９", "緯度": 36.700347, "経度": 137.196263, "url": "https://www.iryou.teikyouseido.mhlw.go.jp/znk-web/juminkanja/S2430/initialize?prefCd=16&kikanCd=3160133666&kikanKbn=3", "url2": "https://www.yamagishi-dc-toyama.com/", "内容": "やまぎし歯科クリニック【3:歯科】富山県富山市五福５２１－１９" }, "geometry": { "type": "Point", "coordinates": [ 137.196263, 36.700347 ] } },
{ "type": "Feature", "properties": { "ID": 1633160133682, "正式名称": "ブナの杜歯科クリニック", "機関区分": 3, "都道府県コード": 16, "市区町村コード": 201, "所在地": "富山県富山市太田３８７－１", "緯度": 36.65838, "経度": 137.246455, "url": "https://www.iryou.teikyouseido.mhlw.go.jp/znk-web/juminkanja/S2430/initialize?prefCd=16&kikanCd=3160133682&kikanKbn=3", "url2": "https://www.buna-dental.jp/", "内容": "ブナの杜歯科クリニック【3:歯科】富山県富山市太田３８７－１" }, "geometry": { "type": "Point", "coordinates": [ 137.246455, 36.65838 ] } },
{ "type": "Feature", "properties": { "ID": 1633160133690, "正式名称": "総曲輪フェリオ歯科医院", "機関区分": 3, "都道府県コード": 16, "市区町村コード": 201, "所在地": "富山県富山市総曲輪３－８－６　総曲輪フェリオビル３階", "緯度": 36.689293, "経度": 137.213123, "url": "https://www.iryou.teikyouseido.mhlw.go.jp/znk-web/juminkanja/S2430/initialize?prefCd=16&kikanCd=3160133690&kikanKbn=3", "url2": "https://implant-white.jimdo.com/", "内容": "総曲輪フェリオ歯科医院【3:歯科】富山県富山市総曲輪３－８－６　総曲輪フェリオビル３階" }, "geometry": { "type": "Point", "coordinates": [ 137.213123, 36.689293 ] } },
{ "type": "Feature", "properties": { "ID": 1633160134672, "正式名称": "富山石金歯科", "機関区分": 3, "都道府県コード": 16, "市区町村コード": 201, "所在地": "富山県富山市石金３－１－３８", "緯度": 36.687189, "経度": 137.236559, "url": "https://www.iryou.teikyouseido.mhlw.go.jp/znk-web/juminkanja/S2430/initialize?prefCd=16&kikanCd=3160134672&kikanKbn=3", "url2": "https://toyama-ishigane-dental.com/", "内容": "富山石金歯科【3:歯科】富山県富山市石金３－１－３８" }, "geometry": { "type": "Point", "coordinates": [ 137.236559, 36.687189 ] } },
{ "type": "Feature", "properties": { "ID": 1633160230256, "正式名称": "萬谷歯科医院", "機関区分": 3, "都道府県コード": 16, "市区町村コード": 202, "所在地": "富山県高岡市本丸町１３－６　本丸ビル２階", "緯度": 36.750255, "経度": 137.01897, "url": "https://www.iryou.teikyouseido.mhlw.go.jp/znk-web/juminkanja/S2430/initialize?prefCd=16&kikanCd=3160230256&kikanKbn=3", "url2": null, "内容": "萬谷歯科医院【3:歯科】富山県高岡市本丸町１３－６　本丸ビル２階" }, "geometry": { "type": "Point", "coordinates": [ 137.01897, 36.750255 ] } },
{ "type": "Feature", "properties": { "ID": 1633160230272, "正式名称": "林歯科医院", "機関区分": 3, "都道府県コード": 16, "市区町村コード": 202, "所在地": "富山県高岡市戸出町２－９－１３", "緯度": 36.683001, "経度": 136.982967, "url": "https://www.iryou.teikyouseido.mhlw.go.jp/znk-web/juminkanja/S2430/initialize?prefCd=16&kikanCd=3160230272&kikanKbn=3", "url2": "https://hayashi-toide.com/", "内容": "林歯科医院【3:歯科】富山県高岡市戸出町２－９－１３" }, "geometry": { "type": "Point", "coordinates": [ 136.982967, 36.683001 ] } },
{ "type": "Feature", "properties": { "ID": 1633160230363, "正式名称": "篠原歯科医院", "機関区分": 3, "都道府県コード": 16, "市区町村コード": 202, "所在地": "富山県高岡市広小路２－９", "緯度": 36.752672, "経度": 137.022775, "url": "https://www.iryou.teikyouseido.mhlw.go.jp/znk-web/juminkanja/S2430/initialize?prefCd=16&kikanCd=3160230363&kikanKbn=3", "url2": "https://shinohara-dent.info", "内容": "篠原歯科医院【3:歯科】富山県高岡市広小路２－９" }, "geometry": { "type": "Point", "coordinates": [ 137.022775, 36.752672 ] } },
{ "type": "Feature", "properties": { "ID": 1633160230488, "正式名称": "木村歯科医院", "機関区分": 3, "都道府県コード": 16, "市区町村コード": 202, "所在地": "富山県高岡市本町５７０　塩谷ビル２Ｆ", "緯度": 36.748228, "経度": 137.015581, "url": "https://www.iryou.teikyouseido.mhlw.go.jp/znk-web/juminkanja/S2430/initialize?prefCd=16&kikanCd=3160230488&kikanKbn=3", "url2": null, "内容": "木村歯科医院【3:歯科】富山県高岡市本町５７０　塩谷ビル２Ｆ" }, "geometry": { "type": "Point", "coordinates": [ 137.015581, 36.748228 ] } },
{ "type": "Feature", "properties": { "ID": 1633160230587, "正式名称": "松田歯科診療所", "機関区分": 3, "都道府県コード": 16, "市区町村コード": 202, "所在地": "富山県高岡市下麻生１３２２－２", "緯度": 36.686012, "経度": 137.020139, "url": "https://www.iryou.teikyouseido.mhlw.go.jp/znk-web/juminkanja/S2430/initialize?prefCd=16&kikanCd=3160230587&kikanKbn=3", "url2": "https://www.dental-iiha.com/d0034022.html", "内容": "松田歯科診療所【3:歯科】富山県高岡市下麻生１３２２－２" }, "geometry": { "type": "Point", "coordinates": [ 137.020139, 36.686012 ] } },
{ "type": "Feature", "properties": { "ID": 1633160230603, "正式名称": "阿部歯科医院", "機関区分": 3, "都道府県コード": 16, "市区町村コード": 202, "所在地": "富山県高岡市小馬出町１６", "緯度": 36.7482, "経度": 137.012803, "url": "https://www.iryou.teikyouseido.mhlw.go.jp/znk-web/juminkanja/S2430/initialize?prefCd=16&kikanCd=3160230603&kikanKbn=3", "url2": "http://www.abe-dental.jp", "内容": "阿部歯科医院【3:歯科】富山県高岡市小馬出町１６" }, "geometry": { "type": "Point", "coordinates": [ 137.012803, 36.7482 ] } },
{ "type": "Feature", "properties": { "ID": 1633160230736, "正式名称": "やきた歯科医院", "機関区分": 3, "都道府県コード": 16, "市区町村コード": 202, "所在地": "富山県高岡市戸出町４－１－２２", "緯度": 36.686539, "経度": 136.975698, "url": "https://www.iryou.teikyouseido.mhlw.go.jp/znk-web/juminkanja/S2430/initialize?prefCd=16&kikanCd=3160230736&kikanKbn=3", "url2": null, "内容": "やきた歯科医院【3:歯科】富山県高岡市戸出町４－１－２２" }, "geometry": { "type": "Point", "coordinates": [ 136.975698, 36.686539 ] } },
{ "type": "Feature", "properties": { "ID": 1633160230751, "正式名称": "歯科クリニック福井", "機関区分": 3, "都道府県コード": 16, "市区町村コード": 202, "所在地": "富山県高岡市佐野９５０－１", "緯度": 36.72448, "経度": 136.996028, "url": "https://www.iryou.teikyouseido.mhlw.go.jp/znk-web/juminkanja/S2430/initialize?prefCd=16&kikanCd=3160230751&kikanKbn=3", "url2": "https://www.dc-fukui.com", "内容": "歯科クリニック福井【3:歯科】富山県高岡市佐野９５０－１" }, "geometry": { "type": "Point", "coordinates": [ 136.996028, 36.72448 ] } },
{ "type": "Feature", "properties": { "ID": 1633160230777, "正式名称": "和田歯科医院", "機関区分": 3, "都道府県コード": 16, "市区町村コード": 202, "所在地": "富山県高岡市御旅屋町９　やなぎ屋ビル２Ｆ", "緯度": 36.745006, "経度": 137.013942, "url": "https://www.iryou.teikyouseido.mhlw.go.jp/znk-web/juminkanja/S2430/initialize?prefCd=16&kikanCd=3160230777&kikanKbn=3", "url2": null, "内容": "和田歯科医院【3:歯科】富山県高岡市御旅屋町９　やなぎ屋ビル２Ｆ" }, "geometry": { "type": "Point", "coordinates": [ 137.013942, 36.745006 ] } },
{ "type": "Feature", "properties": { "ID": 1633160230793, "正式名称": "元井歯科医院", "機関区分": 3, "都道府県コード": 16, "市区町村コード": 202, "所在地": "富山県高岡市横田町２－８－３", "緯度": 36.74745, "経度": 136.999582, "url": "https://www.iryou.teikyouseido.mhlw.go.jp/znk-web/juminkanja/S2430/initialize?prefCd=16&kikanCd=3160230793&kikanKbn=3", "url2": null, "内容": "元井歯科医院【3:歯科】富山県高岡市横田町２－８－３" }, "geometry": { "type": "Point", "coordinates": [ 136.999582, 36.74745 ] } },
{ "type": "Feature", "properties": { "ID": 1633160230843, "正式名称": "宇和山歯科医院", "機関区分": 3, "都道府県コード": 16, "市区町村コード": 202, "所在地": "富山県高岡市末広町７－２０", "緯度": 36.743339, "経度": 137.01347, "url": "https://www.iryou.teikyouseido.mhlw.go.jp/znk-web/juminkanja/S2430/initialize?prefCd=16&kikanCd=3160230843&kikanKbn=3", "url2": "https://www.uwayama.jp", "内容": "宇和山歯科医院【3:歯科】富山県高岡市末広町７－２０" }, "geometry": { "type": "Point", "coordinates": [ 137.01347, 36.743339 ] } },
{ "type": "Feature", "properties": { "ID": 1633160230868, "正式名称": "四日歯科医院", "機関区分": 3, "都道府県コード": 16, "市区町村コード": 202, "所在地": "富山県高岡市伏木国分２－７－３４", "緯度": 36.80346, "経度": 137.049923, "url": "https://www.iryou.teikyouseido.mhlw.go.jp/znk-web/juminkanja/S2430/initialize?prefCd=16&kikanCd=3160230868&kikanKbn=3", "url2": "https://yokka-dental.com/", "内容": "四日歯科医院【3:歯科】富山県高岡市伏木国分２－７－３４" }, "geometry": { "type": "Point", "coordinates": [ 137.049923, 36.80346 ] } },
{ "type": "Feature", "properties": { "ID": 1633160230876, "正式名称": "岩崎歯科医院", "機関区分": 3, "都道府県コード": 16, "市区町村コード": 202, "所在地": "富山県高岡市大坪町３－３－６", "緯度": 36.757699, "経度": 137.019052, "url": "https://www.iryou.teikyouseido.mhlw.go.jp/znk-web/juminkanja/S2430/initialize?prefCd=16&kikanCd=3160230876&kikanKbn=3", "url2": null, "内容": "岩崎歯科医院【3:歯科】富山県高岡市大坪町３－３－６" }, "geometry": { "type": "Point", "coordinates": [ 137.019052, 36.757699 ] } },
{ "type": "Feature", "properties": { "ID": 1633160230942, "正式名称": "かなやま歯科クリニック", "機関区分": 3, "都道府県コード": 16, "市区町村コード": 202, "所在地": "富山県高岡市美幸町１－１－７９", "緯度": 36.754949, "経度": 136.998638, "url": "https://www.iryou.teikyouseido.mhlw.go.jp/znk-web/juminkanja/S2430/initialize?prefCd=16&kikanCd=3160230942&kikanKbn=3", "url2": "kanaapo.com", "内容": "かなやま歯科クリニック【3:歯科】富山県高岡市美幸町１－１－７９" }, "geometry": { "type": "Point", "coordinates": [ 136.998638, 36.754949 ] } },
{ "type": "Feature", "properties": { "ID": 1633160231015, "正式名称": "池田歯科医院", "機関区分": 3, "都道府県コード": 16, "市区町村コード": 202, "所在地": "富山県高岡市中曽根９１－１", "緯度": 36.772098, "経度": 137.074129, "url": "https://www.iryou.teikyouseido.mhlw.go.jp/znk-web/juminkanja/S2430/initialize?prefCd=16&kikanCd=3160231015&kikanKbn=3", "url2": null, "内容": "池田歯科医院【3:歯科】富山県高岡市中曽根９１－１" }, "geometry": { "type": "Point", "coordinates": [ 137.074129, 36.772098 ] } },
{ "type": "Feature", "properties": { "ID": 1633160231031, "正式名称": "松本歯科医院", "機関区分": 3, "都道府県コード": 16, "市区町村コード": 202, "所在地": "富山県高岡市若富町２００", "緯度": 36.7412, "経度": 136.984417, "url": "https://www.iryou.teikyouseido.mhlw.go.jp/znk-web/juminkanja/S2430/initialize?prefCd=16&kikanCd=3160231031&kikanKbn=3", "url2": null, "内容": "松本歯科医院【3:歯科】富山県高岡市若富町２００" }, "geometry": { "type": "Point", "coordinates": [ 136.984417, 36.7412 ] } },
{ "type": "Feature", "properties": { "ID": 1633160231049, "正式名称": "みずわけ歯科医院", "機関区分": 3, "都道府県コード": 16, "市区町村コード": 202, "所在地": "富山県高岡市駅南２－４－２６", "緯度": 36.737923, "経度": 137.020248, "url": "https://www.iryou.teikyouseido.mhlw.go.jp/znk-web/juminkanja/S2430/initialize?prefCd=16&kikanCd=3160231049&kikanKbn=3", "url2": null, "内容": "みずわけ歯科医院【3:歯科】富山県高岡市駅南２－４－２６" }, "geometry": { "type": "Point", "coordinates": [ 137.020248, 36.737923 ] } },
{ "type": "Feature", "properties": { "ID": 1633160231080, "正式名称": "寺田矯正歯科医院", "機関区分": 3, "都道府県コード": 16, "市区町村コード": 202, "所在地": "富山県高岡市泉町６－１", "緯度": 36.735423, "経度": 137.004721, "url": "https://www.iryou.teikyouseido.mhlw.go.jp/znk-web/juminkanja/S2430/initialize?prefCd=16&kikanCd=3160231080&kikanKbn=3", "url2": "http://www.terada-ortho.jp", "内容": "寺田矯正歯科医院【3:歯科】富山県高岡市泉町６－１" }, "geometry": { "type": "Point", "coordinates": [ 137.004721, 36.735423 ] } },
{ "type": "Feature", "properties": { "ID": 1633160231122, "正式名称": "やまもと歯科・矯正歯科医院", "機関区分": 3, "都道府県コード": 16, "市区町村コード": 202, "所在地": "富山県高岡市能町南３－２６－５", "緯度": 36.767004, "経度": 137.0438, "url": "https://www.iryou.teikyouseido.mhlw.go.jp/znk-web/juminkanja/S2430/initialize?prefCd=16&kikanCd=3160231122&kikanKbn=3", "url2": "http://www.yamamoto-dc.com", "内容": "やまもと歯科・矯正歯科医院【3:歯科】富山県高岡市能町南３－２６－５" }, "geometry": { "type": "Point", "coordinates": [ 137.0438, 36.767004 ] } },
{ "type": "Feature", "properties": { "ID": 1633160231148, "正式名称": "米沢歯科クリニック", "機関区分": 3, "都道府県コード": 16, "市区町村コード": 202, "所在地": "富山県高岡市木津６８６－６", "緯度": 36.735645, "経度": 136.997694, "url": "https://www.iryou.teikyouseido.mhlw.go.jp/znk-web/juminkanja/S2430/initialize?prefCd=16&kikanCd=3160231148&kikanKbn=3", "url2": null, "内容": "米沢歯科クリニック【3:歯科】富山県高岡市木津６８６－６" }, "geometry": { "type": "Point", "coordinates": [ 136.997694, 36.735645 ] } },
{ "type": "Feature", "properties": { "ID": 1633160231155, "正式名称": "浦野歯科クリニック", "機関区分": 3, "都道府県コード": 16, "市区町村コード": 202, "所在地": "富山県高岡市清水町２－９－７", "緯度": 36.739367, "経度": 137.005693, "url": "https://www.iryou.teikyouseido.mhlw.go.jp/znk-web/juminkanja/S2430/initialize?prefCd=16&kikanCd=3160231155&kikanKbn=3", "url2": null, "内容": "浦野歯科クリニック【3:歯科】富山県高岡市清水町２－９－７" }, "geometry": { "type": "Point", "coordinates": [ 137.005693, 36.739367 ] } },
{ "type": "Feature", "properties": { "ID": 1633160231163, "正式名称": "宮田歯科医院", "機関区分": 3, "都道府県コード": 16, "市区町村コード": 202, "所在地": "富山県高岡市宮田町３－１５", "緯度": 36.748588, "経度": 136.993694, "url": "https://www.iryou.teikyouseido.mhlw.go.jp/znk-web/juminkanja/S2430/initialize?prefCd=16&kikanCd=3160231163&kikanKbn=3", "url2": "http://www.miyatashika.org/", "内容": "宮田歯科医院【3:歯科】富山県高岡市宮田町３－１５" }, "geometry": { "type": "Point", "coordinates": [ 136.993694, 36.748588 ] } },
{ "type": "Feature", "properties": { "ID": 1633160231171, "正式名称": "医療法人社団釣谷歯科医院", "機関区分": 3, "都道府県コード": 16, "市区町村コード": 202, "所在地": "富山県高岡市江尻３１９－４", "緯度": 36.763587, "経度": 137.030635, "url": "https://www.iryou.teikyouseido.mhlw.go.jp/znk-web/juminkanja/S2430/initialize?prefCd=16&kikanCd=3160231171&kikanKbn=3", "url2": "http://tsuritanidental.dentalmall.jp/", "内容": "医療法人社団釣谷歯科医院【3:歯科】富山県高岡市江尻３１９－４" }, "geometry": { "type": "Point", "coordinates": [ 137.030635, 36.763587 ] } },
{ "type": "Feature", "properties": { "ID": 1633160231189, "正式名称": "わたなべ歯科医院", "機関区分": 3, "都道府県コード": 16, "市区町村コード": 202, "所在地": "富山県高岡市宝町１１－１３", "緯度": 36.754866, "経度": 137.027691, "url": "https://www.iryou.teikyouseido.mhlw.go.jp/znk-web/juminkanja/S2430/initialize?prefCd=16&kikanCd=3160231189&kikanKbn=3", "url2": null, "内容": "わたなべ歯科医院【3:歯科】富山県高岡市宝町１１－１３" }, "geometry": { "type": "Point", "coordinates": [ 137.027691, 36.754866 ] } },
{ "type": "Feature", "properties": { "ID": 1633160231205, "正式名称": "いまむら歯科医院", "機関区分": 3, "都道府県コード": 16, "市区町村コード": 202, "所在地": "富山県高岡市宝町２－８", "緯度": 36.757255, "経度": 137.025441, "url": "https://www.iryou.teikyouseido.mhlw.go.jp/znk-web/juminkanja/S2430/initialize?prefCd=16&kikanCd=3160231205&kikanKbn=3", "url2": null, "内容": "いまむら歯科医院【3:歯科】富山県高岡市宝町２－８" }, "geometry": { "type": "Point", "coordinates": [ 137.025441, 36.757255 ] } },
{ "type": "Feature", "properties": { "ID": 1633160231247, "正式名称": "山田歯科医院", "機関区分": 3, "都道府県コード": 16, "市区町村コード": 202, "所在地": "富山県高岡市本丸町１３－３９", "緯度": 36.75159, "経度": 137.021335, "url": "https://www.iryou.teikyouseido.mhlw.go.jp/znk-web/juminkanja/S2430/initialize?prefCd=16&kikanCd=3160231247&kikanKbn=3", "url2": "http://e-ha-dent.com", "内容": "山田歯科医院【3:歯科】富山県高岡市本丸町１３－３９" }, "geometry": { "type": "Point", "coordinates": [ 137.021335, 36.75159 ] } },
{ "type": "Feature", "properties": { "ID": 1633160231262, "正式名称": "木下歯科医院", "機関区分": 3, "都道府県コード": 16, "市区町村コード": 202, "所在地": "富山県高岡市源平町５３", "緯度": 36.747228, "経度": 137.012026, "url": "https://www.iryou.teikyouseido.mhlw.go.jp/znk-web/juminkanja/S2430/initialize?prefCd=16&kikanCd=3160231262&kikanKbn=3", "url2": null, "内容": "木下歯科医院【3:歯科】富山県高岡市源平町５３" }, "geometry": { "type": "Point", "coordinates": [ 137.012026, 36.747228 ] } },
{ "type": "Feature", "properties": { "ID": 1633160231296, "正式名称": "かじむら歯科・口腔外科クリニック", "機関区分": 3, "都道府県コード": 16, "市区町村コード": 202, "所在地": "富山県高岡市守山町３８", "緯度": 36.747117, "経度": 137.009887, "url": "https://www.iryou.teikyouseido.mhlw.go.jp/znk-web/juminkanja/S2430/initialize?prefCd=16&kikanCd=3160231296&kikanKbn=3", "url2": null, "内容": "かじむら歯科・口腔外科クリニック【3:歯科】富山県高岡市守山町３８" }, "geometry": { "type": "Point", "coordinates": [ 137.009887, 36.747117 ] } },
{ "type": "Feature", "properties": { "ID": 1633160231346, "正式名称": "吉岡歯科クリニック", "機関区分": 3, "都道府県コード": 16, "市区町村コード": 202, "所在地": "富山県高岡市川原町１４－２２", "緯度": 36.751811, "経度": 137.009442, "url": "https://www.iryou.teikyouseido.mhlw.go.jp/znk-web/juminkanja/S2430/initialize?prefCd=16&kikanCd=3160231346&kikanKbn=3", "url2": null, "内容": "吉岡歯科クリニック【3:歯科】富山県高岡市川原町１４－２２" }, "geometry": { "type": "Point", "coordinates": [ 137.009442, 36.751811 ] } },
{ "type": "Feature", "properties": { "ID": 1633160231361, "正式名称": "かわなか歯科医院", "機関区分": 3, "都道府県コード": 16, "市区町村コード": 202, "所在地": "富山県高岡市下麻生４９６－３", "緯度": 36.690984, "経度": 137.0225, "url": "https://www.iryou.teikyouseido.mhlw.go.jp/znk-web/juminkanja/S2430/initialize?prefCd=16&kikanCd=3160231361&kikanKbn=3", "url2": null, "内容": "かわなか歯科医院【3:歯科】富山県高岡市下麻生４９６－３" }, "geometry": { "type": "Point", "coordinates": [ 137.0225, 36.690984 ] } },
{ "type": "Feature", "properties": { "ID": 1633160231379, "正式名称": "よねもり歯科", "機関区分": 3, "都道府県コード": 16, "市区町村コード": 202, "所在地": "富山県高岡市昭和町１－２－２", "緯度": 36.753088, "経度": 137.002582, "url": "https://www.iryou.teikyouseido.mhlw.go.jp/znk-web/juminkanja/S2430/initialize?prefCd=16&kikanCd=3160231379&kikanKbn=3", "url2": "yonemorishika.com", "内容": "よねもり歯科【3:歯科】富山県高岡市昭和町１－２－２" }, "geometry": { "type": "Point", "coordinates": [ 137.002582, 36.753088 ] } },
{ "type": "Feature", "properties": { "ID": 1633160231387, "正式名称": "石瀬歯科医院", "機関区分": 3, "都道府県コード": 16, "市区町村コード": 202, "所在地": "富山県高岡市石瀬２２９－６", "緯度": 36.75095, "経度": 137.043023, "url": "https://www.iryou.teikyouseido.mhlw.go.jp/znk-web/juminkanja/S2430/initialize?prefCd=16&kikanCd=3160231387&kikanKbn=3", "url2": null, "内容": "石瀬歯科医院【3:歯科】富山県高岡市石瀬２２９－６" }, "geometry": { "type": "Point", "coordinates": [ 137.043023, 36.75095 ] } },
{ "type": "Feature", "properties": { "ID": 1633160231395, "正式名称": "立浪歯科医院", "機関区分": 3, "都道府県コード": 16, "市区町村コード": 202, "所在地": "富山県高岡市波岡３３７－１", "緯度": 36.756949, "経度": 136.990416, "url": "https://www.iryou.teikyouseido.mhlw.go.jp/znk-web/juminkanja/S2430/initialize?prefCd=16&kikanCd=3160231395&kikanKbn=3", "url2": "https://www.tachinami-tdc.jp/", "内容": "立浪歯科医院【3:歯科】富山県高岡市波岡３３７－１" }, "geometry": { "type": "Point", "coordinates": [ 136.990416, 36.756949 ] } },
{ "type": "Feature", "properties": { "ID": 1633160231403, "正式名称": "山下歯科クリニック", "機関区分": 3, "都道府県コード": 16, "市区町村コード": 202, "所在地": "富山県高岡市戸出町６－５－４３", "緯度": 36.688844, "経度": 136.96931, "url": "https://www.iryou.teikyouseido.mhlw.go.jp/znk-web/juminkanja/S2430/initialize?prefCd=16&kikanCd=3160231403&kikanKbn=3", "url2": null, "内容": "山下歯科クリニック【3:歯科】富山県高岡市戸出町６－５－４３" }, "geometry": { "type": "Point", "coordinates": [ 136.96931, 36.688844 ] } },
{ "type": "Feature", "properties": { "ID": 1633160231411, "正式名称": "ミヤタ矯正小児歯科", "機関区分": 3, "都道府県コード": 16, "市区町村コード": 202, "所在地": "富山県高岡市野村１５３２－３", "緯度": 36.758977, "経度": 137.040634, "url": "https://www.iryou.teikyouseido.mhlw.go.jp/znk-web/juminkanja/S2430/initialize?prefCd=16&kikanCd=3160231411&kikanKbn=3", "url2": "http://www.straightarchwire.com", "内容": "ミヤタ矯正小児歯科【3:歯科】富山県高岡市野村１５３２－３" }, "geometry": { "type": "Point", "coordinates": [ 137.040634, 36.758977 ] } },
{ "type": "Feature", "properties": { "ID": 1633160231437, "正式名称": "日尾歯科クリニック", "機関区分": 3, "都道府県コード": 16, "市区町村コード": 202, "所在地": "富山県高岡市上渡１２４０－３", "緯度": 36.727479, "経度": 136.959309, "url": "https://www.iryou.teikyouseido.mhlw.go.jp/znk-web/juminkanja/S2430/initialize?prefCd=16&kikanCd=3160231437&kikanKbn=3", "url2": null, "内容": "日尾歯科クリニック【3:歯科】富山県高岡市上渡１２４０－３" }, "geometry": { "type": "Point", "coordinates": [ 136.959309, 36.727479 ] } },
{ "type": "Feature", "properties": { "ID": 1633160231445, "正式名称": "沢井歯科医院", "機関区分": 3, "都道府県コード": 16, "市区町村コード": 202, "所在地": "富山県高岡市伏木矢田５－４８", "緯度": 36.783363, "経度": 137.04341, "url": "https://www.iryou.teikyouseido.mhlw.go.jp/znk-web/juminkanja/S2430/initialize?prefCd=16&kikanCd=3160231445&kikanKbn=3", "url2": null, "内容": "沢井歯科医院【3:歯科】富山県高岡市伏木矢田５－４８" }, "geometry": { "type": "Point", "coordinates": [ 137.04341, 36.783363 ] } },
{ "type": "Feature", "properties": { "ID": 1633160231460, "正式名称": "加須屋歯科医院", "機関区分": 3, "都道府県コード": 16, "市区町村コード": 202, "所在地": "富山県高岡市横田町３－９－４", "緯度": 36.750061, "経度": 136.999916, "url": "https://www.iryou.teikyouseido.mhlw.go.jp/znk-web/juminkanja/S2430/initialize?prefCd=16&kikanCd=3160231460&kikanKbn=3", "url2": null, "内容": "加須屋歯科医院【3:歯科】富山県高岡市横田町３－９－４" }, "geometry": { "type": "Point", "coordinates": [ 136.999916, 36.750061 ] } },
{ "type": "Feature", "properties": { "ID": 1633160231478, "正式名称": "北村歯科クリニック", "機関区分": 3, "都道府県コード": 16, "市区町村コード": 202, "所在地": "富山県高岡市赤祖父４４６", "緯度": 36.733479, "経度": 137.019526, "url": "https://www.iryou.teikyouseido.mhlw.go.jp/znk-web/juminkanja/S2430/initialize?prefCd=16&kikanCd=3160231478&kikanKbn=3", "url2": "http://www.kitamura-dental.jp/", "内容": "北村歯科クリニック【3:歯科】富山県高岡市赤祖父４４６" }, "geometry": { "type": "Point", "coordinates": [ 137.019526, 36.733479 ] } },
{ "type": "Feature", "properties": { "ID": 1633160231486, "正式名称": "医療法人社団畑歯科医院", "機関区分": 3, "都道府県コード": 16, "市区町村コード": 202, "所在地": "富山県高岡市坂下町６０－１", "緯度": 36.748783, "経度": 137.014331, "url": "https://www.iryou.teikyouseido.mhlw.go.jp/znk-web/juminkanja/S2430/initialize?prefCd=16&kikanCd=3160231486&kikanKbn=3", "url2": null, "内容": "医療法人社団畑歯科医院【3:歯科】富山県高岡市坂下町６０－１" }, "geometry": { "type": "Point", "coordinates": [ 137.014331, 36.748783 ] } },
{ "type": "Feature", "properties": { "ID": 1633160231494, "正式名称": "まきの歯科医院", "機関区分": 3, "都道府県コード": 16, "市区町村コード": 202, "所在地": "富山県高岡市野村８７５", "緯度": 36.750867, "経度": 137.038246, "url": "https://www.iryou.teikyouseido.mhlw.go.jp/znk-web/juminkanja/S2430/initialize?prefCd=16&kikanCd=3160231494&kikanKbn=3", "url2": "http://makino418.com/", "内容": "まきの歯科医院【3:歯科】富山県高岡市野村８７５" }, "geometry": { "type": "Point", "coordinates": [ 137.038246, 36.750867 ] } },
{ "type": "Feature", "properties": { "ID": 1633160231510, "正式名称": "たかぎ歯科医院", "機関区分": 3, "都道府県コード": 16, "市区町村コード": 202, "所在地": "富山県高岡市木津南星町６０８－１", "緯度": 36.737673, "経度": 136.997972, "url": "https://www.iryou.teikyouseido.mhlw.go.jp/znk-web/juminkanja/S2430/initialize?prefCd=16&kikanCd=3160231510&kikanKbn=3", "url2": null, "内容": "たかぎ歯科医院【3:歯科】富山県高岡市木津南星町６０８－１" }, "geometry": { "type": "Point", "coordinates": [ 136.997972, 36.737673 ] } },
{ "type": "Feature", "properties": { "ID": 1633160231528, "正式名称": "Ｔ＇ｓ矯正歯科クリニック", "機関区分": 3, "都道府県コード": 16, "市区町村コード": 202, "所在地": "富山県高岡市戸出町４－３－２８", "緯度": 36.683757, "経度": 136.976112, "url": "https://www.iryou.teikyouseido.mhlw.go.jp/znk-web/juminkanja/S2430/initialize?prefCd=16&kikanCd=3160231528&kikanKbn=3", "url2": "https://www.ts-oc.com/", "内容": "Ｔ＇ｓ矯正歯科クリニック【3:歯科】富山県高岡市戸出町４－３－２８" }, "geometry": { "type": "Point", "coordinates": [ 136.976112, 36.683757 ] } },
{ "type": "Feature", "properties": { "ID": 1633160231544, "正式名称": "近藤歯科クリニック", "機関区分": 3, "都道府県コード": 16, "市区町村コード": 202, "所在地": "富山県高岡市鐘紡町６－２７", "緯度": 36.731091, "経度": 137.008471, "url": "https://www.iryou.teikyouseido.mhlw.go.jp/znk-web/juminkanja/S2430/initialize?prefCd=16&kikanCd=3160231544&kikanKbn=3", "url2": "http://www.kondou-dental.jp/", "内容": "近藤歯科クリニック【3:歯科】富山県高岡市鐘紡町６－２７" }, "geometry": { "type": "Point", "coordinates": [ 137.008471, 36.731091 ] } },
{ "type": "Feature", "properties": { "ID": 1633160231551, "正式名称": "八田歯科医院", "機関区分": 3, "都道府県コード": 16, "市区町村コード": 202, "所在地": "富山県高岡市上北島２１０－１", "緯度": 36.736145, "経度": 136.979918, "url": "https://www.iryou.teikyouseido.mhlw.go.jp/znk-web/juminkanja/S2430/initialize?prefCd=16&kikanCd=3160231551&kikanKbn=3", "url2": null, "内容": "八田歯科医院【3:歯科】富山県高岡市上北島２１０－１" }, "geometry": { "type": "Point", "coordinates": [ 136.979918, 36.736145 ] } },
{ "type": "Feature", "properties": { "ID": 1633160231577, "正式名称": "浅田歯科医院", "機関区分": 3, "都道府県コード": 16, "市区町村コード": 202, "所在地": "富山県高岡市戸出町５－８－２２", "緯度": 36.682734, "経度": 136.971421, "url": "https://www.iryou.teikyouseido.mhlw.go.jp/znk-web/juminkanja/S2430/initialize?prefCd=16&kikanCd=3160231577&kikanKbn=3", "url2": null, "内容": "浅田歯科医院【3:歯科】富山県高岡市戸出町５－８－２２" }, "geometry": { "type": "Point", "coordinates": [ 136.971421, 36.682734 ] } },
{ "type": "Feature", "properties": { "ID": 1633160231585, "正式名称": "谷口歯科医院", "機関区分": 3, "都道府県コード": 16, "市区町村コード": 202, "所在地": "富山県高岡市駅南３丁目１３－１７", "緯度": 36.738757, "経度": 137.016998, "url": "https://www.iryou.teikyouseido.mhlw.go.jp/znk-web/juminkanja/S2430/initialize?prefCd=16&kikanCd=3160231585&kikanKbn=3", "url2": null, "内容": "谷口歯科医院【3:歯科】富山県高岡市駅南３丁目１３－１７" }, "geometry": { "type": "Point", "coordinates": [ 137.016998, 36.738757 ] } },
{ "type": "Feature", "properties": { "ID": 1633160231593, "正式名称": "金山歯科医院", "機関区分": 3, "都道府県コード": 16, "市区町村コード": 202, "所在地": "富山県高岡市小馬出町３１", "緯度": 36.748783, "経度": 137.013581, "url": "https://www.iryou.teikyouseido.mhlw.go.jp/znk-web/juminkanja/S2430/initialize?prefCd=16&kikanCd=3160231593&kikanKbn=3", "url2": "https://kanayama-dc.com/", "内容": "金山歯科医院【3:歯科】富山県高岡市小馬出町３１" }, "geometry": { "type": "Point", "coordinates": [ 137.013581, 36.748783 ] } },
{ "type": "Feature", "properties": { "ID": 1633160231601, "正式名称": "石多歯科医院", "機関区分": 3, "都道府県コード": 16, "市区町村コード": 202, "所在地": "富山県高岡市瑞穂町３－１", "緯度": 36.751366, "経度": 136.99661, "url": "https://www.iryou.teikyouseido.mhlw.go.jp/znk-web/juminkanja/S2430/initialize?prefCd=16&kikanCd=3160231601&kikanKbn=3", "url2": "http://www.ishida-dental.com", "内容": "石多歯科医院【3:歯科】富山県高岡市瑞穂町３－１" }, "geometry": { "type": "Point", "coordinates": [ 136.99661, 36.751366 ] } },
{ "type": "Feature", "properties": { "ID": 1633160231619, "正式名称": "茶谷歯科クリニック", "機関区分": 3, "都道府県コード": 16, "市区町村コード": 202, "所在地": "富山県高岡市木津４５８－１４２", "緯度": 36.736562, "経度": 136.99525, "url": "https://www.iryou.teikyouseido.mhlw.go.jp/znk-web/juminkanja/S2430/initialize?prefCd=16&kikanCd=3160231619&kikanKbn=3", "url2": "http://www.chatani-dental.com/", "内容": "茶谷歯科クリニック【3:歯科】富山県高岡市木津４５８－１４２" }, "geometry": { "type": "Point", "coordinates": [ 136.99525, 36.736562 ] } },
{ "type": "Feature", "properties": { "ID": 1633160231627, "正式名称": "いわせの歯科医院", "機関区分": 3, "都道府県コード": 16, "市区町村コード": 202, "所在地": "富山県高岡市能町南１丁目１５番", "緯度": 36.761782, "経度": 137.039856, "url": "https://www.iryou.teikyouseido.mhlw.go.jp/znk-web/juminkanja/S2430/initialize?prefCd=16&kikanCd=3160231627&kikanKbn=3", "url2": null, "内容": "いわせの歯科医院【3:歯科】富山県高岡市能町南１丁目１５番" }, "geometry": { "type": "Point", "coordinates": [ 137.039856, 36.761782 ] } },
{ "type": "Feature", "properties": { "ID": 1633160231635, "正式名称": "わかば歯科クリニック", "機関区分": 3, "都道府県コード": 16, "市区町村コード": 202, "所在地": "富山県高岡市城東２－１－２７　中川ビル１Ｆ", "緯度": 36.744256, "経度": 137.028552, "url": "https://www.iryou.teikyouseido.mhlw.go.jp/znk-web/juminkanja/S2430/initialize?prefCd=16&kikanCd=3160231635&kikanKbn=3", "url2": null, "内容": "わかば歯科クリニック【3:歯科】富山県高岡市城東２－１－２７　中川ビル１Ｆ" }, "geometry": { "type": "Point", "coordinates": [ 137.028552, 36.744256 ] } },
{ "type": "Feature", "properties": { "ID": 1633160231643, "正式名称": "岩井歯科医院", "機関区分": 3, "都道府県コード": 16, "市区町村コード": 202, "所在地": "富山県高岡市中川上町１０－４", "緯度": 36.745367, "経度": 137.022858, "url": "https://www.iryou.teikyouseido.mhlw.go.jp/znk-web/juminkanja/S2430/initialize?prefCd=16&kikanCd=3160231643&kikanKbn=3", "url2": null, "内容": "岩井歯科医院【3:歯科】富山県高岡市中川上町１０－４" }, "geometry": { "type": "Point", "coordinates": [ 137.022858, 36.745367 ] } },
{ "type": "Feature", "properties": { "ID": 1633160231650, "正式名称": "万葉歯科医院", "機関区分": 3, "都道府県コード": 16, "市区町村コード": 202, "所在地": "富山県高岡市二上１０８７", "緯度": 36.773281, "経度": 137.019274, "url": "https://www.iryou.teikyouseido.mhlw.go.jp/znk-web/juminkanja/S2430/initialize?prefCd=16&kikanCd=3160231650&kikanKbn=3", "url2": null, "内容": "万葉歯科医院【3:歯科】富山県高岡市二上１０８７" }, "geometry": { "type": "Point", "coordinates": [ 137.019274, 36.773281 ] } },
{ "type": "Feature", "properties": { "ID": 1633160231668, "正式名称": "医療法人社団　松岡歯科診療所", "機関区分": 3, "都道府県コード": 16, "市区町村コード": 202, "所在地": "富山県高岡市野村３６１番地の３", "緯度": 36.748367, "経度": 137.032441, "url": "https://www.iryou.teikyouseido.mhlw.go.jp/znk-web/juminkanja/S2430/initialize?prefCd=16&kikanCd=3160231668&kikanKbn=3", "url2": null, "内容": "医療法人社団　松岡歯科診療所【3:歯科】富山県高岡市野村３６１番地の３" }, "geometry": { "type": "Point", "coordinates": [ 137.032441, 36.748367 ] } },
{ "type": "Feature", "properties": { "ID": 1633160231718, "正式名称": "ながひさ歯科クリニック", "機関区分": 3, "都道府県コード": 16, "市区町村コード": 202, "所在地": "富山県高岡市駅南２丁目２－１４", "緯度": 36.738923, "経度": 137.02097, "url": "https://www.iryou.teikyouseido.mhlw.go.jp/znk-web/juminkanja/S2430/initialize?prefCd=16&kikanCd=3160231718&kikanKbn=3", "url2": null, "内容": "ながひさ歯科クリニック【3:歯科】富山県高岡市駅南２丁目２－１４" }, "geometry": { "type": "Point", "coordinates": [ 137.02097, 36.738923 ] } },
{ "type": "Feature", "properties": { "ID": 1633160231726, "正式名称": "飛見歯科", "機関区分": 3, "都道府県コード": 16, "市区町村コード": 202, "所在地": "富山県高岡市横田町１－１－５", "緯度": 36.748811, "経度": 137.003582, "url": "https://www.iryou.teikyouseido.mhlw.go.jp/znk-web/juminkanja/S2430/initialize?prefCd=16&kikanCd=3160231726&kikanKbn=3", "url2": null, "内容": "飛見歯科【3:歯科】富山県高岡市横田町１－１－５" }, "geometry": { "type": "Point", "coordinates": [ 137.003582, 36.748811 ] } },
{ "type": "Feature", "properties": { "ID": 1633160330106, "正式名称": "青木歯科医院", "機関区分": 3, "都道府県コード": 16, "市区町村コード": 211, "所在地": "富山県射水市善光寺２２－８", "緯度": 36.77592, "経度": 137.075186, "url": "https://www.iryou.teikyouseido.mhlw.go.jp/znk-web/juminkanja/S2430/initialize?prefCd=16&kikanCd=3160330106&kikanKbn=3", "url2": null, "内容": "青木歯科医院【3:歯科】富山県射水市善光寺２２－８" }, "geometry": { "type": "Point", "coordinates": [ 137.075186, 36.77592 ] } },
{ "type": "Feature", "properties": { "ID": 1633160330171, "正式名称": "松木歯科医院", "機関区分": 3, "都道府県コード": 16, "市区町村コード": 211, "所在地": "富山県射水市庄川本町２６－１５", "緯度": 36.782864, "経度": 137.072158, "url": "https://www.iryou.teikyouseido.mhlw.go.jp/znk-web/juminkanja/S2430/initialize?prefCd=16&kikanCd=3160330171&kikanKbn=3", "url2": null, "内容": "松木歯科医院【3:歯科】富山県射水市庄川本町２６－１５" }, "geometry": { "type": "Point", "coordinates": [ 137.072158, 36.782864 ] } },
{ "type": "Feature", "properties": { "ID": 1633160330239, "正式名称": "安田歯科医院", "機関区分": 3, "都道府県コード": 16, "市区町村コード": 211, "所在地": "富山県射水市庄川本町５－１１", "緯度": 36.78528, "経度": 137.074047, "url": "https://www.iryou.teikyouseido.mhlw.go.jp/znk-web/juminkanja/S2430/initialize?prefCd=16&kikanCd=3160330239&kikanKbn=3", "url2": null, "内容": "安田歯科医院【3:歯科】富山県射水市庄川本町５－１１" }, "geometry": { "type": "Point", "coordinates": [ 137.074047, 36.78528 ] } },
{ "type": "Feature", "properties": { "ID": 1633160330338, "正式名称": "山田歯科医院", "機関区分": 3, "都道府県コード": 16, "市区町村コード": 211, "所在地": "富山県射水市本町１－９－２２", "緯度": 36.783086, "経度": 137.076713, "url": "https://www.iryou.teikyouseido.mhlw.go.jp/znk-web/juminkanja/S2430/initialize?prefCd=16&kikanCd=3160330338&kikanKbn=3", "url2": "https://yamad-dental.ci-hp.jp/", "内容": "山田歯科医院【3:歯科】富山県射水市本町１－９－２２" }, "geometry": { "type": "Point", "coordinates": [ 137.076713, 36.783086 ] } },
{ "type": "Feature", "properties": { "ID": 1633160330346, "正式名称": "たかはた歯科クリニック", "機関区分": 3, "都道府県コード": 16, "市区町村コード": 211, "所在地": "富山県射水市中央町９－２１", "緯度": 36.780475, "経度": 137.084102, "url": "https://www.iryou.teikyouseido.mhlw.go.jp/znk-web/juminkanja/S2430/initialize?prefCd=16&kikanCd=3160330346&kikanKbn=3", "url2": null, "内容": "たかはた歯科クリニック【3:歯科】富山県射水市中央町９－２１" }, "geometry": { "type": "Point", "coordinates": [ 137.084102, 36.780475 ] } },
{ "type": "Feature", "properties": { "ID": 1633160430179, "正式名称": "小熊歯科医院", "機関区分": 3, "都道府県コード": 16, "市区町村コード": 204, "所在地": "富山県魚津市村木町１０－８", "緯度": 36.820334, "経度": 137.401279, "url": "https://www.iryou.teikyouseido.mhlw.go.jp/znk-web/juminkanja/S2430/initialize?prefCd=16&kikanCd=3160430179&kikanKbn=3", "url2": "https://www.dental-iiha.com/d0031940.html", "内容": "小熊歯科医院【3:歯科】富山県魚津市村木町１０－８" }, "geometry": { "type": "Point", "coordinates": [ 137.401279, 36.820334 ] } },
{ "type": "Feature", "properties": { "ID": 1633160430211, "正式名称": "米山歯科クリニック", "機関区分": 3, "都道府県コード": 16, "市区町村コード": 204, "所在地": "富山県魚津市新宿２－１５", "緯度": 36.813561, "経度": 137.398296, "url": "https://www.iryou.teikyouseido.mhlw.go.jp/znk-web/juminkanja/S2430/initialize?prefCd=16&kikanCd=3160430211&kikanKbn=3", "url2": null, "内容": "米山歯科クリニック【3:歯科】富山県魚津市新宿２－１５" }, "geometry": { "type": "Point", "coordinates": [ 137.398296, 36.813561 ] } },
{ "type": "Feature", "properties": { "ID": 1633160430237, "正式名称": "医療法人社団　谷川歯科医院", "機関区分": 3, "都道府県コード": 16, "市区町村コード": 204, "所在地": "富山県魚津市上村木１－１８－２５", "緯度": 36.823036, "経度": 137.409075, "url": "https://www.iryou.teikyouseido.mhlw.go.jp/znk-web/juminkanja/S2430/initialize?prefCd=16&kikanCd=3160430237&kikanKbn=3", "url2": "https://tanikawa.dental/", "内容": "医療法人社団　谷川歯科医院【3:歯科】富山県魚津市上村木１－１８－２５" }, "geometry": { "type": "Point", "coordinates": [ 137.409075, 36.823036 ] } },
{ "type": "Feature", "properties": { "ID": 1633160430245, "正式名称": "米田歯科医院", "機関区分": 3, "都道府県コード": 16, "市区町村コード": 204, "所在地": "富山県魚津市本江１４３０－１４", "緯度": 36.815172, "経度": 137.402574, "url": "https://www.iryou.teikyouseido.mhlw.go.jp/znk-web/juminkanja/S2430/initialize?prefCd=16&kikanCd=3160430245&kikanKbn=3", "url2": "https://yoneda-dentalclinic.jp/", "内容": "米田歯科医院【3:歯科】富山県魚津市本江１４３０－１４" }, "geometry": { "type": "Point", "coordinates": [ 137.402574, 36.815172 ] } },
{ "type": "Feature", "properties": { "ID": 1633160430286, "正式名称": "医療法人社団奥村歯科医院", "機関区分": 3, "都道府県コード": 16, "市区町村コード": 204, "所在地": "富山県魚津市吉島１－３－１１", "緯度": 36.827226, "経度": 137.409989, "url": "https://www.iryou.teikyouseido.mhlw.go.jp/znk-web/juminkanja/S2430/initialize?prefCd=16&kikanCd=3160430286&kikanKbn=3", "url2": "http://www.kewpie-dent.com", "内容": "医療法人社団奥村歯科医院【3:歯科】富山県魚津市吉島１－３－１１" }, "geometry": { "type": "Point", "coordinates": [ 137.409989, 36.827226 ] } },
{ "type": "Feature", "properties": { "ID": 1633160430302, "正式名称": "河内歯科医院", "機関区分": 3, "都道府県コード": 16, "市区町村コード": 204, "所在地": "富山県魚津市下村木町３５３０", "緯度": 36.819838, "経度": 137.40724, "url": "https://www.iryou.teikyouseido.mhlw.go.jp/znk-web/juminkanja/S2430/initialize?prefCd=16&kikanCd=3160430302&kikanKbn=3", "url2": null, "内容": "河内歯科医院【3:歯科】富山県魚津市下村木町３５３０" }, "geometry": { "type": "Point", "coordinates": [ 137.40724, 36.819838 ] } },
{ "type": "Feature", "properties": { "ID": 1633160430310, "正式名称": "みたむら歯科医院", "機関区分": 3, "都道府県コード": 16, "市区町村コード": 204, "所在地": "富山県魚津市吉島４２３－１７", "緯度": 36.826949, "経度": 137.423655, "url": "https://www.iryou.teikyouseido.mhlw.go.jp/znk-web/juminkanja/S2430/initialize?prefCd=16&kikanCd=3160430310&kikanKbn=3", "url2": "http://www.mitamura-dc.com/", "内容": "みたむら歯科医院【3:歯科】富山県魚津市吉島４２３－１７" }, "geometry": { "type": "Point", "coordinates": [ 137.423655, 36.826949 ] } },
{ "type": "Feature", "properties": { "ID": 1633160430328, "正式名称": "りんごの丘歯科医院", "機関区分": 3, "都道府県コード": 16, "市区町村コード": 204, "所在地": "富山県魚津市相木３０５　アップルヒル別棟", "緯度": 36.822199, "経度": 137.413767, "url": "https://www.iryou.teikyouseido.mhlw.go.jp/znk-web/juminkanja/S2430/initialize?prefCd=16&kikanCd=3160430328&kikanKbn=3", "url2": "https://implant-white.jimdo.com/", "内容": "りんごの丘歯科医院【3:歯科】富山県魚津市相木３０５　アップルヒル別棟" }, "geometry": { "type": "Point", "coordinates": [ 137.413767, 36.822199 ] } },
{ "type": "Feature", "properties": { "ID": 1633160430336, "正式名称": "江口おくがわ歯科医院", "機関区分": 3, "都道府県コード": 16, "市区町村コード": 204, "所在地": "富山県魚津市江口４３０", "緯度": 36.841669, "経度": 137.420126, "url": "https://www.iryou.teikyouseido.mhlw.go.jp/znk-web/juminkanja/S2430/initialize?prefCd=16&kikanCd=3160430336&kikanKbn=3", "url2": null, "内容": "江口おくがわ歯科医院【3:歯科】富山県魚津市江口４３０" }, "geometry": { "type": "Point", "coordinates": [ 137.420126, 36.841669 ] } },
{ "type": "Feature", "properties": { "ID": 1633160430344, "正式名称": "稲場歯科医院", "機関区分": 3, "都道府県コード": 16, "市区町村コード": 204, "所在地": "富山県魚津市文化町５－３７", "緯度": 36.81706, "経度": 137.400574, "url": "https://www.iryou.teikyouseido.mhlw.go.jp/znk-web/juminkanja/S2430/initialize?prefCd=16&kikanCd=3160430344&kikanKbn=3", "url2": null, "内容": "稲場歯科医院【3:歯科】富山県魚津市文化町５－３７" }, "geometry": { "type": "Point", "coordinates": [ 137.400574, 36.81706 ] } },
{ "type": "Feature", "properties": { "ID": 1633160430369, "正式名称": "せき矯正歯科医院", "機関区分": 3, "都道府県コード": 16, "市区町村コード": 204, "所在地": "富山県魚津市上村木１－１４－３１", "緯度": 36.824671, "経度": 137.410156, "url": "https://www.iryou.teikyouseido.mhlw.go.jp/znk-web/juminkanja/S2430/initialize?prefCd=16&kikanCd=3160430369&kikanKbn=3", "url2": "https://www.seki-orthodontic.com", "内容": "せき矯正歯科医院【3:歯科】富山県魚津市上村木１－１４－３１" }, "geometry": { "type": "Point", "coordinates": [ 137.410156, 36.824671 ] } },
{ "type": "Feature", "properties": { "ID": 1633160430377, "正式名称": "森本歯科医院", "機関区分": 3, "都道府県コード": 16, "市区町村コード": 204, "所在地": "富山県魚津市本町１－６－４", "緯度": 36.8147, "経度": 137.395102, "url": "https://www.iryou.teikyouseido.mhlw.go.jp/znk-web/juminkanja/S2430/initialize?prefCd=16&kikanCd=3160430377&kikanKbn=3", "url2": null, "内容": "森本歯科医院【3:歯科】富山県魚津市本町１－６－４" }, "geometry": { "type": "Point", "coordinates": [ 137.395102, 36.8147 ] } },
{ "type": "Feature", "properties": { "ID": 1633160430401, "正式名称": "ふれんど歯科クリニック", "機関区分": 3, "都道府県コード": 16, "市区町村コード": 204, "所在地": "富山県魚津市住吉５５０－１", "緯度": 36.807034, "経度": 137.404963, "url": "https://www.iryou.teikyouseido.mhlw.go.jp/znk-web/juminkanja/S2430/initialize?prefCd=16&kikanCd=3160430401&kikanKbn=3", "url2": "https://r.goope.jp/f-sika/", "内容": "ふれんど歯科クリニック【3:歯科】富山県魚津市住吉５５０－１" }, "geometry": { "type": "Point", "coordinates": [ 137.404963, 36.807034 ] } },
{ "type": "Feature", "properties": { "ID": 1633160430419, "正式名称": "奥川歯科医院", "機関区分": 3, "都道府県コード": 16, "市区町村コード": 204, "所在地": "富山県魚津市金浦町４－１６", "緯度": 36.819255, "経度": 137.400879, "url": "https://www.iryou.teikyouseido.mhlw.go.jp/znk-web/juminkanja/S2430/initialize?prefCd=16&kikanCd=3160430419&kikanKbn=3", "url2": "http://okugawashika.cihp2.jp", "内容": "奥川歯科医院【3:歯科】富山県魚津市金浦町４－１６" }, "geometry": { "type": "Point", "coordinates": [ 137.400879, 36.819255 ] } },
{ "type": "Feature", "properties": { "ID": 1633160430427, "正式名称": "寺﨑歯科医院", "機関区分": 3, "都道府県コード": 16, "市区町村コード": 204, "所在地": "富山県魚津市上口２－１８－３３", "緯度": 36.809506, "経度": 137.396713, "url": "https://www.iryou.teikyouseido.mhlw.go.jp/znk-web/juminkanja/S2430/initialize?prefCd=16&kikanCd=3160430427&kikanKbn=3", "url2": null, "内容": "寺﨑歯科医院【3:歯科】富山県魚津市上口２－１８－３３" }, "geometry": { "type": "Point", "coordinates": [ 137.396713, 36.809506 ] } },
{ "type": "Feature", "properties": { "ID": 1633160530051, "正式名称": "坊歯科医院", "機関区分": 3, "都道府県コード": 16, "市区町村コード": 205, "所在地": "富山県氷見市幸町４－１８", "緯度": 36.858715, "経度": 136.983717, "url": "https://www.iryou.teikyouseido.mhlw.go.jp/znk-web/juminkanja/S2430/initialize?prefCd=16&kikanCd=3160530051&kikanKbn=3", "url2": null, "内容": "坊歯科医院【3:歯科】富山県氷見市幸町４－１８" }, "geometry": { "type": "Point", "coordinates": [ 136.983717, 36.858715 ] } },
{ "type": "Feature", "properties": { "ID": 1633160530127, "正式名称": "安達歯科医院", "機関区分": 3, "都道府県コード": 16, "市区町村コード": 205, "所在地": "富山県氷見市朝日本町２５‐７", "緯度": 36.852054, "経度": 136.980515, "url": "https://www.iryou.teikyouseido.mhlw.go.jp/znk-web/juminkanja/S2430/initialize?prefCd=16&kikanCd=3160530127&kikanKbn=3", "url2": null, "内容": "安達歯科医院【3:歯科】富山県氷見市朝日本町２５‐７" }, "geometry": { "type": "Point", "coordinates": [ 136.980515, 36.852054 ] } },
{ "type": "Feature", "properties": { "ID": 1633160530192, "正式名称": "しん川歯科医院", "機関区分": 3, "都道府県コード": 16, "市区町村コード": 205, "所在地": "富山県氷見市北大町１３－３１", "緯度": 36.86352, "経度": 136.98169, "url": "https://www.iryou.teikyouseido.mhlw.go.jp/znk-web/juminkanja/S2430/initialize?prefCd=16&kikanCd=3160530192&kikanKbn=3", "url2": null, "内容": "しん川歯科医院【3:歯科】富山県氷見市北大町１３－３１" }, "geometry": { "type": "Point", "coordinates": [ 136.98169, 36.86352 ] } },
{ "type": "Feature", "properties": { "ID": 1633160530259, "正式名称": "新谷歯科医院", "機関区分": 3, "都道府県コード": 16, "市区町村コード": 205, "所在地": "富山県氷見市窪６３７－３", "緯度": 36.838579, "経度": 136.989385, "url": "https://www.iryou.teikyouseido.mhlw.go.jp/znk-web/juminkanja/S2430/initialize?prefCd=16&kikanCd=3160530259&kikanKbn=3", "url2": "http://shintani-shika.net/", "内容": "新谷歯科医院【3:歯科】富山県氷見市窪６３７－３" }, "geometry": { "type": "Point", "coordinates": [ 136.989385, 36.838579 ] } },
{ "type": "Feature", "properties": { "ID": 1633160530267, "正式名称": "桶家歯科医院", "機関区分": 3, "都道府県コード": 16, "市区町村コード": 205, "所在地": "富山県氷見市窪１２２０－３", "緯度": 36.838607, "経度": 136.992107, "url": "https://www.iryou.teikyouseido.mhlw.go.jp/znk-web/juminkanja/S2430/initialize?prefCd=16&kikanCd=3160530267&kikanKbn=3", "url2": null, "内容": "桶家歯科医院【3:歯科】富山県氷見市窪１２２０－３" }, "geometry": { "type": "Point", "coordinates": [ 136.992107, 36.838607 ] } },
{ "type": "Feature", "properties": { "ID": 1633160530291, "正式名称": "小山歯科医院", "機関区分": 3, "都道府県コード": 16, "市区町村コード": 205, "所在地": "富山県氷見市南大町１－１４", "緯度": 36.854994, "経度": 136.988245, "url": "https://www.iryou.teikyouseido.mhlw.go.jp/znk-web/juminkanja/S2430/initialize?prefCd=16&kikanCd=3160530291&kikanKbn=3", "url2": "http://plus.dentamap.jp/hpplus/user/oyamadc803/", "内容": "小山歯科医院【3:歯科】富山県氷見市南大町１－１４" }, "geometry": { "type": "Point", "coordinates": [ 136.988245, 36.854994 ] } },
{ "type": "Feature", "properties": { "ID": 1633160530317, "正式名称": "越田歯科医院", "機関区分": 3, "都道府県コード": 16, "市区町村コード": 205, "所在地": "富山県氷見市伊勢大町１－１２－１１", "緯度": 36.849939, "経度": 136.990495, "url": "https://www.iryou.teikyouseido.mhlw.go.jp/znk-web/juminkanja/S2430/initialize?prefCd=16&kikanCd=3160530317&kikanKbn=3", "url2": "http://www1.ocn.ne.jp/~koshida/", "内容": "越田歯科医院【3:歯科】富山県氷見市伊勢大町１－１２－１１" }, "geometry": { "type": "Point", "coordinates": [ 136.990495, 36.849939 ] } },
{ "type": "Feature", "properties": { "ID": 1633160530325, "正式名称": "串田歯科医院", "機関区分": 3, "都道府県コード": 16, "市区町村コード": 205, "所在地": "富山県氷見市島尾５９－６", "緯度": 36.827747, "経度": 137.005023, "url": "https://www.iryou.teikyouseido.mhlw.go.jp/znk-web/juminkanja/S2430/initialize?prefCd=16&kikanCd=3160530325&kikanKbn=3", "url2": "https://haisha-yoyaku.jp/bun2sdental/detail/index/id/1630530325/", "内容": "串田歯科医院【3:歯科】富山県氷見市島尾５９－６" }, "geometry": { "type": "Point", "coordinates": [ 137.005023, 36.827747 ] } },
{ "type": "Feature", "properties": { "ID": 1633160530341, "正式名称": "はまなす歯科医院", "機関区分": 3, "都道府県コード": 16, "市区町村コード": 205, "所在地": "富山県氷見市柳田１０７９", "緯度": 36.827608, "経度": 136.995329, "url": "https://www.iryou.teikyouseido.mhlw.go.jp/znk-web/juminkanja/S2430/initialize?prefCd=16&kikanCd=3160530341&kikanKbn=3", "url2": null, "内容": "はまなす歯科医院【3:歯科】富山県氷見市柳田１０７９" }, "geometry": { "type": "Point", "coordinates": [ 136.995329, 36.827608 ] } },
{ "type": "Feature", "properties": { "ID": 1633160530358, "正式名称": "かわかみ歯科医院", "機関区分": 3, "都道府県コード": 16, "市区町村コード": 205, "所在地": "富山県氷見市加納４８３－１", "緯度": 36.863159, "経度": 136.973885, "url": "https://www.iryou.teikyouseido.mhlw.go.jp/znk-web/juminkanja/S2430/initialize?prefCd=16&kikanCd=3160530358&kikanKbn=3", "url2": "kawakami-dental.info", "内容": "かわかみ歯科医院【3:歯科】富山県氷見市加納４８３－１" }, "geometry": { "type": "Point", "coordinates": [ 136.973885, 36.863159 ] } },
{ "type": "Feature", "properties": { "ID": 1633160530366, "正式名称": "加藤歯科医院", "機関区分": 3, "都道府県コード": 16, "市区町村コード": 205, "所在地": "富山県氷見市伊勢大町１－７－１２", "緯度": 36.850022, "経度": 136.989023, "url": "https://www.iryou.teikyouseido.mhlw.go.jp/znk-web/juminkanja/S2430/initialize?prefCd=16&kikanCd=3160530366&kikanKbn=3", "url2": "http://www.katou-dc.jp/", "内容": "加藤歯科医院【3:歯科】富山県氷見市伊勢大町１－７－１２" }, "geometry": { "type": "Point", "coordinates": [ 136.989023, 36.850022 ] } },
{ "type": "Feature", "properties": { "ID": 1633160530374, "正式名称": "竹口歯科クリニック", "機関区分": 3, "都道府県コード": 16, "市区町村コード": 205, "所在地": "富山県氷見市堀田２１７－２", "緯度": 36.813776, "経度": 136.977664, "url": "https://www.iryou.teikyouseido.mhlw.go.jp/znk-web/juminkanja/S2430/initialize?prefCd=16&kikanCd=3160530374&kikanKbn=3", "url2": null, "内容": "竹口歯科クリニック【3:歯科】富山県氷見市堀田２１７－２" }, "geometry": { "type": "Point", "coordinates": [ 136.977664, 36.813776 ] } },
{ "type": "Feature", "properties": { "ID": 1633160630158, "正式名称": "網谷歯科医院", "機関区分": 3, "都道府県コード": 16, "市区町村コード": 206, "所在地": "富山県滑川市魚躬８９－１", "緯度": 36.755607, "経度": 137.325963, "url": "https://www.iryou.teikyouseido.mhlw.go.jp/znk-web/juminkanja/S2430/initialize?prefCd=16&kikanCd=3160630158&kikanKbn=3", "url2": "http://www.amitani-dental.com", "内容": "網谷歯科医院【3:歯科】富山県滑川市魚躬８９－１" }, "geometry": { "type": "Point", "coordinates": [ 137.325963, 36.755607 ] } },
{ "type": "Feature", "properties": { "ID": 1633160630166, "正式名称": "公園通り歯科医院", "機関区分": 3, "都道府県コード": 16, "市区町村コード": 206, "所在地": "富山県滑川市常盤町１８１－４１", "緯度": 36.768343, "経度": 137.346358, "url": "https://www.iryou.teikyouseido.mhlw.go.jp/znk-web/juminkanja/S2430/initialize?prefCd=16&kikanCd=3160630166&kikanKbn=3", "url2": "https://implant-white.jimdo.com/", "内容": "公園通り歯科医院【3:歯科】富山県滑川市常盤町１８１－４１" }, "geometry": { "type": "Point", "coordinates": [ 137.346358, 36.768343 ] } },
{ "type": "Feature", "properties": { "ID": 1633160630174, "正式名称": "やすだ歯科", "機関区分": 3, "都道府県コード": 16, "市区町村コード": 206, "所在地": "富山県滑川市上小泉４５６", "緯度": 36.756149, "経度": 137.344942, "url": "https://www.iryou.teikyouseido.mhlw.go.jp/znk-web/juminkanja/S2430/initialize?prefCd=16&kikanCd=3160630174&kikanKbn=3", "url2": null, "内容": "やすだ歯科【3:歯科】富山県滑川市上小泉４５６" }, "geometry": { "type": "Point", "coordinates": [ 137.344942, 36.756149 ] } },
{ "type": "Feature", "properties": { "ID": 1633160630182, "正式名称": "辻歯科医院", "機関区分": 3, "都道府県コード": 16, "市区町村コード": 206, "所在地": "富山県滑川市中川原２９７", "緯度": 36.773925, "経度": 137.347552, "url": "https://www.iryou.teikyouseido.mhlw.go.jp/znk-web/juminkanja/S2430/initialize?prefCd=16&kikanCd=3160630182&kikanKbn=3", "url2": null, "内容": "辻歯科医院【3:歯科】富山県滑川市中川原２９７" }, "geometry": { "type": "Point", "coordinates": [ 137.347552, 36.773925 ] } },
{ "type": "Feature", "properties": { "ID": 1633160630190, "正式名称": "やご歯科医院", "機関区分": 3, "都道府県コード": 16, "市区町村コード": 206, "所在地": "富山県滑川市清水町６－１３", "緯度": 36.762371, "経度": 137.348303, "url": "https://www.iryou.teikyouseido.mhlw.go.jp/znk-web/juminkanja/S2430/initialize?prefCd=16&kikanCd=3160630190&kikanKbn=3", "url2": null, "内容": "やご歯科医院【3:歯科】富山県滑川市清水町６－１３" }, "geometry": { "type": "Point", "coordinates": [ 137.348303, 36.762371 ] } },
{ "type": "Feature", "properties": { "ID": 1633160630208, "正式名称": "荒川歯科クリニック", "機関区分": 3, "都道府県コード": 16, "市区町村コード": 206, "所在地": "富山県滑川市常盤町５６３", "緯度": 36.771064, "経度": 137.345191, "url": "https://www.iryou.teikyouseido.mhlw.go.jp/znk-web/juminkanja/S2430/initialize?prefCd=16&kikanCd=3160630208&kikanKbn=3", "url2": null, "内容": "荒川歯科クリニック【3:歯科】富山県滑川市常盤町５６３" }, "geometry": { "type": "Point", "coordinates": [ 137.345191, 36.771064 ] } },
{ "type": "Feature", "properties": { "ID": 1633160730156, "正式名称": "小倉歯科医院", "機関区分": 3, "都道府県コード": 16, "市区町村コード": 207, "所在地": "富山県黒部市三日市１０９６", "緯度": 36.872583, "経度": 137.44129, "url": "https://www.iryou.teikyouseido.mhlw.go.jp/znk-web/juminkanja/S2430/initialize?prefCd=16&kikanCd=3160730156&kikanKbn=3", "url2": null, "内容": "小倉歯科医院【3:歯科】富山県黒部市三日市１０９６" }, "geometry": { "type": "Point", "coordinates": [ 137.44129, 36.872583 ] } },
{ "type": "Feature", "properties": { "ID": 1633160730164, "正式名称": "田中歯科医院", "機関区分": 3, "都道府県コード": 16, "市区町村コード": 207, "所在地": "富山県黒部市生地経新４４３３", "緯度": 36.896024, "経度": 137.413374, "url": "https://www.iryou.teikyouseido.mhlw.go.jp/znk-web/juminkanja/S2430/initialize?prefCd=16&kikanCd=3160730164&kikanKbn=3", "url2": "http://www.tanakashika-kurobe.com/", "内容": "田中歯科医院【3:歯科】富山県黒部市生地経新４４３３" }, "geometry": { "type": "Point", "coordinates": [ 137.413374, 36.896024 ] } },
{ "type": "Feature", "properties": { "ID": 1633160730180, "正式名称": "河村歯科医院", "機関区分": 3, "都道府県コード": 16, "市区町村コード": 207, "所在地": "富山県黒部市三日市２９９１", "緯度": 36.875055, "経度": 137.451539, "url": "https://www.iryou.teikyouseido.mhlw.go.jp/znk-web/juminkanja/S2430/initialize?prefCd=16&kikanCd=3160730180&kikanKbn=3", "url2": null, "内容": "河村歯科医院【3:歯科】富山県黒部市三日市２９９１" }, "geometry": { "type": "Point", "coordinates": [ 137.451539, 36.875055 ] } },
{ "type": "Feature", "properties": { "ID": 1633160730222, "正式名称": "平井デンタルクリニック", "機関区分": 3, "都道府県コード": 16, "市区町村コード": 207, "所在地": "富山県黒部市三日市３３１６", "緯度": 36.873055, "経度": 137.449095, "url": "https://www.iryou.teikyouseido.mhlw.go.jp/znk-web/juminkanja/S2430/initialize?prefCd=16&kikanCd=3160730222&kikanKbn=3", "url2": null, "内容": "平井デンタルクリニック【3:歯科】富山県黒部市三日市３３１６" }, "geometry": { "type": "Point", "coordinates": [ 137.449095, 36.873055 ] } },
{ "type": "Feature", "properties": { "ID": 1633160730248, "正式名称": "渡辺歯科医院", "機関区分": 3, "都道府県コード": 16, "市区町村コード": 207, "所在地": "富山県黒部市三日市３１３５", "緯度": 36.872805, "経度": 137.446817, "url": "https://www.iryou.teikyouseido.mhlw.go.jp/znk-web/juminkanja/S2430/initialize?prefCd=16&kikanCd=3160730248&kikanKbn=3", "url2": null, "内容": "渡辺歯科医院【3:歯科】富山県黒部市三日市３１３５" }, "geometry": { "type": "Point", "coordinates": [ 137.446817, 36.872805 ] } },
{ "type": "Feature", "properties": { "ID": 1633160730255, "正式名称": "岩井歯科クリニック", "機関区分": 3, "都道府県コード": 16, "市区町村コード": 207, "所在地": "富山県黒部市新牧野１６８", "緯度": 36.868806, "経度": 137.450067, "url": "https://www.iryou.teikyouseido.mhlw.go.jp/znk-web/juminkanja/S2430/initialize?prefCd=16&kikanCd=3160730255&kikanKbn=3", "url2": "https://iwaishika.com", "内容": "岩井歯科クリニック【3:歯科】富山県黒部市新牧野１６８" }, "geometry": { "type": "Point", "coordinates": [ 137.450067, 36.868806 ] } },
{ "type": "Feature", "properties": { "ID": 1633160730271, "正式名称": "清田歯科医院", "機関区分": 3, "都道府県コード": 16, "市区町村コード": 207, "所在地": "富山県黒部市新牧野３５６", "緯度": 36.869778, "経度": 137.44579, "url": "https://www.iryou.teikyouseido.mhlw.go.jp/znk-web/juminkanja/S2430/initialize?prefCd=16&kikanCd=3160730271&kikanKbn=3", "url2": null, "内容": "清田歯科医院【3:歯科】富山県黒部市新牧野３５６" }, "geometry": { "type": "Point", "coordinates": [ 137.44579, 36.869778 ] } },
{ "type": "Feature", "properties": { "ID": 1633160730289, "正式名称": "前田歯科クリニック", "機関区分": 3, "都道府県コード": 16, "市区町村コード": 207, "所在地": "富山県黒部市若栗２５３５", "緯度": 36.871473, "経度": 137.485092, "url": "https://www.iryou.teikyouseido.mhlw.go.jp/znk-web/juminkanja/S2430/initialize?prefCd=16&kikanCd=3160730289&kikanKbn=3", "url2": null, "内容": "前田歯科クリニック【3:歯科】富山県黒部市若栗２５３５" }, "geometry": { "type": "Point", "coordinates": [ 137.485092, 36.871473 ] } },
{ "type": "Feature", "properties": { "ID": 1633160730305, "正式名称": "朝日歯科クリニック", "機関区分": 3, "都道府県コード": 16, "市区町村コード": 207, "所在地": "富山県黒部市生地神区３４６－１", "緯度": 36.886831, "経度": 137.423707, "url": "https://www.iryou.teikyouseido.mhlw.go.jp/znk-web/juminkanja/S2430/initialize?prefCd=16&kikanCd=3160730305&kikanKbn=3", "url2": null, "内容": "朝日歯科クリニック【3:歯科】富山県黒部市生地神区３４６－１" }, "geometry": { "type": "Point", "coordinates": [ 137.423707, 36.886831 ] } },
{ "type": "Feature", "properties": { "ID": 1633160730339, "正式名称": "みどり歯科医院", "機関区分": 3, "都道府県コード": 16, "市区町村コード": 207, "所在地": "富山県黒部市三日市３１３２－４", "緯度": 36.872485, "経度": 137.447401, "url": "https://www.iryou.teikyouseido.mhlw.go.jp/znk-web/juminkanja/S2430/initialize?prefCd=16&kikanCd=3160730339&kikanKbn=3", "url2": "http://o-midori.dentalmall.jp/", "内容": "みどり歯科医院【3:歯科】富山県黒部市三日市３１３２－４" }, "geometry": { "type": "Point", "coordinates": [ 137.447401, 36.872485 ] } },
{ "type": "Feature", "properties": { "ID": 1633160730347, "正式名称": "おぎの歯科医院", "機関区分": 3, "都道府県コード": 16, "市区町村コード": 207, "所在地": "富山県黒部市三日市３７３０－４", "緯度": 36.876694, "経度": 137.447123, "url": "https://www.iryou.teikyouseido.mhlw.go.jp/znk-web/juminkanja/S2430/initialize?prefCd=16&kikanCd=3160730347&kikanKbn=3", "url2": null, "内容": "おぎの歯科医院【3:歯科】富山県黒部市三日市３７３０－４" }, "geometry": { "type": "Point", "coordinates": [ 137.447123, 36.876694 ] } },
{ "type": "Feature", "properties": { "ID": 1633160730354, "正式名称": "中央歯科医院", "機関区分": 3, "都道府県コード": 16, "市区町村コード": 207, "所在地": "富山県黒部市植木１６６－２", "緯度": 36.88467, "経度": 137.447468, "url": "https://www.iryou.teikyouseido.mhlw.go.jp/znk-web/juminkanja/S2430/initialize?prefCd=16&kikanCd=3160730354&kikanKbn=3", "url2": "http://www.chuoshika.jp", "内容": "中央歯科医院【3:歯科】富山県黒部市植木１６６－２" }, "geometry": { "type": "Point", "coordinates": [ 137.447468, 36.88467 ] } },
{ "type": "Feature", "properties": { "ID": 1633160730362, "正式名称": "うめかわ歯科クリニック", "機関区分": 3, "都道府県コード": 16, "市区町村コード": 207, "所在地": "富山県黒部市生地経新３５２１－１", "緯度": 36.894275, "経度": 137.415569, "url": "https://www.iryou.teikyouseido.mhlw.go.jp/znk-web/juminkanja/S2430/initialize?prefCd=16&kikanCd=3160730362&kikanKbn=3", "url2": null, "内容": "うめかわ歯科クリニック【3:歯科】富山県黒部市生地経新３５２１－１" }, "geometry": { "type": "Point", "coordinates": [ 137.415569, 36.894275 ] } },
{ "type": "Feature", "properties": { "ID": 1633160830154, "正式名称": "医療法人社団神田歯科医院", "機関区分": 3, "都道府県コード": 16, "市区町村コード": 208, "所在地": "富山県砺波市表町４番２号", "緯度": 36.635766, "経度": 136.946897, "url": "https://www.iryou.teikyouseido.mhlw.go.jp/znk-web/juminkanja/S2430/initialize?prefCd=16&kikanCd=3160830154&kikanKbn=3", "url2": null, "内容": "医療法人社団神田歯科医院【3:歯科】富山県砺波市表町４番２号" }, "geometry": { "type": "Point", "coordinates": [ 136.946897, 36.635766 ] } },
{ "type": "Feature", "properties": { "ID": 1633160830220, "正式名称": "芳尾歯科医院", "機関区分": 3, "都道府県コード": 16, "市区町村コード": 208, "所在地": "富山県砺波市豊町２－１１－５", "緯度": 36.628323, "経度": 136.954453, "url": "https://www.iryou.teikyouseido.mhlw.go.jp/znk-web/juminkanja/S2430/initialize?prefCd=16&kikanCd=3160830220&kikanKbn=3", "url2": null, "内容": "芳尾歯科医院【3:歯科】富山県砺波市豊町２－１１－５" }, "geometry": { "type": "Point", "coordinates": [ 136.954453, 36.628323 ] } },
{ "type": "Feature", "properties": { "ID": 1633160830238, "正式名称": "さとう歯科クリニック", "機関区分": 3, "都道府県コード": 16, "市区町村コード": 208, "所在地": "富山県砺波市杉木１丁目８８番地", "緯度": 36.642385, "経度": 136.951091, "url": "https://www.iryou.teikyouseido.mhlw.go.jp/znk-web/juminkanja/S2430/initialize?prefCd=16&kikanCd=3160830238&kikanKbn=3", "url2": null, "内容": "さとう歯科クリニック【3:歯科】富山県砺波市杉木１丁目８８番地" }, "geometry": { "type": "Point", "coordinates": [ 136.951091, 36.642385 ] } },
{ "type": "Feature", "properties": { "ID": 1633160830253, "正式名称": "澤越歯科医院", "機関区分": 3, "都道府県コード": 16, "市区町村コード": 208, "所在地": "富山県砺波市鍋島１１０", "緯度": 36.632961, "経度": 136.963035, "url": "https://www.iryou.teikyouseido.mhlw.go.jp/znk-web/juminkanja/S2430/initialize?prefCd=16&kikanCd=3160830253&kikanKbn=3", "url2": null, "内容": "澤越歯科医院【3:歯科】富山県砺波市鍋島１１０" }, "geometry": { "type": "Point", "coordinates": [ 136.963035, 36.632961 ] } },
{ "type": "Feature", "properties": { "ID": 1633160830279, "正式名称": "医療法人社団となみ野歯科診療所", "機関区分": 3, "都道府県コード": 16, "市区町村コード": 208, "所在地": "富山県砺波市林８３７", "緯度": 36.646237, "経度": 136.948647, "url": "https://www.iryou.teikyouseido.mhlw.go.jp/znk-web/juminkanja/S2430/initialize?prefCd=16&kikanCd=3160830279&kikanKbn=3", "url2": null, "内容": "医療法人社団となみ野歯科診療所【3:歯科】富山県砺波市林８３７" }, "geometry": { "type": "Point", "coordinates": [ 136.948647, 36.646237 ] } },
{ "type": "Feature", "properties": { "ID": 1633160830329, "正式名称": "高田歯科・矯正歯科医院", "機関区分": 3, "都道府県コード": 16, "市区町村コード": 208, "所在地": "富山県砺波市中央町４－８", "緯度": 36.639238, "経度": 136.953619, "url": "https://www.iryou.teikyouseido.mhlw.go.jp/znk-web/juminkanja/S2430/initialize?prefCd=16&kikanCd=3160830329&kikanKbn=3", "url2": "http://www4.nsk.ne.jp/takatas/", "内容": "高田歯科・矯正歯科医院【3:歯科】富山県砺波市中央町４－８" }, "geometry": { "type": "Point", "coordinates": [ 136.953619, 36.639238 ] } },
{ "type": "Feature", "properties": { "ID": 1633160830337, "正式名称": "おくだ歯科医院", "機関区分": 3, "都道府県コード": 16, "市区町村コード": 208, "所在地": "富山県砺波市杉木５丁目１８番地", "緯度": 36.649765, "経度": 136.955563, "url": "https://www.iryou.teikyouseido.mhlw.go.jp/znk-web/juminkanja/S2430/initialize?prefCd=16&kikanCd=3160830337&kikanKbn=3", "url2": "http://www.okuda1182.com", "内容": "おくだ歯科医院【3:歯科】富山県砺波市杉木５丁目１８番地" }, "geometry": { "type": "Point", "coordinates": [ 136.955563, 36.649765 ] } },
{ "type": "Feature", "properties": { "ID": 1633160830345, "正式名称": "藤の丘歯科医院", "機関区分": 3, "都道府県コード": 16, "市区町村コード": 208, "所在地": "富山県砺波市東石丸１－３", "緯度": 36.655158, "経度": 136.981024, "url": "https://www.iryou.teikyouseido.mhlw.go.jp/znk-web/juminkanja/S2430/initialize?prefCd=16&kikanCd=3160830345&kikanKbn=3", "url2": "https://fujinooka-shika.or.jp/", "内容": "藤の丘歯科医院【3:歯科】富山県砺波市東石丸１－３" }, "geometry": { "type": "Point", "coordinates": [ 136.981024, 36.655158 ] } },
{ "type": "Feature", "properties": { "ID": 1633160930160, "正式名称": "歯科津田医院", "機関区分": 3, "都道府県コード": 16, "市区町村コード": 209, "所在地": "富山県小矢部市津沢１－４４", "緯度": 36.62585, "経度": 136.898652, "url": "https://www.iryou.teikyouseido.mhlw.go.jp/znk-web/juminkanja/S2430/initialize?prefCd=16&kikanCd=3160930160&kikanKbn=3", "url2": null, "内容": "歯科津田医院【3:歯科】富山県小矢部市津沢１－４４" }, "geometry": { "type": "Point", "coordinates": [ 136.898652, 36.62585 ] } },
{ "type": "Feature", "properties": { "ID": 1633160930178, "正式名称": "渡邊歯科医院", "機関区分": 3, "都道府県コード": 16, "市区町村コード": 209, "所在地": "富山県小矢部市津沢７９６－４", "緯度": 36.622767, "経度": 136.894097, "url": "https://www.iryou.teikyouseido.mhlw.go.jp/znk-web/juminkanja/S2430/initialize?prefCd=16&kikanCd=3160930178&kikanKbn=3", "url2": "http://www.watanabe-dental-c.com", "内容": "渡邊歯科医院【3:歯科】富山県小矢部市津沢７９６－４" }, "geometry": { "type": "Point", "coordinates": [ 136.894097, 36.622767 ] } },
{ "type": "Feature", "properties": { "ID": 1633160930186, "正式名称": "山田歯科医院", "機関区分": 3, "都道府県コード": 16, "市区町村コード": 209, "所在地": "富山県小矢部市泉町７－１０", "緯度": 36.671872, "経度": 136.86918, "url": "https://www.iryou.teikyouseido.mhlw.go.jp/znk-web/juminkanja/S2430/initialize?prefCd=16&kikanCd=3160930186&kikanKbn=3", "url2": "https://www.yamada-dent.jp", "内容": "山田歯科医院【3:歯科】富山県小矢部市泉町７－１０" }, "geometry": { "type": "Point", "coordinates": [ 136.86918, 36.671872 ] } },
{ "type": "Feature", "properties": { "ID": 1633160930194, "正式名称": "岡宗歯科医院", "機関区分": 3, "都道府県コード": 16, "市区町村コード": 209, "所在地": "富山県小矢部市綾子３８８８", "緯度": 36.668928, "経度": 136.862181, "url": "https://www.iryou.teikyouseido.mhlw.go.jp/znk-web/juminkanja/S2430/initialize?prefCd=16&kikanCd=3160930194&kikanKbn=3", "url2": "https://okamune-dental.jp/", "内容": "岡宗歯科医院【3:歯科】富山県小矢部市綾子３８８８" }, "geometry": { "type": "Point", "coordinates": [ 136.862181, 36.668928 ] } },
{ "type": "Feature", "properties": { "ID": 1633160930210, "正式名称": "あらい歯科クリニック", "機関区分": 3, "都道府県コード": 16, "市区町村コード": 209, "所在地": "富山県小矢部市埴生３０２－１", "緯度": 36.664623, "経度": 136.855959, "url": "https://www.iryou.teikyouseido.mhlw.go.jp/znk-web/juminkanja/S2430/initialize?prefCd=16&kikanCd=3160930210&kikanKbn=3", "url2": null, "内容": "あらい歯科クリニック【3:歯科】富山県小矢部市埴生３０２－１" }, "geometry": { "type": "Point", "coordinates": [ 136.855959, 36.664623 ] } },
{ "type": "Feature", "properties": { "ID": 1633160930228, "正式名称": "山室歯科クリニック", "機関区分": 3, "都道府県コード": 16, "市区町村コード": 209, "所在地": "富山県小矢部市今石動町１－３－５", "緯度": 36.677205, "経度": 136.876013, "url": "https://www.iryou.teikyouseido.mhlw.go.jp/znk-web/juminkanja/S2430/initialize?prefCd=16&kikanCd=3160930228&kikanKbn=3", "url2": null, "内容": "山室歯科クリニック【3:歯科】富山県小矢部市今石動町１－３－５" }, "geometry": { "type": "Point", "coordinates": [ 136.876013, 36.677205 ] } },
{ "type": "Feature", "properties": { "ID": 1633160930251, "正式名称": "五郎丸歯科クリニック", "機関区分": 3, "都道府県コード": 16, "市区町村コード": 209, "所在地": "富山県小矢部市水牧２４２－２８", "緯度": 36.666068, "経度": 136.886818, "url": "https://www.iryou.teikyouseido.mhlw.go.jp/znk-web/juminkanja/S2430/initialize?prefCd=16&kikanCd=3160930251&kikanKbn=3", "url2": "https://www.560shika.com", "内容": "五郎丸歯科クリニック【3:歯科】富山県小矢部市水牧２４２－２８" }, "geometry": { "type": "Point", "coordinates": [ 136.886818, 36.666068 ] } },
{ "type": "Feature", "properties": { "ID": 1633160930277, "正式名称": "谷口歯科医院", "機関区分": 3, "都道府県コード": 16, "市区町村コード": 209, "所在地": "富山県小矢部市津沢４２４", "緯度": 36.623211, "経度": 136.895208, "url": "https://www.iryou.teikyouseido.mhlw.go.jp/znk-web/juminkanja/S2430/initialize?prefCd=16&kikanCd=3160930277&kikanKbn=3", "url2": null, "内容": "谷口歯科医院【3:歯科】富山県小矢部市津沢４２４" }, "geometry": { "type": "Point", "coordinates": [ 136.895208, 36.623211 ] } },
{ "type": "Feature", "properties": { "ID": 1633161230918, "正式名称": "後藤歯科医院", "機関区分": 3, "都道府県コード": 16, "市区町村コード": 202, "所在地": "富山県高岡市羽広２－７－１", "緯度": 36.743672, "経度": 136.991083, "url": "https://www.iryou.teikyouseido.mhlw.go.jp/znk-web/juminkanja/S2430/initialize?prefCd=16&kikanCd=3161230918&kikanKbn=3", "url2": "https://goto-dental.ci-hp.jp/", "内容": "後藤歯科医院【3:歯科】富山県高岡市羽広２－７－１" }, "geometry": { "type": "Point", "coordinates": [ 136.991083, 36.743672 ] } },
{ "type": "Feature", "properties": { "ID": 1633161530092, "正式名称": "二杉歯科医院", "機関区分": 3, "都道府県コード": 16, "市区町村コード": 201, "所在地": "富山県富山市上二杉６１６", "緯度": 36.591526, "経度": 137.201823, "url": "https://www.iryou.teikyouseido.mhlw.go.jp/znk-web/juminkanja/S2430/initialize?prefCd=16&kikanCd=3161530092&kikanKbn=3", "url2": null, "内容": "二杉歯科医院【3:歯科】富山県富山市上二杉６１６" }, "geometry": { "type": "Point", "coordinates": [ 137.201823, 36.591526 ] } },
{ "type": "Feature", "properties": { "ID": 1633161530134, "正式名称": "岡本歯科医院", "機関区分": 3, "都道府県コード": 16, "市区町村コード": 201, "所在地": "富山県富山市下大久保２２０１番地４３", "緯度": 36.603413, "経度": 137.202327, "url": "https://www.iryou.teikyouseido.mhlw.go.jp/znk-web/juminkanja/S2430/initialize?prefCd=16&kikanCd=3161530134&kikanKbn=3", "url2": null, "内容": "岡本歯科医院【3:歯科】富山県富山市下大久保２２０１番地４３" }, "geometry": { "type": "Point", "coordinates": [ 137.202327, 36.603413 ] } },
{ "type": "Feature", "properties": { "ID": 1633161530142, "正式名称": "かみたき歯科", "機関区分": 3, "都道府県コード": 16, "市区町村コード": 201, "所在地": "富山県富山市上大久保８５１", "緯度": 36.59933, "経度": 137.208294, "url": "https://www.iryou.teikyouseido.mhlw.go.jp/znk-web/juminkanja/S2430/initialize?prefCd=16&kikanCd=3161530142&kikanKbn=3", "url2": "hp1.dent-hp.com", "内容": "かみたき歯科【3:歯科】富山県富山市上大久保８５１" }, "geometry": { "type": "Point", "coordinates": [ 137.208294, 36.59933 ] } },
{ "type": "Feature", "properties": { "ID": 1633161530159, "正式名称": "やすむら歯科医院", "機関区分": 3, "都道府県コード": 16, "市区町村コード": 201, "所在地": "富山県富山市上大久保９２７－１", "緯度": 36.590081, "経度": 137.204517, "url": "https://www.iryou.teikyouseido.mhlw.go.jp/znk-web/juminkanja/S2430/initialize?prefCd=16&kikanCd=3161530159&kikanKbn=3", "url2": null, "内容": "やすむら歯科医院【3:歯科】富山県富山市上大久保９２７－１" }, "geometry": { "type": "Point", "coordinates": [ 137.204517, 36.590081 ] } },
{ "type": "Feature", "properties": { "ID": 1633161530167, "正式名称": "山田歯科医院", "機関区分": 3, "都道府県コード": 16, "市区町村コード": 201, "所在地": "富山県富山市高内２３３－２", "緯度": 36.575559, "経度": 137.208362, "url": "https://www.iryou.teikyouseido.mhlw.go.jp/znk-web/juminkanja/S2430/initialize?prefCd=16&kikanCd=3161530167&kikanKbn=3", "url2": "http://www.yamadadental.jp/", "内容": "山田歯科医院【3:歯科】富山県富山市高内２３３－２" }, "geometry": { "type": "Point", "coordinates": [ 137.208362, 36.575559 ] } },
{ "type": "Feature", "properties": { "ID": 1633161530175, "正式名称": "いなみ歯科クリニック", "機関区分": 3, "都道府県コード": 16, "市区町村コード": 201, "所在地": "富山県富山市田畠８５１－７", "緯度": 36.61708, "経度": 137.272482, "url": "https://www.iryou.teikyouseido.mhlw.go.jp/znk-web/juminkanja/S2430/initialize?prefCd=16&kikanCd=3161530175&kikanKbn=3", "url2": "https://inami-d-c.cihp2.jp", "内容": "いなみ歯科クリニック【3:歯科】富山県富山市田畠８５１－７" }, "geometry": { "type": "Point", "coordinates": [ 137.272482, 36.61708 ] } },
{ "type": "Feature", "properties": { "ID": 1633161630157, "正式名称": "吉岡歯科医院", "機関区分": 3, "都道府県コード": 16, "市区町村コード": 322, "所在地": "富山県中新川郡上市町横法音寺１１－１", "緯度": 36.702766, "経度": 137.357694, "url": "https://www.iryou.teikyouseido.mhlw.go.jp/znk-web/juminkanja/S2430/initialize?prefCd=16&kikanCd=3161630157&kikanKbn=3", "url2": "https://www.dental-iiha.com/d0020508.html", "内容": "吉岡歯科医院【3:歯科】富山県中新川郡上市町横法音寺１１－１" }, "geometry": { "type": "Point", "coordinates": [ 137.357694, 36.702766 ] } },
{ "type": "Feature", "properties": { "ID": 1633161630165, "正式名称": "川口歯科医院", "機関区分": 3, "都道府県コード": 16, "市区町村コード": 323, "所在地": "富山県中新川郡立山町前沢新町７１１", "緯度": 36.664686, "経度": 137.311421, "url": "https://www.iryou.teikyouseido.mhlw.go.jp/znk-web/juminkanja/S2430/initialize?prefCd=16&kikanCd=3161630165&kikanKbn=3", "url2": null, "内容": "川口歯科医院【3:歯科】富山県中新川郡立山町前沢新町７１１" }, "geometry": { "type": "Point", "coordinates": [ 137.311421, 36.664686 ] } },
{ "type": "Feature", "properties": { "ID": 1633161630199, "正式名称": "岩峅歯科医院", "機関区分": 3, "都道府県コード": 16, "市区町村コード": 323, "所在地": "富山県中新川郡立山町宮路１３７", "緯度": 36.609054, "経度": 137.321145, "url": "https://www.iryou.teikyouseido.mhlw.go.jp/znk-web/juminkanja/S2430/initialize?prefCd=16&kikanCd=3161630199&kikanKbn=3", "url2": "http://www.shironoshika.com/iwakura", "内容": "岩峅歯科医院【3:歯科】富山県中新川郡立山町宮路１３７" }, "geometry": { "type": "Point", "coordinates": [ 137.321145, 36.609054 ] } },
{ "type": "Feature", "properties": { "ID": 1633161630207, "正式名称": "医療法人社団　佐伯歯科医院", "機関区分": 3, "都道府県コード": 16, "市区町村コード": 322, "所在地": "富山県中新川郡上市町法音寺１３－９", "緯度": 36.699406, "経度": 137.361443, "url": "https://www.iryou.teikyouseido.mhlw.go.jp/znk-web/juminkanja/S2430/initialize?prefCd=16&kikanCd=3161630207&kikanKbn=3", "url2": null, "内容": "医療法人社団　佐伯歯科医院【3:歯科】富山県中新川郡上市町法音寺１３－９" }, "geometry": { "type": "Point", "coordinates": [ 137.361443, 36.699406 ] } },
{ "type": "Feature", "properties": { "ID": 1633161630215, "正式名称": "幾島歯科医院", "機関区分": 3, "都道府県コード": 16, "市区町村コード": 323, "所在地": "富山県中新川郡立山町前沢２８６０－１", "緯度": 36.657965, "経度": 137.31731, "url": "https://www.iryou.teikyouseido.mhlw.go.jp/znk-web/juminkanja/S2430/initialize?prefCd=16&kikanCd=3161630215&kikanKbn=3", "url2": null, "内容": "幾島歯科医院【3:歯科】富山県中新川郡立山町前沢２８６０－１" }, "geometry": { "type": "Point", "coordinates": [ 137.31731, 36.657965 ] } },
{ "type": "Feature", "properties": { "ID": 1633161630223, "正式名称": "山本歯科医院", "機関区分": 3, "都道府県コード": 16, "市区町村コード": 322, "所在地": "富山県中新川郡上市町西中町７３", "緯度": 36.7051, "経度": 137.36236, "url": "https://www.iryou.teikyouseido.mhlw.go.jp/znk-web/juminkanja/S2430/initialize?prefCd=16&kikanCd=3161630223&kikanKbn=3", "url2": null, "内容": "山本歯科医院【3:歯科】富山県中新川郡上市町西中町７３" }, "geometry": { "type": "Point", "coordinates": [ 137.36236, 36.7051 ] } },
{ "type": "Feature", "properties": { "ID": 1633161630256, "正式名称": "小森歯科医院", "機関区分": 3, "都道府県コード": 16, "市区町村コード": 322, "所在地": "富山県中新川郡上市町柳町４－３８", "緯度": 36.712349, "経度": 137.358554, "url": "https://www.iryou.teikyouseido.mhlw.go.jp/znk-web/juminkanja/S2430/initialize?prefCd=16&kikanCd=3161630256&kikanKbn=3", "url2": null, "内容": "小森歯科医院【3:歯科】富山県中新川郡上市町柳町４－３８" }, "geometry": { "type": "Point", "coordinates": [ 137.358554, 36.712349 ] } },
{ "type": "Feature", "properties": { "ID": 1633161630264, "正式名称": "歯科Ｍｙクリニック", "機関区分": 3, "都道府県コード": 16, "市区町村コード": 323, "所在地": "富山県中新川郡立山町前沢２３３７－４", "緯度": 36.663381, "経度": 137.310672, "url": "https://www.iryou.teikyouseido.mhlw.go.jp/znk-web/juminkanja/S2430/initialize?prefCd=16&kikanCd=3161630264&kikanKbn=3", "url2": null, "内容": "歯科Ｍｙクリニック【3:歯科】富山県中新川郡立山町前沢２３３７－４" }, "geometry": { "type": "Point", "coordinates": [ 137.310672, 36.663381 ] } },
{ "type": "Feature", "properties": { "ID": 1633161630280, "正式名称": "マキノ歯科医院", "機関区分": 3, "都道府県コード": 16, "市区町村コード": 323, "所在地": "富山県中新川郡立山町草野１２２－２", "緯度": 36.664159, "経度": 137.306783, "url": "https://www.iryou.teikyouseido.mhlw.go.jp/znk-web/juminkanja/S2430/initialize?prefCd=16&kikanCd=3161630280&kikanKbn=3", "url2": null, "内容": "マキノ歯科医院【3:歯科】富山県中新川郡立山町草野１２２－２" }, "geometry": { "type": "Point", "coordinates": [ 137.306783, 36.664159 ] } },
{ "type": "Feature", "properties": { "ID": 1633161630306, "正式名称": "医療法人社団光晴会荒井歯科医院", "機関区分": 3, "都道府県コード": 16, "市区町村コード": 322, "所在地": "富山県中新川郡上市町若杉新２－１", "緯度": 36.705433, "経度": 137.348194, "url": "https://www.iryou.teikyouseido.mhlw.go.jp/znk-web/juminkanja/S2430/initialize?prefCd=16&kikanCd=3161630306&kikanKbn=3", "url2": "http://www.araishika-kamiichi.com/", "内容": "医療法人社団光晴会荒井歯科医院【3:歯科】富山県中新川郡上市町若杉新２－１" }, "geometry": { "type": "Point", "coordinates": [ 137.348194, 36.705433 ] } },
{ "type": "Feature", "properties": { "ID": 1633161630322, "正式名称": "医療法人社団清慧会　前川歯科クリニック", "機関区分": 3, "都道府県コード": 16, "市区町村コード": 323, "所在地": "富山県中新川郡立山町利田３７０－５", "緯度": 36.686684, "経度": 137.291616, "url": "https://www.iryou.teikyouseido.mhlw.go.jp/znk-web/juminkanja/S2430/initialize?prefCd=16&kikanCd=3161630322&kikanKbn=3", "url2": null, "内容": "医療法人社団清慧会　前川歯科クリニック【3:歯科】富山県中新川郡立山町利田３７０－５" }, "geometry": { "type": "Point", "coordinates": [ 137.291616, 36.686684 ] } },
{ "type": "Feature", "properties": { "ID": 1633161630330, "正式名称": "モズミ歯科クリニック", "機関区分": 3, "都道府県コード": 16, "市区町村コード": 321, "所在地": "富山県中新川郡舟橋村舟橋１１３７", "緯度": 36.699627, "経度": 137.315503, "url": "https://www.iryou.teikyouseido.mhlw.go.jp/znk-web/juminkanja/S2430/initialize?prefCd=16&kikanCd=3161630330&kikanKbn=3", "url2": "http://www.mozumi-dc.com", "内容": "モズミ歯科クリニック【3:歯科】富山県中新川郡舟橋村舟橋１１３７" }, "geometry": { "type": "Point", "coordinates": [ 137.315503, 36.699627 ] } },
{ "type": "Feature", "properties": { "ID": 1633161730148, "正式名称": "小杉歯科医院", "機関区分": 3, "都道府県コード": 16, "市区町村コード": 343, "所在地": "富山県下新川郡朝日町荒川３７６", "緯度": 36.955021, "経度": 137.558665, "url": "https://www.iryou.teikyouseido.mhlw.go.jp/znk-web/juminkanja/S2430/initialize?prefCd=16&kikanCd=3161730148&kikanKbn=3", "url2": "http://kosugi-dental-clinic.com/", "内容": "小杉歯科医院【3:歯科】富山県下新川郡朝日町荒川３７６" }, "geometry": { "type": "Point", "coordinates": [ 137.558665, 36.955021 ] } },
{ "type": "Feature", "properties": { "ID": 1633161730171, "正式名称": "野田歯科医院", "機関区分": 3, "都道府県コード": 16, "市区町村コード": 342, "所在地": "富山県下新川郡入善町入膳３６９９－１", "緯度": 36.939827, "経度": 137.503337, "url": "https://www.iryou.teikyouseido.mhlw.go.jp/znk-web/juminkanja/S2430/initialize?prefCd=16&kikanCd=3161730171&kikanKbn=3", "url2": null, "内容": "野田歯科医院【3:歯科】富山県下新川郡入善町入膳３６９９－１" }, "geometry": { "type": "Point", "coordinates": [ 137.503337, 36.939827 ] } },
{ "type": "Feature", "properties": { "ID": 1633161730205, "正式名称": "田中博歯科医院", "機関区分": 3, "都道府県コード": 16, "市区町村コード": 342, "所在地": "富山県下新川郡入善町入膳２９３６－８", "緯度": 36.9333, "経度": 137.500171, "url": "https://www.iryou.teikyouseido.mhlw.go.jp/znk-web/juminkanja/S2430/initialize?prefCd=16&kikanCd=3161730205&kikanKbn=3", "url2": null, "内容": "田中博歯科医院【3:歯科】富山県下新川郡入善町入膳２９３６－８" }, "geometry": { "type": "Point", "coordinates": [ 137.500171, 36.9333 ] } },
{ "type": "Feature", "properties": { "ID": 1633161730213, "正式名称": "平沢歯科医院", "機関区分": 3, "都道府県コード": 16, "市区町村コード": 343, "所在地": "富山県下新川郡朝日町道下２３２", "緯度": 36.952604, "経度": 137.560165, "url": "https://www.iryou.teikyouseido.mhlw.go.jp/znk-web/juminkanja/S2430/initialize?prefCd=16&kikanCd=3161730213&kikanKbn=3", "url2": null, "内容": "平沢歯科医院【3:歯科】富山県下新川郡朝日町道下２３２" }, "geometry": { "type": "Point", "coordinates": [ 137.560165, 36.952604 ] } },
{ "type": "Feature", "properties": { "ID": 1633161730270, "正式名称": "医療法人社団　塩見歯科医院", "機関区分": 3, "都道府県コード": 16, "市区町村コード": 342, "所在地": "富山県下新川郡入善町入膳４９４９－２", "緯度": 36.939049, "経度": 137.507337, "url": "https://www.iryou.teikyouseido.mhlw.go.jp/znk-web/juminkanja/S2430/initialize?prefCd=16&kikanCd=3161730270&kikanKbn=3", "url2": null, "内容": "医療法人社団　塩見歯科医院【3:歯科】富山県下新川郡入善町入膳４９４９－２" }, "geometry": { "type": "Point", "coordinates": [ 137.507337, 36.939049 ] } },
{ "type": "Feature", "properties": { "ID": 1633161730338, "正式名称": "佐藤歯科医院", "機関区分": 3, "都道府県コード": 16, "市区町村コード": 342, "所在地": "富山県下新川郡入善町入膳５１３１－１０", "緯度": 36.942132, "経度": 137.505309, "url": "https://www.iryou.teikyouseido.mhlw.go.jp/znk-web/juminkanja/S2430/initialize?prefCd=16&kikanCd=3161730338&kikanKbn=3", "url2": "http://www.newton-doctor.com/doctor/toyama/sato/s40/", "内容": "佐藤歯科医院【3:歯科】富山県下新川郡入善町入膳５１３１－１０" }, "geometry": { "type": "Point", "coordinates": [ 137.505309, 36.942132 ] } },
{ "type": "Feature", "properties": { "ID": 1633161730353, "正式名称": "弥忠田歯科医院", "機関区分": 3, "都道府県コード": 16, "市区町村コード": 343, "所在地": "富山県下新川郡朝日町道下９６２－１", "緯度": 36.946883, "経度": 137.561943, "url": "https://www.iryou.teikyouseido.mhlw.go.jp/znk-web/juminkanja/S2430/initialize?prefCd=16&kikanCd=3161730353&kikanKbn=3", "url2": null, "内容": "弥忠田歯科医院【3:歯科】富山県下新川郡朝日町道下９６２－１" }, "geometry": { "type": "Point", "coordinates": [ 137.561943, 36.946883 ] } },
{ "type": "Feature", "properties": { "ID": 1633161730361, "正式名称": "柚木歯科医院", "機関区分": 3, "都道府県コード": 16, "市区町村コード": 342, "所在地": "富山県下新川郡入善町入膳５２１８", "緯度": 36.940244, "経度": 137.502393, "url": "https://www.iryou.teikyouseido.mhlw.go.jp/znk-web/juminkanja/S2430/initialize?prefCd=16&kikanCd=3161730361&kikanKbn=3", "url2": null, "内容": "柚木歯科医院【3:歯科】富山県下新川郡入善町入膳５２１８" }, "geometry": { "type": "Point", "coordinates": [ 137.502393, 36.940244 ] } },
{ "type": "Feature", "properties": { "ID": 1633161730387, "正式名称": "大菅歯科医院", "機関区分": 3, "都道府県コード": 16, "市区町村コード": 343, "所在地": "富山県下新川郡朝日町泊４５５－５", "緯度": 36.958048, "経度": 137.560304, "url": "https://www.iryou.teikyouseido.mhlw.go.jp/znk-web/juminkanja/S2430/initialize?prefCd=16&kikanCd=3161730387&kikanKbn=3", "url2": "http://ohsuga-dc.com", "内容": "大菅歯科医院【3:歯科】富山県下新川郡朝日町泊４５５－５" }, "geometry": { "type": "Point", "coordinates": [ 137.560304, 36.958048 ] } },
{ "type": "Feature", "properties": { "ID": 1633161730429, "正式名称": "ノダデンタルクリニック", "機関区分": 3, "都道府県コード": 16, "市区町村コード": 342, "所在地": "富山県下新川郡入善町入膳３５０５－１５", "緯度": 36.933694, "経度": 137.504094, "url": "https://www.iryou.teikyouseido.mhlw.go.jp/znk-web/juminkanja/S2430/initialize?prefCd=16&kikanCd=3161730429&kikanKbn=3", "url2": "https://www.noda-dental-clinic.com", "内容": "ノダデンタルクリニック【3:歯科】富山県下新川郡入善町入膳３５０５－１５" }, "geometry": { "type": "Point", "coordinates": [ 137.504094, 36.933694 ] } },
{ "type": "Feature", "properties": { "ID": 1633161830138, "正式名称": "吉田歯科医院", "機関区分": 3, "都道府県コード": 16, "市区町村コード": 201, "所在地": "富山県富山市八尾町井田車田４８３３－１", "緯度": 36.592976, "経度": 137.148376, "url": "https://www.iryou.teikyouseido.mhlw.go.jp/znk-web/juminkanja/S2430/initialize?prefCd=16&kikanCd=3161830138&kikanKbn=3", "url2": "https://yoshidashikaiin.doctorsfile.jp", "内容": "吉田歯科医院【3:歯科】富山県富山市八尾町井田車田４８３３－１" }, "geometry": { "type": "Point", "coordinates": [ 137.148376, 36.592976 ] } },
{ "type": "Feature", "properties": { "ID": 1633161830153, "正式名称": "みほ小児歯科医院", "機関区分": 3, "都道府県コード": 16, "市区町村コード": 201, "所在地": "富山県富山市婦中町速星７５５", "緯度": 36.661462, "経度": 137.160851, "url": "https://www.iryou.teikyouseido.mhlw.go.jp/znk-web/juminkanja/S2430/initialize?prefCd=16&kikanCd=3161830153&kikanKbn=3", "url2": "https://www.jda.or.jp/search/dental_10594.html", "内容": "みほ小児歯科医院【3:歯科】富山県富山市婦中町速星７５５" }, "geometry": { "type": "Point", "coordinates": [ 137.160851, 36.661462 ] } },
{ "type": "Feature", "properties": { "ID": 1633161830187, "正式名称": "島歯科医院", "機関区分": 3, "都道府県コード": 16, "市区町村コード": 201, "所在地": "富山県富山市婦中町速星７９２－１", "緯度": 36.658962, "経度": 137.161129, "url": "https://www.iryou.teikyouseido.mhlw.go.jp/znk-web/juminkanja/S2430/initialize?prefCd=16&kikanCd=3161830187&kikanKbn=3", "url2": "http://www.shimashika.com/", "内容": "島歯科医院【3:歯科】富山県富山市婦中町速星７９２－１" }, "geometry": { "type": "Point", "coordinates": [ 137.161129, 36.658962 ] } },
{ "type": "Feature", "properties": { "ID": 1633161830195, "正式名称": "高沢歯科医院", "機関区分": 3, "都道府県コード": 16, "市区町村コード": 201, "所在地": "富山県富山市八尾町上高善寺９７８－１", "緯度": 36.605301, "経度": 137.139466, "url": "https://www.iryou.teikyouseido.mhlw.go.jp/znk-web/juminkanja/S2430/initialize?prefCd=16&kikanCd=3161830195&kikanKbn=3", "url2": null, "内容": "高沢歯科医院【3:歯科】富山県富山市八尾町上高善寺９７８－１" }, "geometry": { "type": "Point", "coordinates": [ 137.139466, 36.605301 ] } },
{ "type": "Feature", "properties": { "ID": 1633161830237, "正式名称": "はやかわ歯科医院", "機関区分": 3, "都道府県コード": 16, "市区町村コード": 201, "所在地": "富山県富山市婦中町上田島１７０", "緯度": 36.668795, "経度": 137.172849, "url": "https://www.iryou.teikyouseido.mhlw.go.jp/znk-web/juminkanja/S2430/initialize?prefCd=16&kikanCd=3161830237&kikanKbn=3", "url2": null, "内容": "はやかわ歯科医院【3:歯科】富山県富山市婦中町上田島１７０" }, "geometry": { "type": "Point", "coordinates": [ 137.172849, 36.668795 ] } },
{ "type": "Feature", "properties": { "ID": 1633161830245, "正式名称": "医療法人社団　大井歯科医院", "機関区分": 3, "都道府県コード": 16, "市区町村コード": 201, "所在地": "富山県富山市八尾町西町２３８２", "緯度": 36.577692, "経度": 137.134718, "url": "https://www.iryou.teikyouseido.mhlw.go.jp/znk-web/juminkanja/S2430/initialize?prefCd=16&kikanCd=3161830245&kikanKbn=3", "url2": null, "内容": "医療法人社団　大井歯科医院【3:歯科】富山県富山市八尾町西町２３８２" }, "geometry": { "type": "Point", "coordinates": [ 137.134718, 36.577692 ] } },
{ "type": "Feature", "properties": { "ID": 1633161830278, "正式名称": "やまがみ歯科医院", "機関区分": 3, "都道府県コード": 16, "市区町村コード": 201, "所在地": "富山県富山市婦中町新屋５０８", "緯度": 36.62941, "経度": 137.175573, "url": "https://www.iryou.teikyouseido.mhlw.go.jp/znk-web/juminkanja/S2430/initialize?prefCd=16&kikanCd=3161830278&kikanKbn=3", "url2": null, "内容": "やまがみ歯科医院【3:歯科】富山県富山市婦中町新屋５０８" }, "geometry": { "type": "Point", "coordinates": [ 137.175573, 36.62941 ] } },
{ "type": "Feature", "properties": { "ID": 1633161830286, "正式名称": "あめたに歯科医院", "機関区分": 3, "都道府県コード": 16, "市区町村コード": 201, "所在地": "富山県富山市婦中町板倉４９２－１", "緯度": 36.657157, "経度": 137.169322, "url": "https://www.iryou.teikyouseido.mhlw.go.jp/znk-web/juminkanja/S2430/initialize?prefCd=16&kikanCd=3161830286&kikanKbn=3", "url2": "http://ametani-dc.com/", "内容": "あめたに歯科医院【3:歯科】富山県富山市婦中町板倉４９２－１" }, "geometry": { "type": "Point", "coordinates": [ 137.169322, 36.657157 ] } },
{ "type": "Feature", "properties": { "ID": 1633161830302, "正式名称": "折山歯科医院", "機関区分": 3, "都道府県コード": 16, "市区町村コード": 201, "所在地": "富山県富山市婦中町速星８２８", "緯度": 36.66199, "経度": 137.161462, "url": "https://www.iryou.teikyouseido.mhlw.go.jp/znk-web/juminkanja/S2430/initialize?prefCd=16&kikanCd=3161830302&kikanKbn=3", "url2": null, "内容": "折山歯科医院【3:歯科】富山県富山市婦中町速星８２８" }, "geometry": { "type": "Point", "coordinates": [ 137.161462, 36.66199 ] } },
{ "type": "Feature", "properties": { "ID": 1633161830328, "正式名称": "羽岡歯科クリニック", "機関区分": 3, "都道府県コード": 16, "市区町村コード": 201, "所在地": "富山県富山市婦中町分田１８１－１", "緯度": 36.667212, "経度": 137.182321, "url": "https://www.iryou.teikyouseido.mhlw.go.jp/znk-web/juminkanja/S2430/initialize?prefCd=16&kikanCd=3161830328&kikanKbn=3", "url2": "http://www.81483.jp/dental/details/BA645338.html", "内容": "羽岡歯科クリニック【3:歯科】富山県富山市婦中町分田１８１－１" }, "geometry": { "type": "Point", "coordinates": [ 137.182321, 36.667212 ] } },
{ "type": "Feature", "properties": { "ID": 1633161830336, "正式名称": "つかだ歯科医院", "機関区分": 3, "都道府県コード": 16, "市区町村コード": 201, "所在地": "富山県富山市八尾町黒田２３－５", "緯度": 36.603023, "経度": 137.153632, "url": "https://www.iryou.teikyouseido.mhlw.go.jp/znk-web/juminkanja/S2430/initialize?prefCd=16&kikanCd=3161830336&kikanKbn=3", "url2": null, "内容": "つかだ歯科医院【3:歯科】富山県富山市八尾町黒田２３－５" }, "geometry": { "type": "Point", "coordinates": [ 137.153632, 36.603023 ] } },
{ "type": "Feature", "properties": { "ID": 1633161930086, "正式名称": "黒川歯科医院", "機関区分": 3, "都道府県コード": 16, "市区町村コード": 211, "所在地": "富山県射水市中太閤山４－４４", "緯度": 36.701817, "経度": 137.093132, "url": "https://www.iryou.teikyouseido.mhlw.go.jp/znk-web/juminkanja/S2430/initialize?prefCd=16&kikanCd=3161930086&kikanKbn=3", "url2": null, "内容": "黒川歯科医院【3:歯科】富山県射水市中太閤山４－４４" }, "geometry": { "type": "Point", "coordinates": [ 137.093132, 36.701817 ] } },
{ "type": "Feature", "properties": { "ID": 1633161930102, "正式名称": "岩井歯科医院", "機関区分": 3, "都道府県コード": 16, "市区町村コード": 211, "所在地": "富山県射水市北野１５５８－８", "緯度": 36.712372, "経度": 137.09952, "url": "https://www.iryou.teikyouseido.mhlw.go.jp/znk-web/juminkanja/S2430/initialize?prefCd=16&kikanCd=3161930102&kikanKbn=3", "url2": null, "内容": "岩井歯科医院【3:歯科】富山県射水市北野１５５８－８" }, "geometry": { "type": "Point", "coordinates": [ 137.09952, 36.712372 ] } },
{ "type": "Feature", "properties": { "ID": 1633161930144, "正式名称": "石川歯科クリニック", "機関区分": 3, "都道府県コード": 16, "市区町村コード": 211, "所在地": "富山県射水市南太閤山３－４－３", "緯度": 36.69704, "経度": 137.092577, "url": "https://www.iryou.teikyouseido.mhlw.go.jp/znk-web/juminkanja/S2430/initialize?prefCd=16&kikanCd=3161930144&kikanKbn=3", "url2": null, "内容": "石川歯科クリニック【3:歯科】富山県射水市南太閤山３－４－３" }, "geometry": { "type": "Point", "coordinates": [ 137.092577, 36.69704 ] } },
{ "type": "Feature", "properties": { "ID": 1633161930151, "正式名称": "大谷歯科医院", "機関区分": 3, "都道府県コード": 16, "市区町村コード": 211, "所在地": "富山県射水市戸破１７５０－１", "緯度": 36.715733, "経度": 137.095548, "url": "https://www.iryou.teikyouseido.mhlw.go.jp/znk-web/juminkanja/S2430/initialize?prefCd=16&kikanCd=3161930151&kikanKbn=3", "url2": "http://www.dent-ohtani.jp", "内容": "大谷歯科医院【3:歯科】富山県射水市戸破１７５０－１" }, "geometry": { "type": "Point", "coordinates": [ 137.095548, 36.715733 ] } },
{ "type": "Feature", "properties": { "ID": 1633161930193, "正式名称": "清水歯科クリニック", "機関区分": 3, "都道府県コード": 16, "市区町村コード": 211, "所在地": "富山県射水市大門６２－３", "緯度": 36.73323, "経度": 137.049162, "url": "https://www.iryou.teikyouseido.mhlw.go.jp/znk-web/juminkanja/S2430/initialize?prefCd=16&kikanCd=3161930193&kikanKbn=3", "url2": null, "内容": "清水歯科クリニック【3:歯科】富山県射水市大門６２－３" }, "geometry": { "type": "Point", "coordinates": [ 137.049162, 36.73323 ] } },
{ "type": "Feature", "properties": { "ID": 1633161930235, "正式名称": "高畠歯科医院", "機関区分": 3, "都道府県コード": 16, "市区町村コード": 211, "所在地": "富山県射水市三ケ３３３６", "緯度": 36.722343, "経度": 137.094437, "url": "https://www.iryou.teikyouseido.mhlw.go.jp/znk-web/juminkanja/S2430/initialize?prefCd=16&kikanCd=3161930235&kikanKbn=3", "url2": null, "内容": "高畠歯科医院【3:歯科】富山県射水市三ケ３３３６" }, "geometry": { "type": "Point", "coordinates": [ 137.094437, 36.722343 ] } },
{ "type": "Feature", "properties": { "ID": 1633161930250, "正式名称": "イワオ歯科医院", "機関区分": 3, "都道府県コード": 16, "市区町村コード": 211, "所在地": "富山県射水市三ケ２７２５－４", "緯度": 36.716344, "経度": 137.091326, "url": "https://www.iryou.teikyouseido.mhlw.go.jp/znk-web/juminkanja/S2430/initialize?prefCd=16&kikanCd=3161930250&kikanKbn=3", "url2": null, "内容": "イワオ歯科医院【3:歯科】富山県射水市三ケ２７２５－４" }, "geometry": { "type": "Point", "coordinates": [ 137.091326, 36.716344 ] } },
{ "type": "Feature", "properties": { "ID": 1633161930284, "正式名称": "おくむら歯科医院", "機関区分": 3, "都道府県コード": 16, "市区町村コード": 211, "所在地": "富山県射水市小島３７８４", "緯度": 36.73773, "経度": 137.062022, "url": "https://www.iryou.teikyouseido.mhlw.go.jp/znk-web/juminkanja/S2430/initialize?prefCd=16&kikanCd=3161930284&kikanKbn=3", "url2": null, "内容": "おくむら歯科医院【3:歯科】富山県射水市小島３７８４" }, "geometry": { "type": "Point", "coordinates": [ 137.062022, 36.73773 ] } },
{ "type": "Feature", "properties": { "ID": 1633161930292, "正式名称": "なかおき歯科医院", "機関区分": 3, "都道府県コード": 16, "市区町村コード": 211, "所在地": "富山県射水市戸破１０１８－１", "緯度": 36.711483, "経度": 137.103909, "url": "https://www.iryou.teikyouseido.mhlw.go.jp/znk-web/juminkanja/S2430/initialize?prefCd=16&kikanCd=3161930292&kikanKbn=3", "url2": "http://nakaokishika.com/", "内容": "なかおき歯科医院【3:歯科】富山県射水市戸破１０１８－１" }, "geometry": { "type": "Point", "coordinates": [ 137.103909, 36.711483 ] } },
{ "type": "Feature", "properties": { "ID": 1633161930300, "正式名称": "わだ歯科医院", "機関区分": 3, "都道府県コード": 16, "市区町村コード": 211, "所在地": "富山県射水市手崎１５９１－７", "緯度": 36.718955, "経度": 137.105547, "url": "https://www.iryou.teikyouseido.mhlw.go.jp/znk-web/juminkanja/S2430/initialize?prefCd=16&kikanCd=3161930300&kikanKbn=3", "url2": "http://www.wadadc.com/", "内容": "わだ歯科医院【3:歯科】富山県射水市手崎１５９１－７" }, "geometry": { "type": "Point", "coordinates": [ 137.105547, 36.718955 ] } },
{ "type": "Feature", "properties": { "ID": 1633161930342, "正式名称": "たいとう歯科医院", "機関区分": 3, "都道府県コード": 16, "市区町村コード": 211, "所在地": "富山県射水市太閤山１－９２－２", "緯度": 36.709705, "経度": 137.094243, "url": "https://www.iryou.teikyouseido.mhlw.go.jp/znk-web/juminkanja/S2430/initialize?prefCd=16&kikanCd=3161930342&kikanKbn=3", "url2": null, "内容": "たいとう歯科医院【3:歯科】富山県射水市太閤山１－９２－２" }, "geometry": { "type": "Point", "coordinates": [ 137.094243, 36.709705 ] } },
{ "type": "Feature", "properties": { "ID": 1633161930359, "正式名称": "さの小児歯科医院", "機関区分": 3, "都道府県コード": 16, "市区町村コード": 211, "所在地": "富山県射水市三ケ２４３６－２", "緯度": 36.716205, "経度": 137.08691, "url": "https://www.iryou.teikyouseido.mhlw.go.jp/znk-web/juminkanja/S2430/initialize?prefCd=16&kikanCd=3161930359&kikanKbn=3", "url2": null, "内容": "さの小児歯科医院【3:歯科】富山県射水市三ケ２４３６－２" }, "geometry": { "type": "Point", "coordinates": [ 137.08691, 36.716205 ] } },
{ "type": "Feature", "properties": { "ID": 1633161930383, "正式名称": "わたなべ歯科クリニック", "機関区分": 3, "都道府県コード": 16, "市区町村コード": 211, "所在地": "富山県射水市大島北野４９－１９", "緯度": 36.744451, "経度": 137.051884, "url": "https://www.iryou.teikyouseido.mhlw.go.jp/znk-web/juminkanja/S2430/initialize?prefCd=16&kikanCd=3161930383&kikanKbn=3", "url2": null, "内容": "わたなべ歯科クリニック【3:歯科】富山県射水市大島北野４９－１９" }, "geometry": { "type": "Point", "coordinates": [ 137.051884, 36.744451 ] } },
{ "type": "Feature", "properties": { "ID": 1633161930391, "正式名称": "たちなみ歯科口腔外科クリニック", "機関区分": 3, "都道府県コード": 16, "市区町村コード": 211, "所在地": "富山県射水市戸破３９５５－１", "緯度": 36.723684, "経度": 137.102604, "url": "https://www.iryou.teikyouseido.mhlw.go.jp/znk-web/juminkanja/S2430/initialize?prefCd=16&kikanCd=3161930391&kikanKbn=3", "url2": "http://www.tach-dent.com/", "内容": "たちなみ歯科口腔外科クリニック【3:歯科】富山県射水市戸破３９５５－１" }, "geometry": { "type": "Point", "coordinates": [ 137.102604, 36.723684 ] } },
{ "type": "Feature", "properties": { "ID": 1633161930409, "正式名称": "三島歯科医院", "機関区分": 3, "都道府県コード": 16, "市区町村コード": 211, "所在地": "富山県射水市二口２３６４", "緯度": 36.727855, "経度": 137.048671, "url": "https://www.iryou.teikyouseido.mhlw.go.jp/znk-web/juminkanja/S2430/initialize?prefCd=16&kikanCd=3161930409&kikanKbn=3", "url2": null, "内容": "三島歯科医院【3:歯科】富山県射水市二口２３６４" }, "geometry": { "type": "Point", "coordinates": [ 137.048671, 36.727855 ] } },
{ "type": "Feature", "properties": { "ID": 1633161930417, "正式名称": "ほたる野歯科医院", "機関区分": 3, "都道府県コード": 16, "市区町村コード": 211, "所在地": "富山県射水市広上３２０－１２", "緯度": 36.703677, "経度": 137.02711, "url": "https://www.iryou.teikyouseido.mhlw.go.jp/znk-web/juminkanja/S2430/initialize?prefCd=16&kikanCd=3161930417&kikanKbn=3", "url2": "http://www.dentalsate.info/", "内容": "ほたる野歯科医院【3:歯科】富山県射水市広上３２０－１２" }, "geometry": { "type": "Point", "coordinates": [ 137.02711, 36.703677 ] } },
{ "type": "Feature", "properties": { "ID": 1633161930557, "正式名称": "やまざき歯科医院", "機関区分": 3, "都道府県コード": 16, "市区町村コード": 211, "所在地": "富山県射水市二口４３８－１", "緯度": 36.730869, "経度": 137.049635, "url": "https://www.iryou.teikyouseido.mhlw.go.jp/znk-web/juminkanja/S2430/initialize?prefCd=16&kikanCd=3161930557&kikanKbn=3", "url2": "http://www.yamazaki-7748.com/", "内容": "やまざき歯科医院【3:歯科】富山県射水市二口４３８－１" }, "geometry": { "type": "Point", "coordinates": [ 137.049635, 36.730869 ] } },
{ "type": "Feature", "properties": { "ID": 1633161930565, "正式名称": "嶋歯科クリニック", "機関区分": 3, "都道府県コード": 16, "市区町村コード": 211, "所在地": "富山県射水市中太閤山１５－１０－２", "緯度": 36.704512, "経度": 137.09591, "url": "https://www.iryou.teikyouseido.mhlw.go.jp/znk-web/juminkanja/S2430/initialize?prefCd=16&kikanCd=3161930565&kikanKbn=3", "url2": "http://www.shima-shika.net/", "内容": "嶋歯科クリニック【3:歯科】富山県射水市中太閤山１５－１０－２" }, "geometry": { "type": "Point", "coordinates": [ 137.09591, 36.704512 ] } },
{ "type": "Feature", "properties": { "ID": 1633161930706, "正式名称": "なかしまスマイル歯科", "機関区分": 3, "都道府県コード": 16, "市区町村コード": 211, "所在地": "富山県射水市小島６４９－１", "緯度": 36.733534, "経度": 137.063665, "url": "https://www.iryou.teikyouseido.mhlw.go.jp/znk-web/juminkanja/S2430/initialize?prefCd=16&kikanCd=3161930706&kikanKbn=3", "url2": "https://nakashima-smile.com/", "内容": "なかしまスマイル歯科【3:歯科】富山県射水市小島６４９－１" }, "geometry": { "type": "Point", "coordinates": [ 137.063665, 36.733534 ] } },
{ "type": "Feature", "properties": { "ID": 1633162030092, "正式名称": "中尾歯科医院", "機関区分": 3, "都道府県コード": 16, "市区町村コード": 210, "所在地": "富山県南砺市やかた１１番地", "緯度": 36.591687, "経度": 136.919874, "url": "https://www.iryou.teikyouseido.mhlw.go.jp/znk-web/juminkanja/S2430/initialize?prefCd=16&kikanCd=3162030092&kikanKbn=3", "url2": null, "内容": "中尾歯科医院【3:歯科】富山県南砺市やかた１１番地" }, "geometry": { "type": "Point", "coordinates": [ 136.919874, 36.591687 ] } },
{ "type": "Feature", "properties": { "ID": 1633162030126, "正式名称": "林歯科医院", "機関区分": 3, "都道府県コード": 16, "市区町村コード": 210, "所在地": "富山県南砺市井波２００３", "緯度": 36.565163, "経度": 136.973621, "url": "https://www.iryou.teikyouseido.mhlw.go.jp/znk-web/juminkanja/S2430/initialize?prefCd=16&kikanCd=3162030126&kikanKbn=3", "url2": "http://www.entranceshika.jp/hayashishika/", "内容": "林歯科医院【3:歯科】富山県南砺市井波２００３" }, "geometry": { "type": "Point", "coordinates": [ 136.973621, 36.565163 ] } },
{ "type": "Feature", "properties": { "ID": 1633162030167, "正式名称": "山本武夫歯科医院", "機関区分": 3, "都道府県コード": 16, "市区町村コード": 210, "所在地": "富山県南砺市山見１１３４－１", "緯度": 36.569913, "経度": 136.975454, "url": "https://www.iryou.teikyouseido.mhlw.go.jp/znk-web/juminkanja/S2430/initialize?prefCd=16&kikanCd=3162030167&kikanKbn=3", "url2": "http://www.f-take.com", "内容": "山本武夫歯科医院【3:歯科】富山県南砺市山見１１３４－１" }, "geometry": { "type": "Point", "coordinates": [ 136.975454, 36.569913 ] } },
{ "type": "Feature", "properties": { "ID": 1633162030175, "正式名称": "村井歯科医院", "機関区分": 3, "都道府県コード": 16, "市区町村コード": 208, "所在地": "富山県砺波市庄川町青島６５８－１７", "緯度": 36.581606, "経度": 136.982314, "url": "https://www.iryou.teikyouseido.mhlw.go.jp/znk-web/juminkanja/S2430/initialize?prefCd=16&kikanCd=3162030175&kikanKbn=3", "url2": null, "内容": "村井歯科医院【3:歯科】富山県砺波市庄川町青島６５８－１７" }, "geometry": { "type": "Point", "coordinates": [ 136.982314, 36.581606 ] } },
{ "type": "Feature", "properties": { "ID": 1633162030183, "正式名称": "山本歯科クリニック", "機関区分": 3, "都道府県コード": 16, "市区町村コード": 210, "所在地": "富山県南砺市井波２０７７－１", "緯度": 36.563141, "経度": 136.972616, "url": "https://www.iryou.teikyouseido.mhlw.go.jp/znk-web/juminkanja/S2430/initialize?prefCd=16&kikanCd=3162030183&kikanKbn=3", "url2": null, "内容": "山本歯科クリニック【3:歯科】富山県南砺市井波２０７７－１" }, "geometry": { "type": "Point", "coordinates": [ 136.972616, 36.563141 ] } },
{ "type": "Feature", "properties": { "ID": 1633162030209, "正式名称": "山本歯科医院", "機関区分": 3, "都道府県コード": 16, "市区町村コード": 210, "所在地": "富山県南砺市寺家３３５", "緯度": 36.585938, "経度": 136.915486, "url": "https://www.iryou.teikyouseido.mhlw.go.jp/znk-web/juminkanja/S2430/initialize?prefCd=16&kikanCd=3162030209&kikanKbn=3", "url2": null, "内容": "山本歯科医院【3:歯科】富山県南砺市寺家３３５" }, "geometry": { "type": "Point", "coordinates": [ 136.915486, 36.585938 ] } },
{ "type": "Feature", "properties": { "ID": 1633162030233, "正式名称": "北川歯科医院", "機関区分": 3, "都道府県コード": 16, "市区町村コード": 210, "所在地": "富山県南砺市寺家新屋敷４７２－３", "緯度": 36.594492, "経度": 136.91493, "url": "https://www.iryou.teikyouseido.mhlw.go.jp/znk-web/juminkanja/S2430/initialize?prefCd=16&kikanCd=3162030233&kikanKbn=3", "url2": null, "内容": "北川歯科医院【3:歯科】富山県南砺市寺家新屋敷４７２－３" }, "geometry": { "type": "Point", "coordinates": [ 136.91493, 36.594492 ] } },
{ "type": "Feature", "properties": { "ID": 1633162030241, "正式名称": "細川歯科医院", "機関区分": 3, "都道府県コード": 16, "市区町村コード": 210, "所在地": "富山県南砺市北野２０１２－３", "緯度": 36.520028, "経度": 136.909934, "url": "https://www.iryou.teikyouseido.mhlw.go.jp/znk-web/juminkanja/S2430/initialize?prefCd=16&kikanCd=3162030241&kikanKbn=3", "url2": "http://hosokawa-shika.com/", "内容": "細川歯科医院【3:歯科】富山県南砺市北野２０１２－３" }, "geometry": { "type": "Point", "coordinates": [ 136.909934, 36.520028 ] } },
{ "type": "Feature", "properties": { "ID": 1633162030282, "正式名称": "仲村歯科医院", "機関区分": 3, "都道府県コード": 16, "市区町村コード": 210, "所在地": "富山県南砺市福野１２４８", "緯度": 36.593826, "経度": 136.924651, "url": "https://www.iryou.teikyouseido.mhlw.go.jp/znk-web/juminkanja/S2430/initialize?prefCd=16&kikanCd=3162030282&kikanKbn=3", "url2": null, "内容": "仲村歯科医院【3:歯科】富山県南砺市福野１２４８" }, "geometry": { "type": "Point", "coordinates": [ 136.924651, 36.593826 ] } },
{ "type": "Feature", "properties": { "ID": 1633162030308, "正式名称": "エントランス歯科", "機関区分": 3, "都道府県コード": 16, "市区町村コード": 208, "所在地": "富山県砺波市庄川町青島１８８－３", "緯度": 36.576107, "経度": 136.984925, "url": "https://www.iryou.teikyouseido.mhlw.go.jp/znk-web/juminkanja/S2430/initialize?prefCd=16&kikanCd=3162030308&kikanKbn=3", "url2": "http://www.entranceshika.jp/", "内容": "エントランス歯科【3:歯科】富山県砺波市庄川町青島１８８－３" }, "geometry": { "type": "Point", "coordinates": [ 136.984925, 36.576107 ] } },
{ "type": "Feature", "properties": { "ID": 1633162130090, "正式名称": "しまだ歯科医院", "機関区分": 3, "都道府県コード": 16, "市区町村コード": 202, "所在地": "富山県高岡市福岡町下蓑２１４２", "緯度": 36.711564, "経度": 136.933756, "url": "https://www.iryou.teikyouseido.mhlw.go.jp/znk-web/juminkanja/S2430/initialize?prefCd=16&kikanCd=3162130090&kikanKbn=3", "url2": "http://www.simada-dc.com/", "内容": "しまだ歯科医院【3:歯科】富山県高岡市福岡町下蓑２１４２" }, "geometry": { "type": "Point", "coordinates": [ 136.933756, 36.711564 ] } },
{ "type": "Feature", "properties": { "ID": 1633162130157, "正式名称": "得能歯科医院", "機関区分": 3, "都道府県コード": 16, "市区町村コード": 210, "所在地": "富山県南砺市荒木１３０４－１", "緯度": 36.557107, "経度": 136.880184, "url": "https://www.iryou.teikyouseido.mhlw.go.jp/znk-web/juminkanja/S2430/initialize?prefCd=16&kikanCd=3162130157&kikanKbn=3", "url2": "https://tokunoudental.web.fc2.com/", "内容": "得能歯科医院【3:歯科】富山県南砺市荒木１３０４－１" }, "geometry": { "type": "Point", "coordinates": [ 136.880184, 36.557107 ] } },
{ "type": "Feature", "properties": { "ID": 1633162130165, "正式名称": "成瀬歯科医院", "機関区分": 3, "都道府県コード": 16, "市区町村コード": 210, "所在地": "富山県南砺市福光１３８０－１", "緯度": 36.557995, "経度": 136.870324, "url": "https://www.iryou.teikyouseido.mhlw.go.jp/znk-web/juminkanja/S2430/initialize?prefCd=16&kikanCd=3162130165&kikanKbn=3", "url2": "https://naruseshika.jp", "内容": "成瀬歯科医院【3:歯科】富山県南砺市福光１３８０－１" }, "geometry": { "type": "Point", "coordinates": [ 136.870324, 36.557995 ] } },
{ "type": "Feature", "properties": { "ID": 1633162130173, "正式名称": "ふかだ歯科医院", "機関区分": 3, "都道府県コード": 16, "市区町村コード": 202, "所在地": "富山県高岡市福岡町大滝３１１－３", "緯度": 36.705564, "経度": 136.925035, "url": "https://www.iryou.teikyouseido.mhlw.go.jp/znk-web/juminkanja/S2430/initialize?prefCd=16&kikanCd=3162130173&kikanKbn=3", "url2": null, "内容": "ふかだ歯科医院【3:歯科】富山県高岡市福岡町大滝３１１－３" }, "geometry": { "type": "Point", "coordinates": [ 136.925035, 36.705564 ] } },
{ "type": "Feature", "properties": { "ID": 1633162130207, "正式名称": "さくらの木歯科", "機関区分": 3, "都道府県コード": 16, "市区町村コード": 202, "所在地": "富山県高岡市福岡町下蓑新４２６－２", "緯度": 36.708369, "経度": 136.93059, "url": "https://www.iryou.teikyouseido.mhlw.go.jp/znk-web/juminkanja/S2430/initialize?prefCd=16&kikanCd=3162130207&kikanKbn=3", "url2": "https://www.sakuranokishika-fukuokamachi.com/", "内容": "さくらの木歯科【3:歯科】富山県高岡市福岡町下蓑新４２６－２" }, "geometry": { "type": "Point", "coordinates": [ 136.93059, 36.708369 ] } },
{ "type": "Feature", "properties": { "ID": 1633163000010, "正式名称": "医療法人社団クリニカエボリューション　城東歯科医院", "機関区分": 3, "都道府県コード": 16, "市区町村コード": 202, "所在地": "富山県高岡市城東１－９－２４", "緯度": 36.744589, "経度": 137.029802, "url": "https://www.iryou.teikyouseido.mhlw.go.jp/znk-web/juminkanja/S2430/initialize?prefCd=16&kikanCd=3163000010&kikanKbn=3", "url2": null, "内容": "医療法人社団クリニカエボリューション　城東歯科医院【3:歯科】富山県高岡市城東１－９－２４" }, "geometry": { "type": "Point", "coordinates": [ 137.029802, 36.744589 ] } },
{ "type": "Feature", "properties": { "ID": 1633163000012, "正式名称": "ほほえみ歯科", "機関区分": 3, "都道府県コード": 16, "市区町村コード": 210, "所在地": "富山県南砺市二日町２１８０－１", "緯度": 36.597381, "経度": 136.919818, "url": "https://www.iryou.teikyouseido.mhlw.go.jp/znk-web/juminkanja/S2430/initialize?prefCd=16&kikanCd=3163000012&kikanKbn=3", "url2": null, "内容": "ほほえみ歯科【3:歯科】富山県南砺市二日町２１８０－１" }, "geometry": { "type": "Point", "coordinates": [ 136.919818, 36.597381 ] } },
{ "type": "Feature", "properties": { "ID": 1633163000050, "正式名称": "佐渡歯科医院", "機関区分": 3, "都道府県コード": 16, "市区町村コード": 321, "所在地": "富山県中新川郡舟橋村竹内４３０－５", "緯度": 36.705293, "経度": 137.306309, "url": "https://www.iryou.teikyouseido.mhlw.go.jp/znk-web/juminkanja/S2430/initialize?prefCd=16&kikanCd=3163000050&kikanKbn=3", "url2": null, "内容": "佐渡歯科医院【3:歯科】富山県中新川郡舟橋村竹内４３０－５" }, "geometry": { "type": "Point", "coordinates": [ 137.306309, 36.705293 ] } },
{ "type": "Feature", "properties": { "ID": 1633163000051, "正式名称": "デンタルオフィスＲＩＳＥＩ", "機関区分": 3, "都道府県コード": 16, "市区町村コード": 211, "所在地": "富山県射水市三ケ８３５", "緯度": 36.726093, "経度": 137.092576, "url": "https://www.iryou.teikyouseido.mhlw.go.jp/znk-web/juminkanja/S2430/initialize?prefCd=16&kikanCd=3163000051&kikanKbn=3", "url2": "http://www.rakusankai.com/", "内容": "デンタルオフィスＲＩＳＥＩ【3:歯科】富山県射水市三ケ８３５" }, "geometry": { "type": "Point", "coordinates": [ 137.092576, 36.726093 ] } },
{ "type": "Feature", "properties": { "ID": 1633163000053, "正式名称": "福田歯科医院", "機関区分": 3, "都道府県コード": 16, "市区町村コード": 201, "所在地": "富山県富山市大泉本町１丁目１２－１２", "緯度": 36.676795, "経度": 137.224095, "url": "https://www.iryou.teikyouseido.mhlw.go.jp/znk-web/juminkanja/S2430/initialize?prefCd=16&kikanCd=3163000053&kikanKbn=3", "url2": "https://www.fukudadental.net", "内容": "福田歯科医院【3:歯科】富山県富山市大泉本町１丁目１２－１２" }, "geometry": { "type": "Point", "coordinates": [ 137.224095, 36.676795 ] } },
{ "type": "Feature", "properties": { "ID": 1633163000054, "正式名称": "医療法人社団　新堂歯科診療所", "機関区分": 3, "都道府県コード": 16, "市区町村コード": 207, "所在地": "富山県黒部市新堂５３－２", "緯度": 36.873666, "経度": 137.449011, "url": "https://www.iryou.teikyouseido.mhlw.go.jp/znk-web/juminkanja/S2430/initialize?prefCd=16&kikanCd=3163000054&kikanKbn=3", "url2": null, "内容": "医療法人社団　新堂歯科診療所【3:歯科】富山県黒部市新堂５３－２" }, "geometry": { "type": "Point", "coordinates": [ 137.449011, 36.873666 ] } },
{ "type": "Feature", "properties": { "ID": 1633163000055, "正式名称": "たけもと歯科クリニック", "機関区分": 3, "都道府県コード": 16, "市区町村コード": 201, "所在地": "富山県富山市有沢１９５－１", "緯度": 36.681627, "経度": 137.189181, "url": "https://www.iryou.teikyouseido.mhlw.go.jp/znk-web/juminkanja/S2430/initialize?prefCd=16&kikanCd=3163000055&kikanKbn=3", "url2": null, "内容": "たけもと歯科クリニック【3:歯科】富山県富山市有沢１９５－１" }, "geometry": { "type": "Point", "coordinates": [ 137.189181, 36.681627 ] } },
{ "type": "Feature", "properties": { "ID": 1633163000056, "正式名称": "たかた歯科医院", "機関区分": 3, "都道府県コード": 16, "市区町村コード": 201, "所在地": "富山県富山市金屋３８３４", "緯度": 36.693542, "経度": 137.168793, "url": "https://www.iryou.teikyouseido.mhlw.go.jp/znk-web/juminkanja/S2430/initialize?prefCd=16&kikanCd=3163000056&kikanKbn=3", "url2": "http://www.takata-dental.com", "内容": "たかた歯科医院【3:歯科】富山県富山市金屋３８３４" }, "geometry": { "type": "Point", "coordinates": [ 137.168793, 36.693542 ] } },
{ "type": "Feature", "properties": { "ID": 1633163000057, "正式名称": "夢ケ丘デンタルクリニック", "機関区分": 3, "都道府県コード": 16, "市区町村コード": 201, "所在地": "富山県富山市婦中町夢ケ丘２１９", "緯度": 36.677127, "経度": 137.172377, "url": "https://www.iryou.teikyouseido.mhlw.go.jp/znk-web/juminkanja/S2430/initialize?prefCd=16&kikanCd=3163000057&kikanKbn=3", "url2": "http://www.yumegaoka-dc.com/", "内容": "夢ケ丘デンタルクリニック【3:歯科】富山県富山市婦中町夢ケ丘２１９" }, "geometry": { "type": "Point", "coordinates": [ 137.172377, 36.677127 ] } },
{ "type": "Feature", "properties": { "ID": 1633163000058, "正式名称": "ふくしま矯正歯科", "機関区分": 3, "都道府県コード": 16, "市区町村コード": 201, "所在地": "富山県富山市花園町３－２－５", "緯度": 36.680488, "経度": 137.210235, "url": "https://www.iryou.teikyouseido.mhlw.go.jp/znk-web/juminkanja/S2430/initialize?prefCd=16&kikanCd=3163000058&kikanKbn=3", "url2": null, "内容": "ふくしま矯正歯科【3:歯科】富山県富山市花園町３－２－５" }, "geometry": { "type": "Point", "coordinates": [ 137.210235, 36.680488 ] } },
{ "type": "Feature", "properties": { "ID": 1633163000059, "正式名称": "ハミング歯科", "機関区分": 3, "都道府県コード": 16, "市区町村コード": 210, "所在地": "富山県南砺市福光８３０－２", "緯度": 36.557218, "経度": 136.86613, "url": "https://www.iryou.teikyouseido.mhlw.go.jp/znk-web/juminkanja/S2430/initialize?prefCd=16&kikanCd=3163000059&kikanKbn=3", "url2": null, "内容": "ハミング歯科【3:歯科】富山県南砺市福光８３０－２" }, "geometry": { "type": "Point", "coordinates": [ 136.86613, 36.557218 ] } },
{ "type": "Feature", "properties": { "ID": 1633163000060, "正式名称": "矯正歯科やまぎしクリニック", "機関区分": 3, "都道府県コード": 16, "市区町村コード": 211, "所在地": "富山県射水市戸破３５２１－１", "緯度": 36.723177, "経度": 137.107876, "url": "https://www.iryou.teikyouseido.mhlw.go.jp/znk-web/juminkanja/S2430/initialize?prefCd=16&kikanCd=3163000060&kikanKbn=3", "url2": "http://yamagishi-c.com", "内容": "矯正歯科やまぎしクリニック【3:歯科】富山県射水市戸破３５２１－１" }, "geometry": { "type": "Point", "coordinates": [ 137.107876, 36.723177 ] } },
{ "type": "Feature", "properties": { "ID": 1633163000067, "正式名称": "ふじた歯科医院", "機関区分": 3, "都道府県コード": 16, "市区町村コード": 201, "所在地": "富山県富山市下大久保１１４６－１", "緯度": 36.614468, "経度": 137.208988, "url": "https://www.iryou.teikyouseido.mhlw.go.jp/znk-web/juminkanja/S2430/initialize?prefCd=16&kikanCd=3163000067&kikanKbn=3", "url2": null, "内容": "ふじた歯科医院【3:歯科】富山県富山市下大久保１１４６－１" }, "geometry": { "type": "Point", "coordinates": [ 137.208988, 36.614468 ] } },
{ "type": "Feature", "properties": { "ID": 1633163000068, "正式名称": "リプラスデンタルクリニック", "機関区分": 3, "都道府県コード": 16, "市区町村コード": 204, "所在地": "富山県魚津市上村木１－７－１２", "緯度": 36.823338, "経度": 137.410989, "url": "https://www.iryou.teikyouseido.mhlw.go.jp/znk-web/juminkanja/S2430/initialize?prefCd=16&kikanCd=3163000068&kikanKbn=3", "url2": "http://www.replus-dc.com/", "内容": "リプラスデンタルクリニック【3:歯科】富山県魚津市上村木１－７－１２" }, "geometry": { "type": "Point", "coordinates": [ 137.410989, 36.823338 ] } },
{ "type": "Feature", "properties": { "ID": 1633163000071, "正式名称": "大学前歯科", "機関区分": 3, "都道府県コード": 16, "市区町村コード": 201, "所在地": "富山県富山市五福５区３３８６", "緯度": 36.701467, "経度": 137.188508, "url": "https://www.iryou.teikyouseido.mhlw.go.jp/znk-web/juminkanja/S2430/initialize?prefCd=16&kikanCd=3163000071&kikanKbn=3", "url2": "http://www.daigakumaesika.jp", "内容": "大学前歯科【3:歯科】富山県富山市五福５区３３８６" }, "geometry": { "type": "Point", "coordinates": [ 137.188508, 36.701467 ] } },
{ "type": "Feature", "properties": { "ID": 1633163000072, "正式名称": "とやま総合歯科・矯正歯科クリニック", "機関区分": 3, "都道府県コード": 16, "市区町村コード": 201, "所在地": "富山県富山市荒川５丁目１番１", "緯度": 36.696179, "経度": 137.250871, "url": "https://www.iryou.teikyouseido.mhlw.go.jp/znk-web/juminkanja/S2430/initialize?prefCd=16&kikanCd=3163000072&kikanKbn=3", "url2": "http://www.kdn-dc.com", "内容": "とやま総合歯科・矯正歯科クリニック【3:歯科】富山県富山市荒川５丁目１番１" }, "geometry": { "type": "Point", "coordinates": [ 137.250871, 36.696179 ] } },
{ "type": "Feature", "properties": { "ID": 1633163000073, "正式名称": "はぎなか歯科クリニック", "機関区分": 3, "都道府県コード": 16, "市区町村コード": 201, "所在地": "富山県富山市星井町２－７－３９　泉ビル　３Ｆ", "緯度": 36.68446, "経度": 137.21329, "url": "https://www.iryou.teikyouseido.mhlw.go.jp/znk-web/juminkanja/S2430/initialize?prefCd=16&kikanCd=3163000073&kikanKbn=3", "url2": "http://haginaka-shika.net/", "内容": "はぎなか歯科クリニック【3:歯科】富山県富山市星井町２－７－３９　泉ビル　３Ｆ" }, "geometry": { "type": "Point", "coordinates": [ 137.21329, 36.68446 ] } },
{ "type": "Feature", "properties": { "ID": 1633163000074, "正式名称": "たかた矯正歯科クリニック", "機関区分": 3, "都道府県コード": 16, "市区町村コード": 202, "所在地": "富山県高岡市京田１２４－６", "緯度": 36.729785, "経度": 137.013915, "url": "https://www.iryou.teikyouseido.mhlw.go.jp/znk-web/juminkanja/S2430/initialize?prefCd=16&kikanCd=3163000074&kikanKbn=3", "url2": "http://www4.nsk.ne.jp/takatas/", "内容": "たかた矯正歯科クリニック【3:歯科】富山県高岡市京田１２４－６" }, "geometry": { "type": "Point", "coordinates": [ 137.013915, 36.729785 ] } },
{ "type": "Feature", "properties": { "ID": 1633163000076, "正式名称": "加積野歯科医院", "機関区分": 3, "都道府県コード": 16, "市区町村コード": 204, "所在地": "富山県魚津市吉島３８－１", "緯度": 36.82706, "経度": 137.412239, "url": "https://www.iryou.teikyouseido.mhlw.go.jp/znk-web/juminkanja/S2430/initialize?prefCd=16&kikanCd=3163000076&kikanKbn=3", "url2": "http://www.kazumino-dc.jp/", "内容": "加積野歯科医院【3:歯科】富山県魚津市吉島３８－１" }, "geometry": { "type": "Point", "coordinates": [ 137.412239, 36.82706 ] } },
{ "type": "Feature", "properties": { "ID": 1633163000078, "正式名称": "なでしこ台歯科", "機関区分": 3, "都道府県コード": 16, "市区町村コード": 211, "所在地": "富山県射水市鷲塚１１３－１８", "緯度": 36.723677, "経度": 137.119379, "url": "https://www.iryou.teikyouseido.mhlw.go.jp/znk-web/juminkanja/S2430/initialize?prefCd=16&kikanCd=3163000078&kikanKbn=3", "url2": null, "内容": "なでしこ台歯科【3:歯科】富山県射水市鷲塚１１３－１８" }, "geometry": { "type": "Point", "coordinates": [ 137.119379, 36.723677 ] } },
{ "type": "Feature", "properties": { "ID": 1633163000079, "正式名称": "羽田歯科医院", "機関区分": 3, "都道府県コード": 16, "市区町村コード": 204, "所在地": "富山県魚津市上村木２－７－１８", "緯度": 36.823338, "経度": 137.410989, "url": "https://www.iryou.teikyouseido.mhlw.go.jp/znk-web/juminkanja/S2430/initialize?prefCd=16&kikanCd=3163000079&kikanKbn=3", "url2": null, "内容": "羽田歯科医院【3:歯科】富山県魚津市上村木２－７－１８" }, "geometry": { "type": "Point", "coordinates": [ 137.410989, 36.823338 ] } },
{ "type": "Feature", "properties": { "ID": 1633163000080, "正式名称": "歯科ミントクリニック", "機関区分": 3, "都道府県コード": 16, "市区町村コード": 206, "所在地": "富山県滑川市柳原８５－１", "緯度": 36.766232, "経度": 137.354691, "url": "https://www.iryou.teikyouseido.mhlw.go.jp/znk-web/juminkanja/S2430/initialize?prefCd=16&kikanCd=3163000080&kikanKbn=3", "url2": "https://www.mint-clinic.jp/", "内容": "歯科ミントクリニック【3:歯科】富山県滑川市柳原８５－１" }, "geometry": { "type": "Point", "coordinates": [ 137.354691, 36.766232 ] } },
{ "type": "Feature", "properties": { "ID": 1633163000081, "正式名称": "医療法人社団　ほりかわ本郷歯科クリニック", "機関区分": 3, "都道府県コード": 16, "市区町村コード": 201, "所在地": "富山県富山市堀川本郷６０－１１３", "緯度": 36.657047, "経度": 137.23315, "url": "https://www.iryou.teikyouseido.mhlw.go.jp/znk-web/juminkanja/S2430/initialize?prefCd=16&kikanCd=3163000081&kikanKbn=3", "url2": "http://hh-shika.com/", "内容": "医療法人社団　ほりかわ本郷歯科クリニック【3:歯科】富山県富山市堀川本郷６０－１１３" }, "geometry": { "type": "Point", "coordinates": [ 137.23315, 36.657047 ] } },
{ "type": "Feature", "properties": { "ID": 1633163000082, "正式名称": "けん歯科クリニック", "機関区分": 3, "都道府県コード": 16, "市区町村コード": 201, "所在地": "富山県富山市飯野８－５", "緯度": 36.715867, "経度": 137.256878, "url": "https://www.iryou.teikyouseido.mhlw.go.jp/znk-web/juminkanja/S2430/initialize?prefCd=16&kikanCd=3163000082&kikanKbn=3", "url2": "http://nttbj.itp.ne.jp/0764716487/index.html", "内容": "けん歯科クリニック【3:歯科】富山県富山市飯野８－５" }, "geometry": { "type": "Point", "coordinates": [ 137.256878, 36.715867 ] } },
{ "type": "Feature", "properties": { "ID": 1633163000083, "正式名称": "石黒歯科医院", "機関区分": 3, "都道府県コード": 16, "市区町村コード": 201, "所在地": "富山県富山市下大久保１５４２－１", "緯度": 36.609052, "経度": 137.206933, "url": "https://www.iryou.teikyouseido.mhlw.go.jp/znk-web/juminkanja/S2430/initialize?prefCd=16&kikanCd=3163000083&kikanKbn=3", "url2": null, "内容": "石黒歯科医院【3:歯科】富山県富山市下大久保１５４２－１" }, "geometry": { "type": "Point", "coordinates": [ 137.206933, 36.609052 ] } },
{ "type": "Feature", "properties": { "ID": 1633163000084, "正式名称": "サン・デンタルクリニック", "機関区分": 3, "都道府県コード": 16, "市区町村コード": 201, "所在地": "富山県富山市西公文名町７－３３", "緯度": 36.683052, "経度": 137.229957, "url": "https://www.iryou.teikyouseido.mhlw.go.jp/znk-web/juminkanja/S2430/initialize?prefCd=16&kikanCd=3163000084&kikanKbn=3", "url2": "https://sundental.work", "内容": "サン・デンタルクリニック【3:歯科】富山県富山市西公文名町７－３３" }, "geometry": { "type": "Point", "coordinates": [ 137.229957, 36.683052 ] } },
{ "type": "Feature", "properties": { "ID": 1633163000086, "正式名称": "ふじい歯科医院", "機関区分": 3, "都道府県コード": 16, "市区町村コード": 202, "所在地": "富山県高岡市五十里１９２４－２", "緯度": 36.77478, "経度": 136.984166, "url": "https://www.iryou.teikyouseido.mhlw.go.jp/znk-web/juminkanja/S2430/initialize?prefCd=16&kikanCd=3163000086&kikanKbn=3", "url2": null, "内容": "ふじい歯科医院【3:歯科】富山県高岡市五十里１９２４－２" }, "geometry": { "type": "Point", "coordinates": [ 136.984166, 36.77478 ] } },
{ "type": "Feature", "properties": { "ID": 1633163000088, "正式名称": "医療法人社団　謙信会　ヒロ歯科クリニック", "機関区分": 3, "都道府県コード": 16, "市区町村コード": 201, "所在地": "富山県富山市館出町二丁目１番５号", "緯度": 36.694098, "経度": 137.230538, "url": "https://www.iryou.teikyouseido.mhlw.go.jp/znk-web/juminkanja/S2430/initialize?prefCd=16&kikanCd=3163000088&kikanKbn=3", "url2": null, "内容": "医療法人社団　謙信会　ヒロ歯科クリニック【3:歯科】富山県富山市館出町二丁目１番５号" }, "geometry": { "type": "Point", "coordinates": [ 137.230538, 36.694098 ] } },
{ "type": "Feature", "properties": { "ID": 1633163000091, "正式名称": "吉江歯科クリニック", "機関区分": 3, "都道府県コード": 16, "市区町村コード": 202, "所在地": "富山県高岡市赤祖父４７５－１", "緯度": 36.730174, "経度": 137.023581, "url": "https://www.iryou.teikyouseido.mhlw.go.jp/znk-web/juminkanja/S2430/initialize?prefCd=16&kikanCd=3163000091&kikanKbn=3", "url2": "http://www.yoshie-shika.jp/", "内容": "吉江歯科クリニック【3:歯科】富山県高岡市赤祖父４７５－１" }, "geometry": { "type": "Point", "coordinates": [ 137.023581, 36.730174 ] } },
{ "type": "Feature", "properties": { "ID": 1633163000092, "正式名称": "松浦歯科医院", "機関区分": 3, "都道府県コード": 16, "市区町村コード": 201, "所在地": "富山県富山市総曲輪二丁目４－１０", "緯度": 36.690932, "経度": 137.215206, "url": "https://www.iryou.teikyouseido.mhlw.go.jp/znk-web/juminkanja/S2430/initialize?prefCd=16&kikanCd=3163000092&kikanKbn=3", "url2": null, "内容": "松浦歯科医院【3:歯科】富山県富山市総曲輪二丁目４－１０" }, "geometry": { "type": "Point", "coordinates": [ 137.215206, 36.690932 ] } },
{ "type": "Feature", "properties": { "ID": 1633163000094, "正式名称": "西町岡田歯科", "機関区分": 3, "都道府県コード": 16, "市区町村コード": 201, "所在地": "富山県富山市太田口通り１－２－７", "緯度": 36.68871, "経度": 137.213623, "url": "https://www.iryou.teikyouseido.mhlw.go.jp/znk-web/juminkanja/S2430/initialize?prefCd=16&kikanCd=3163000094&kikanKbn=3", "url2": "http://www.okada-do.com", "内容": "西町岡田歯科【3:歯科】富山県富山市太田口通り１－２－７" }, "geometry": { "type": "Point", "coordinates": [ 137.213623, 36.68871 ] } },
{ "type": "Feature", "properties": { "ID": 1633163000096, "正式名称": "医療法人社団ＴＤＯほんごう歯科診療室", "機関区分": 3, "都道府県コード": 16, "市区町村コード": 204, "所在地": "富山県魚津市本江１３０９－１４", "緯度": 36.817838, "経度": 137.414378, "url": "https://www.iryou.teikyouseido.mhlw.go.jp/znk-web/juminkanja/S2430/initialize?prefCd=16&kikanCd=3163000096&kikanKbn=3", "url2": "http://www.hongo-shika.info", "内容": "医療法人社団ＴＤＯほんごう歯科診療室【3:歯科】富山県魚津市本江１３０９－１４" }, "geometry": { "type": "Point", "coordinates": [ 137.414378, 36.817838 ] } },
{ "type": "Feature", "properties": { "ID": 1633163000102, "正式名称": "まな歯科クリニック", "機関区分": 3, "都道府県コード": 16, "市区町村コード": 210, "所在地": "富山県南砺市城端１１１５－７", "緯度": 36.511074, "経度": 136.899888, "url": "https://www.iryou.teikyouseido.mhlw.go.jp/znk-web/juminkanja/S2430/initialize?prefCd=16&kikanCd=3163000102&kikanKbn=3", "url2": "www.manadental.jp", "内容": "まな歯科クリニック【3:歯科】富山県南砺市城端１１１５－７" }, "geometry": { "type": "Point", "coordinates": [ 136.899888, 36.511074 ] } },
{ "type": "Feature", "properties": { "ID": 1633163000103, "正式名称": "ひまわり歯科クリニック", "機関区分": 3, "都道府県コード": 16, "市区町村コード": 201, "所在地": "富山県富山市吉岡１１１－１", "緯度": 36.632494, "経度": 137.224834, "url": "https://www.iryou.teikyouseido.mhlw.go.jp/znk-web/juminkanja/S2430/initialize?prefCd=16&kikanCd=3163000103&kikanKbn=3", "url2": "https://himawari-d.clinic/", "内容": "ひまわり歯科クリニック【3:歯科】富山県富山市吉岡１１１－１" }, "geometry": { "type": "Point", "coordinates": [ 137.224834, 36.632494 ] } },
{ "type": "Feature", "properties": { "ID": 1633163000104, "正式名称": "かみふご歯科クリニック", "機関区分": 3, "都道府県コード": 16, "市区町村コード": 201, "所在地": "富山県富山市上冨居新町１１－１８", "緯度": 36.706576, "経度": 137.238313, "url": "https://www.iryou.teikyouseido.mhlw.go.jp/znk-web/juminkanja/S2430/initialize?prefCd=16&kikanCd=3163000104&kikanKbn=3", "url2": "https://kamifugo-dental.com", "内容": "かみふご歯科クリニック【3:歯科】富山県富山市上冨居新町１１－１８" }, "geometry": { "type": "Point", "coordinates": [ 137.238313, 36.706576 ] } },
{ "type": "Feature", "properties": { "ID": 1633163000105, "正式名称": "医療法人社団　坂東矯正歯科", "機関区分": 3, "都道府県コード": 16, "市区町村コード": 201, "所在地": "富山県富山市五艘１３８０－１", "緯度": 36.704525, "経度": 137.195968, "url": "https://www.iryou.teikyouseido.mhlw.go.jp/znk-web/juminkanja/S2430/initialize?prefCd=16&kikanCd=3163000105&kikanKbn=3", "url2": "http://ban-or.com/", "内容": "医療法人社団　坂東矯正歯科【3:歯科】富山県富山市五艘１３８０－１" }, "geometry": { "type": "Point", "coordinates": [ 137.195968, 36.704525 ] } },
{ "type": "Feature", "properties": { "ID": 1633163000106, "正式名称": "まつうら歯科クリニック", "機関区分": 3, "都道府県コード": 16, "市区町村コード": 202, "所在地": "富山県高岡市蓮花寺１３６－１", "緯度": 36.73651, "経度": 137.035601, "url": "https://www.iryou.teikyouseido.mhlw.go.jp/znk-web/juminkanja/S2430/initialize?prefCd=16&kikanCd=3163000106&kikanKbn=3", "url2": "http://www.matsuura-dentalclinic.com/", "内容": "まつうら歯科クリニック【3:歯科】富山県高岡市蓮花寺１３６－１" }, "geometry": { "type": "Point", "coordinates": [ 137.035601, 36.73651 ] } },
{ "type": "Feature", "properties": { "ID": 1633163000107, "正式名称": "はしもと歯科クリニック", "機関区分": 3, "都道府県コード": 16, "市区町村コード": 211, "所在地": "富山県射水市新片町５丁目８－１", "緯度": 36.757892, "経度": 137.117355, "url": "https://www.iryou.teikyouseido.mhlw.go.jp/znk-web/juminkanja/S2430/initialize?prefCd=16&kikanCd=3163000107&kikanKbn=3", "url2": null, "内容": "はしもと歯科クリニック【3:歯科】富山県射水市新片町５丁目８－１" }, "geometry": { "type": "Point", "coordinates": [ 137.117355, 36.757892 ] } },
{ "type": "Feature", "properties": { "ID": 1633163000108, "正式名称": "やまざき歯科クリニック", "機関区分": 3, "都道府県コード": 16, "市区町村コード": 204, "所在地": "富山県魚津市本江８９７－１", "緯度": 36.814348, "経度": 137.407972, "url": "https://www.iryou.teikyouseido.mhlw.go.jp/znk-web/juminkanja/S2430/initialize?prefCd=16&kikanCd=3163000108&kikanKbn=3", "url2": "http://ydc-uozu.com/", "内容": "やまざき歯科クリニック【3:歯科】富山県魚津市本江８９７－１" }, "geometry": { "type": "Point", "coordinates": [ 137.407972, 36.814348 ] } },
{ "type": "Feature", "properties": { "ID": 1633163000109, "正式名称": "真生会デンタルクリニック", "機関区分": 3, "都道府県コード": 16, "市区町村コード": 211, "所在地": "富山県射水市下若８９－１０", "緯度": 36.71673, "経度": 137.076767, "url": "https://www.iryou.teikyouseido.mhlw.go.jp/znk-web/juminkanja/S2430/initialize?prefCd=16&kikanCd=3163000109&kikanKbn=3", "url2": "http://www.shinseikai.jp/department/dental", "内容": "真生会デンタルクリニック【3:歯科】富山県射水市下若８９－１０" }, "geometry": { "type": "Point", "coordinates": [ 137.076767, 36.71673 ] } },
{ "type": "Feature", "properties": { "ID": 1633163000110, "正式名称": "やまざき歯科", "機関区分": 3, "都道府県コード": 16, "市区町村コード": 206, "所在地": "富山県滑川市田中新町９２－２", "緯度": 36.760334, "経度": 137.340133, "url": "https://www.iryou.teikyouseido.mhlw.go.jp/znk-web/juminkanja/S2430/initialize?prefCd=16&kikanCd=3163000110&kikanKbn=3", "url2": null, "内容": "やまざき歯科【3:歯科】富山県滑川市田中新町９２－２" }, "geometry": { "type": "Point", "coordinates": [ 137.340133, 36.760334 ] } },
{ "type": "Feature", "properties": { "ID": 1633163000111, "正式名称": "おおいえ歯科クリニック", "機関区分": 3, "都道府県コード": 16, "市区町村コード": 201, "所在地": "富山県富山市今泉３２－１", "緯度": 36.666484, "経度": 137.216778, "url": "https://www.iryou.teikyouseido.mhlw.go.jp/znk-web/juminkanja/S2430/initialize?prefCd=16&kikanCd=3163000111&kikanKbn=3", "url2": "http://www.ooie-dental.com", "内容": "おおいえ歯科クリニック【3:歯科】富山県富山市今泉３２－１" }, "geometry": { "type": "Point", "coordinates": [ 137.216778, 36.666484 ] } },
{ "type": "Feature", "properties": { "ID": 1633163000113, "正式名称": "こはら矯正歯科", "機関区分": 3, "都道府県コード": 16, "市区町村コード": 202, "所在地": "富山県高岡市末広町７－７　ｋｆビル　３Ｆ", "緯度": 36.743481, "経度": 137.013987, "url": "https://www.iryou.teikyouseido.mhlw.go.jp/znk-web/juminkanja/S2430/initialize?prefCd=16&kikanCd=3163000113&kikanKbn=3", "url2": "https//www.koharaortho.com/", "内容": "こはら矯正歯科【3:歯科】富山県高岡市末広町７－７　ｋｆビル　３Ｆ" }, "geometry": { "type": "Point", "coordinates": [ 137.013987, 36.743481 ] } },
{ "type": "Feature", "properties": { "ID": 1633163000114, "正式名称": "シード歯科・矯正歯科　南砺", "機関区分": 3, "都道府県コード": 16, "市区町村コード": 210, "所在地": "富山県南砺市野尻６１８－２", "緯度": 36.604563, "経度": 136.923716, "url": "https://www.iryou.teikyouseido.mhlw.go.jp/znk-web/juminkanja/S2430/initialize?prefCd=16&kikanCd=3163000114&kikanKbn=3", "url2": "https://www.ksdc-toyama.com/", "内容": "シード歯科・矯正歯科　南砺【3:歯科】富山県南砺市野尻６１８－２" }, "geometry": { "type": "Point", "coordinates": [ 136.923716, 36.604563 ] } },
{ "type": "Feature", "properties": { "ID": 1633163000115, "正式名称": "のて歯科クリニック", "機関区分": 3, "都道府県コード": 16, "市区町村コード": 202, "所在地": "富山県高岡市木津２１８４", "緯度": 36.735778, "経度": 136.997021, "url": "https://www.iryou.teikyouseido.mhlw.go.jp/znk-web/juminkanja/S2430/initialize?prefCd=16&kikanCd=3163000115&kikanKbn=3", "url2": "www.note-dental.com", "内容": "のて歯科クリニック【3:歯科】富山県高岡市木津２１８４" }, "geometry": { "type": "Point", "coordinates": [ 136.997021, 36.735778 ] } },
{ "type": "Feature", "properties": { "ID": 1633163000116, "正式名称": "ライト歯科クリニック", "機関区分": 3, "都道府県コード": 16, "市区町村コード": 201, "所在地": "富山県富山市大泉本町１－３－１", "緯度": 36.678433, "経度": 137.224722, "url": "https://www.iryou.teikyouseido.mhlw.go.jp/znk-web/juminkanja/S2430/initialize?prefCd=16&kikanCd=3163000116&kikanKbn=3", "url2": "http://ldc3456.com/", "内容": "ライト歯科クリニック【3:歯科】富山県富山市大泉本町１－３－１" }, "geometry": { "type": "Point", "coordinates": [ 137.224722, 36.678433 ] } },
{ "type": "Feature", "properties": { "ID": 1633163000118, "正式名称": "美輝歯科医院", "機関区分": 3, "都道府県コード": 16, "市区町村コード": 201, "所在地": "富山県富山市呉羽町６９２７－３０", "緯度": 36.720262, "経度": 137.174279, "url": "https://www.iryou.teikyouseido.mhlw.go.jp/znk-web/juminkanja/S2430/initialize?prefCd=16&kikanCd=3163000118&kikanKbn=3", "url2": null, "内容": "美輝歯科医院【3:歯科】富山県富山市呉羽町６９２７－３０" }, "geometry": { "type": "Point", "coordinates": [ 137.174279, 36.720262 ] } },
{ "type": "Feature", "properties": { "ID": 1633163000119, "正式名称": "あいおい歯科こども歯科クリニック", "機関区分": 3, "都道府県コード": 16, "市区町村コード": 202, "所在地": "富山県高岡市下伏間江３８３イオンモール高岡２階", "緯度": 36.725163, "経度": 137.018301, "url": "https://www.iryou.teikyouseido.mhlw.go.jp/znk-web/juminkanja/S2430/initialize?prefCd=16&kikanCd=3163000119&kikanKbn=3", "url2": "https://www.aioi-takaoka.com/", "内容": "あいおい歯科こども歯科クリニック【3:歯科】富山県高岡市下伏間江３８３イオンモール高岡２階" }, "geometry": { "type": "Point", "coordinates": [ 137.018301, 36.725163 ] } },
{ "type": "Feature", "properties": { "ID": 1633163000120, "正式名称": "かじデンタルクリニック", "機関区分": 3, "都道府県コード": 16, "市区町村コード": 202, "所在地": "富山県高岡市立野美鳥町１丁目１３６", "緯度": 36.724597, "経度": 136.964421, "url": "https://www.iryou.teikyouseido.mhlw.go.jp/znk-web/juminkanja/S2430/initialize?prefCd=16&kikanCd=3163000120&kikanKbn=3", "url2": "http//wwwkajidentalclinic.com", "内容": "かじデンタルクリニック【3:歯科】富山県高岡市立野美鳥町１丁目１３６" }, "geometry": { "type": "Point", "coordinates": [ 136.964421, 36.724597 ] } },
{ "type": "Feature", "properties": { "ID": 1633163000121, "正式名称": "りきゅうデンタルオフイス", "機関区分": 3, "都道府県コード": 16, "市区町村コード": 210, "所在地": "富山県南砺市理休３３２－２", "緯度": 36.514188, "経度": 136.906473, "url": "https://www.iryou.teikyouseido.mhlw.go.jp/znk-web/juminkanja/S2430/initialize?prefCd=16&kikanCd=3163000121&kikanKbn=3", "url2": "rikyudental.com", "内容": "りきゅうデンタルオフイス【3:歯科】富山県南砺市理休３３２－２" }, "geometry": { "type": "Point", "coordinates": [ 136.906473, 36.514188 ] } },
{ "type": "Feature", "properties": { "ID": 1633163000122, "正式名称": "リーフそうがわ歯科", "機関区分": 3, "都道府県コード": 16, "市区町村コード": 201, "所在地": "富山県富山市総曲輪３－１－１－１０３", "緯度": 36.690011, "経度": 137.212175, "url": "https://www.iryou.teikyouseido.mhlw.go.jp/znk-web/juminkanja/S2430/initialize?prefCd=16&kikanCd=3163000122&kikanKbn=3", "url2": "https://leaf-dental.info/", "内容": "リーフそうがわ歯科【3:歯科】富山県富山市総曲輪３－１－１－１０３" }, "geometry": { "type": "Point", "coordinates": [ 137.212175, 36.690011 ] } },
{ "type": "Feature", "properties": { "ID": 1633163000123, "正式名称": "リードデンタルクリニック", "機関区分": 3, "都道府県コード": 16, "市区町村コード": 201, "所在地": "富山県富山市婦中町砂子田８１－２９２", "緯度": 36.655495, "経度": 137.162237, "url": "https://www.iryou.teikyouseido.mhlw.go.jp/znk-web/juminkanja/S2430/initialize?prefCd=16&kikanCd=3163000123&kikanKbn=3", "url2": "www.lead-dental.com", "内容": "リードデンタルクリニック【3:歯科】富山県富山市婦中町砂子田８１－２９２" }, "geometry": { "type": "Point", "coordinates": [ 137.162237, 36.655495 ] } },
{ "type": "Feature", "properties": { "ID": 1633163000126, "正式名称": "ＣＯＳＭＯ２１歯科クリニック", "機関区分": 3, "都道府県コード": 16, "市区町村コード": 342, "所在地": "富山県下新川郡入善町椚山１３３６　入善ショッピングセンターコスモ２１", "緯度": 36.942153, "経度": 137.513766, "url": "https://www.iryou.teikyouseido.mhlw.go.jp/znk-web/juminkanja/S2430/initialize?prefCd=16&kikanCd=3163000126&kikanKbn=3", "url2": "http://cosmo21dentalclinic.com/", "内容": "ＣＯＳＭＯ２１歯科クリニック【3:歯科】富山県下新川郡入善町椚山１３３６　入善ショッピングセンターコスモ２１" }, "geometry": { "type": "Point", "coordinates": [ 137.513766, 36.942153 ] } },
{ "type": "Feature", "properties": { "ID": 1633163000127, "正式名称": "となみ大木歯科クリニック", "機関区分": 3, "都道府県コード": 16, "市区町村コード": 208, "所在地": "富山県砺波市中神１－１７４　イオンモール砺波　２Ｆ", "緯度": 36.641252, "経度": 136.946878, "url": "https://www.iryou.teikyouseido.mhlw.go.jp/znk-web/juminkanja/S2430/initialize?prefCd=16&kikanCd=3163000127&kikanKbn=3", "url2": "tonamiohkishikaclinic.cihp2.jp", "内容": "となみ大木歯科クリニック【3:歯科】富山県砺波市中神１－１７４　イオンモール砺波　２Ｆ" }, "geometry": { "type": "Point", "coordinates": [ 136.946878, 36.641252 ] } },
{ "type": "Feature", "properties": { "ID": 1633163000128, "正式名称": "としこ歯科クリニック", "機関区分": 3, "都道府県コード": 16, "市区町村コード": 209, "所在地": "富山県小矢部市今石動町２丁目８番２６号", "緯度": 36.67472, "経度": 136.875919, "url": "https://www.iryou.teikyouseido.mhlw.go.jp/znk-web/juminkanja/S2430/initialize?prefCd=16&kikanCd=3163000128&kikanKbn=3", "url2": "http://www.toshiko-shika.jp", "内容": "としこ歯科クリニック【3:歯科】富山県小矢部市今石動町２丁目８番２６号" }, "geometry": { "type": "Point", "coordinates": [ 136.875919, 36.67472 ] } },
{ "type": "Feature", "properties": { "ID": 1633163000129, "正式名称": "つの歯科　口腔外科", "機関区分": 3, "都道府県コード": 16, "市区町村コード": 202, "所在地": "富山県高岡市出来田２６１－１", "緯度": 36.727164, "経度": 137.032146, "url": "https://www.iryou.teikyouseido.mhlw.go.jp/znk-web/juminkanja/S2430/initialize?prefCd=16&kikanCd=3163000129&kikanKbn=3", "url2": "https://tsuno-dental.com", "内容": "つの歯科　口腔外科【3:歯科】富山県高岡市出来田２６１－１" }, "geometry": { "type": "Point", "coordinates": [ 137.032146, 36.727164 ] } },
{ "type": "Feature", "properties": { "ID": 1633163000130, "正式名称": "かわふち歯科医院", "機関区分": 3, "都道府県コード": 16, "市区町村コード": 202, "所在地": "富山県高岡市大坪町１－４－８", "緯度": 36.75341, "経度": 137.016026, "url": "https://www.iryou.teikyouseido.mhlw.go.jp/znk-web/juminkanja/S2430/initialize?prefCd=16&kikanCd=3163000130&kikanKbn=3", "url2": "http://kawafuchi-dc.com/", "内容": "かわふち歯科医院【3:歯科】富山県高岡市大坪町１－４－８" }, "geometry": { "type": "Point", "coordinates": [ 137.016026, 36.75341 ] } },
{ "type": "Feature", "properties": { "ID": 1633163000131, "正式名称": "医療法人社団８歯科クリニック", "機関区分": 3, "都道府県コード": 16, "市区町村コード": 201, "所在地": "富山県富山市西田地方町２－７－１", "緯度": 36.683742, "経度": 137.206371, "url": "https://www.iryou.teikyouseido.mhlw.go.jp/znk-web/juminkanja/S2430/initialize?prefCd=16&kikanCd=3163000131&kikanKbn=3", "url2": "http://8-dental.com/", "内容": "医療法人社団８歯科クリニック【3:歯科】富山県富山市西田地方町２－７－１" }, "geometry": { "type": "Point", "coordinates": [ 137.206371, 36.683742 ] } },
{ "type": "Feature", "properties": { "ID": 1633163000133, "正式名称": "かねだデンタルクリニック", "機関区分": 3, "都道府県コード": 16, "市区町村コード": 201, "所在地": "富山県富山市桜谷みどり町１－４３", "緯度": 36.710547, "経度": 137.197834, "url": "https://www.iryou.teikyouseido.mhlw.go.jp/znk-web/juminkanja/S2430/initialize?prefCd=16&kikanCd=3163000133&kikanKbn=3", "url2": null, "内容": "かねだデンタルクリニック【3:歯科】富山県富山市桜谷みどり町１－４３" }, "geometry": { "type": "Point", "coordinates": [ 137.197834, 36.710547 ] } },
{ "type": "Feature", "properties": { "ID": 1633163000134, "正式名称": "かねこ歯科医院", "機関区分": 3, "都道府県コード": 16, "市区町村コード": 202, "所在地": "富山県高岡市中曽根５０７番地１", "緯度": 36.772098, "経度": 137.074129, "url": "https://www.iryou.teikyouseido.mhlw.go.jp/znk-web/juminkanja/S2430/initialize?prefCd=16&kikanCd=3163000134&kikanKbn=3", "url2": "https://kaneko-shika.com/", "内容": "かねこ歯科医院【3:歯科】富山県高岡市中曽根５０７番地１" }, "geometry": { "type": "Point", "coordinates": [ 137.074129, 36.772098 ] } },
{ "type": "Feature", "properties": { "ID": 1633163000135, "正式名称": "ヒラキ歯科クリニック", "機関区分": 3, "都道府県コード": 16, "市区町村コード": 202, "所在地": "富山県高岡市戸出町２ー２ー３１", "緯度": 36.685906, "経度": 136.981279, "url": "https://www.iryou.teikyouseido.mhlw.go.jp/znk-web/juminkanja/S2430/initialize?prefCd=16&kikanCd=3163000135&kikanKbn=3", "url2": "http://hiraki-dental.com/", "内容": "ヒラキ歯科クリニック【3:歯科】富山県高岡市戸出町２ー２ー３１" }, "geometry": { "type": "Point", "coordinates": [ 136.981279, 36.685906 ] } },
{ "type": "Feature", "properties": { "ID": 1633163000136, "正式名称": "シード歯科・矯正歯科", "機関区分": 3, "都道府県コード": 16, "市区町村コード": 202, "所在地": "富山県高岡市駅南５ー１ー１", "緯度": 36.740484, "経度": 137.014888, "url": "https://www.iryou.teikyouseido.mhlw.go.jp/znk-web/juminkanja/S2430/initialize?prefCd=16&kikanCd=3163000136&kikanKbn=3", "url2": "https://www.toyama-kyosei.com/", "内容": "シード歯科・矯正歯科【3:歯科】富山県高岡市駅南５ー１ー１" }, "geometry": { "type": "Point", "coordinates": [ 137.014888, 36.740484 ] } },
{ "type": "Feature", "properties": { "ID": 1633163000137, "正式名称": "藤井歯科クリニック", "機関区分": 3, "都道府県コード": 16, "市区町村コード": 208, "所在地": "富山県砺波市栄町６１３番地", "緯度": 36.648637, "経度": 136.960583, "url": "https://www.iryou.teikyouseido.mhlw.go.jp/znk-web/juminkanja/S2430/initialize?prefCd=16&kikanCd=3163000137&kikanKbn=3", "url2": null, "内容": "藤井歯科クリニック【3:歯科】富山県砺波市栄町６１３番地" }, "geometry": { "type": "Point", "coordinates": [ 136.960583, 36.648637 ] } },
{ "type": "Feature", "properties": { "ID": 1633163000138, "正式名称": "きさら歯科クリニック", "機関区分": 3, "都道府県コード": 16, "市区町村コード": 208, "所在地": "富山県砺波市広上町９ー３０", "緯度": 36.631498, "経度": 136.947134, "url": "https://www.iryou.teikyouseido.mhlw.go.jp/znk-web/juminkanja/S2430/initialize?prefCd=16&kikanCd=3163000138&kikanKbn=3", "url2": "https://kisara-dc.com/", "内容": "きさら歯科クリニック【3:歯科】富山県砺波市広上町９ー３０" }, "geometry": { "type": "Point", "coordinates": [ 136.947134, 36.631498 ] } },
{ "type": "Feature", "properties": { "ID": 1633163000139, "正式名称": "道振歯科医院", "機関区分": 3, "都道府県コード": 16, "市区町村コード": 211, "所在地": "富山県射水市中村１１６－１", "緯度": 36.723494, "経度": 137.055733, "url": "https://www.iryou.teikyouseido.mhlw.go.jp/znk-web/juminkanja/S2430/initialize?prefCd=16&kikanCd=3163000139&kikanKbn=3", "url2": "http://michifuridental.com/", "内容": "道振歯科医院【3:歯科】富山県射水市中村１１６－１" }, "geometry": { "type": "Point", "coordinates": [ 137.055733, 36.723494 ] } },
{ "type": "Feature", "properties": { "ID": 1633163000140, "正式名称": "のと歯科", "機関区分": 3, "都道府県コード": 16, "市区町村コード": 207, "所在地": "富山県黒部市生地中区１７６", "緯度": 36.889113, "経度": 137.421233, "url": "https://www.iryou.teikyouseido.mhlw.go.jp/znk-web/juminkanja/S2430/initialize?prefCd=16&kikanCd=3163000140&kikanKbn=3", "url2": "https://www.noto-shika.com/", "内容": "のと歯科【3:歯科】富山県黒部市生地中区１７６" }, "geometry": { "type": "Point", "coordinates": [ 137.421233, 36.889113 ] } },
{ "type": "Feature", "properties": { "ID": 1633163000141, "正式名称": "長久デンタルクリニック", "機関区分": 3, "都道府県コード": 16, "市区町村コード": 208, "所在地": "富山県砺波市となみ町１１－７", "緯度": 36.637964, "経度": 136.962471, "url": "https://www.iryou.teikyouseido.mhlw.go.jp/znk-web/juminkanja/S2430/initialize?prefCd=16&kikanCd=3163000141&kikanKbn=3", "url2": "http://nagahisa-dental.com/", "内容": "長久デンタルクリニック【3:歯科】富山県砺波市となみ町１１－７" }, "geometry": { "type": "Point", "coordinates": [ 136.962471, 36.637964 ] } },
{ "type": "Feature", "properties": { "ID": 1633163000142, "正式名称": "あき歯科医院", "機関区分": 3, "都道府県コード": 16, "市区町村コード": 201, "所在地": "富山県富山市経堂１－２４０", "緯度": 36.685555, "経度": 137.25232, "url": "https://www.iryou.teikyouseido.mhlw.go.jp/znk-web/juminkanja/S2430/initialize?prefCd=16&kikanCd=3163000142&kikanKbn=3", "url2": "https://hb15c21.wixsite.com/website", "内容": "あき歯科医院【3:歯科】富山県富山市経堂１－２４０" }, "geometry": { "type": "Point", "coordinates": [ 137.25232, 36.685555 ] } },
{ "type": "Feature", "properties": { "ID": 1633163000143, "正式名称": "あべデンタルクリニック", "機関区分": 3, "都道府県コード": 16, "市区町村コード": 201, "所在地": "富山県富山市荒川４２番地１", "緯度": 36.696214, "経度": 137.247818, "url": "https://www.iryou.teikyouseido.mhlw.go.jp/znk-web/juminkanja/S2430/initialize?prefCd=16&kikanCd=3163000143&kikanKbn=3", "url2": "https://abe-dentalclinic.ci2.jp", "内容": "あべデンタルクリニック【3:歯科】富山県富山市荒川４２番地１" }, "geometry": { "type": "Point", "coordinates": [ 137.247818, 36.696214 ] } },
{ "type": "Feature", "properties": { "ID": 1633163000144, "正式名称": "にしきデンタルクリニック", "機関区分": 3, "都道府県コード": 16, "市区町村コード": 202, "所在地": "富山県高岡市向野町５－２６－８", "緯度": 36.759558, "経度": 137.022533, "url": "https://www.iryou.teikyouseido.mhlw.go.jp/znk-web/juminkanja/S2430/initialize?prefCd=16&kikanCd=3163000144&kikanKbn=3", "url2": "https://nishikidental.com", "内容": "にしきデンタルクリニック【3:歯科】富山県高岡市向野町５－２６－８" }, "geometry": { "type": "Point", "coordinates": [ 137.022533, 36.759558 ] } },
{ "type": "Feature", "properties": { "ID": 1633163000146, "正式名称": "きむら歯科医院", "機関区分": 3, "都道府県コード": 16, "市区町村コード": 201, "所在地": "富山県富山市永楽町２２－１１", "緯度": 36.703994, "経度": 137.220889, "url": "https://www.iryou.teikyouseido.mhlw.go.jp/znk-web/juminkanja/S2430/initialize?prefCd=16&kikanCd=3163000146&kikanKbn=3", "url2": "https://dental-kimura.jp", "内容": "きむら歯科医院【3:歯科】富山県富山市永楽町２２－１１" }, "geometry": { "type": "Point", "coordinates": [ 137.220889, 36.703994 ] } },
{ "type": "Feature", "properties": { "ID": 1633163000147, "正式名称": "しろくま歯科クリニック", "機関区分": 3, "都道府県コード": 16, "市区町村コード": 201, "所在地": "富山県富山市赤田５９７－３", "緯度": 36.653138, "経度": 137.216723, "url": "https://www.iryou.teikyouseido.mhlw.go.jp/znk-web/juminkanja/S2430/initialize?prefCd=16&kikanCd=3163000147&kikanKbn=3", "url2": "Shirokuma-shika.net", "内容": "しろくま歯科クリニック【3:歯科】富山県富山市赤田５９７－３" }, "geometry": { "type": "Point", "coordinates": [ 137.216723, 36.653138 ] } },
{ "type": "Feature", "properties": { "ID": 1633163000148, "正式名称": "山口歯科医院", "機関区分": 3, "都道府県コード": 16, "市区町村コード": 204, "所在地": "富山県魚津市上村木１－１１－８", "緯度": 36.825195, "経度": 137.409006, "url": "https://www.iryou.teikyouseido.mhlw.go.jp/znk-web/juminkanja/S2430/initialize?prefCd=16&kikanCd=3163000148&kikanKbn=3", "url2": "https://yamaguchi-dentist.com", "内容": "山口歯科医院【3:歯科】富山県魚津市上村木１－１１－８" }, "geometry": { "type": "Point", "coordinates": [ 137.409006, 36.825195 ] } },
{ "type": "Feature", "properties": { "ID": 1633163000149, "正式名称": "とやま駅前みわ矯正歯科医院", "機関区分": 3, "都道府県コード": 16, "市区町村コード": 201, "所在地": "富山県富山市神通本町１丁目７－８", "緯度": 36.700602, "経度": 137.209138, "url": "https://www.iryou.teikyouseido.mhlw.go.jp/znk-web/juminkanja/S2430/initialize?prefCd=16&kikanCd=3163000149&kikanKbn=3", "url2": "https://miwa-orthodontic.com/", "内容": "とやま駅前みわ矯正歯科医院【3:歯科】富山県富山市神通本町１丁目７－８" }, "geometry": { "type": "Point", "coordinates": [ 137.209138, 36.700602 ] } },
{ "type": "Feature", "properties": { "ID": 1633163000150, "正式名称": "やまだ歯科クリニック", "機関区分": 3, "都道府県コード": 16, "市区町村コード": 210, "所在地": "富山県南砺市やかた３２０番地", "緯度": 36.590497, "経度": 136.917981, "url": "https://www.iryou.teikyouseido.mhlw.go.jp/znk-web/juminkanja/S2430/initialize?prefCd=16&kikanCd=3163000150&kikanKbn=3", "url2": "https://yamada-dental-nanto.com", "内容": "やまだ歯科クリニック【3:歯科】富山県南砺市やかた３２０番地" }, "geometry": { "type": "Point", "coordinates": [ 136.917981, 36.590497 ] } },
{ "type": "Feature", "properties": { "ID": 1633163000151, "正式名称": "まちだ矯正歯科", "機関区分": 3, "都道府県コード": 16, "市区町村コード": 208, "所在地": "富山県砺波市山王町１１ー６", "緯度": 36.635922, "経度": 136.957288, "url": "https://www.iryou.teikyouseido.mhlw.go.jp/znk-web/juminkanja/S2430/initialize?prefCd=16&kikanCd=3163000151&kikanKbn=3", "url2": "https://machida-ortho.jp", "内容": "まちだ矯正歯科【3:歯科】富山県砺波市山王町１１ー６" }, "geometry": { "type": "Point", "coordinates": [ 136.957288, 36.635922 ] } },
{ "type": "Feature", "properties": { "ID": 1633163000152, "正式名称": "ことのは在宅歯科クリニック", "機関区分": 3, "都道府県コード": 16, "市区町村コード": 201, "所在地": "富山県富山市花園町３－６－２７オーラム花園２・１１２", "緯度": 36.680908, "経度": 137.210361, "url": "https://www.iryou.teikyouseido.mhlw.go.jp/znk-web/juminkanja/S2430/initialize?prefCd=16&kikanCd=3163000152&kikanKbn=3", "url2": "https://kotonohazaitaku.hp.peraichi.com", "内容": "ことのは在宅歯科クリニック【3:歯科】富山県富山市花園町３－６－２７オーラム花園２・１１２" }, "geometry": { "type": "Point", "coordinates": [ 137.210361, 36.680908 ] } },
{ "type": "Feature", "properties": { "ID": 1633163000154, "正式名称": "Ｒｅ：ｃａｒｅ　Ｄｅｎｔａｌ　ｃｌｉｎｉｃ", "機関区分": 3, "都道府県コード": 16, "市区町村コード": 201, "所在地": "富山県富山市婦中町下轡田３９５", "緯度": 36.662389, "経度": 137.174716, "url": "https://www.iryou.teikyouseido.mhlw.go.jp/znk-web/juminkanja/S2430/initialize?prefCd=16&kikanCd=3163000154&kikanKbn=3", "url2": "https://www.recare-dental.com", "内容": "Ｒｅ：ｃａｒｅ　Ｄｅｎｔａｌ　ｃｌｉｎｉｃ【3:歯科】富山県富山市婦中町下轡田３９５" }, "geometry": { "type": "Point", "coordinates": [ 137.174716, 36.662389 ] } },
{ "type": "Feature", "properties": { "ID": 1633163000155, "正式名称": "さくらいおとなこども歯科", "機関区分": 3, "都道府県コード": 16, "市区町村コード": 207, "所在地": "富山県黒部市堀高３２－１", "緯度": 36.825731, "経度": 137.410589, "url": "https://www.iryou.teikyouseido.mhlw.go.jp/znk-web/juminkanja/S2430/initialize?prefCd=16&kikanCd=3163000155&kikanKbn=3", "url2": "https://www.shika-kurobe.com/", "内容": "さくらいおとなこども歯科【3:歯科】富山県黒部市堀高３２－１" }, "geometry": { "type": "Point", "coordinates": [ 137.410589, 36.825731 ] } },
{ "type": "Feature", "properties": { "ID": 1633163000156, "正式名称": "ぱれっとアピタ富山東院", "機関区分": 3, "都道府県コード": 16, "市区町村コード": 201, "所在地": "富山県富山市上冨居３丁目２９９－１", "緯度": 36.708028, "経度": 137.240459, "url": "https://www.iryou.teikyouseido.mhlw.go.jp/znk-web/juminkanja/S2430/initialize?prefCd=16&kikanCd=3163000156&kikanKbn=3", "url2": "https://www.kouryokukai-palette.jp/", "内容": "ぱれっとアピタ富山東院【3:歯科】富山県富山市上冨居３丁目２９９－１" }, "geometry": { "type": "Point", "coordinates": [ 137.240459, 36.708028 ] } },
{ "type": "Feature", "properties": { "ID": 1633163000158, "正式名称": "あなたのもとへ歯科", "機関区分": 3, "都道府県コード": 16, "市区町村コード": 201, "所在地": "富山県富山市花園町３－５１５オーラム花園３・１３１", "緯度": 36.679528, "経度": 137.208165, "url": "https://www.iryou.teikyouseido.mhlw.go.jp/znk-web/juminkanja/S2430/initialize?prefCd=16&kikanCd=3163000158&kikanKbn=3", "url2": "https://anatanomotoe-dental.com/", "内容": "あなたのもとへ歯科【3:歯科】富山県富山市花園町３－５１５オーラム花園３・１３１" }, "geometry": { "type": "Point", "coordinates": [ 137.208165, 36.679528 ] } }
]
}
