{
"type": "FeatureCollection",
"name": "geo_16_5",
"crs": { "type": "name", "properties": { "name": "urn:ogc:def:crs:OGC:1.3:CRS84" } },
"features": [
{ "type": "Feature", "properties": { "ID": 1651610145353, "正式名称": "赤田かがやき薬局", "機関区分": 5, "都道府県コード": 16, "市区町村コード": 201, "所在地": "富山県富山市赤田８５１－１０", "緯度": 36.65435, "経度": 137.213701, "url": "https://www.iryou.teikyouseido.mhlw.go.jp/znk-web/juminkanja/S2430/initialize?prefCd=16&kikanCd=1610145353&kikanKbn=5", "url2": null, "内容": "赤田かがやき薬局【5:薬局】富山県富山市赤田８５１－１０" }, "geometry": { "type": "Point", "coordinates": [ 137.213701, 36.65435 ] } },
{ "type": "Feature", "properties": { "ID": 1651640141113, "正式名称": "有限会社城石薬局", "機関区分": 5, "都道府県コード": 16, "市区町村コード": 201, "所在地": "富山県富山市新富町２丁目５－７", "緯度": 36.698478, "経度": 137.210842, "url": "https://www.iryou.teikyouseido.mhlw.go.jp/znk-web/juminkanja/S2430/initialize?prefCd=16&kikanCd=1640141113&kikanKbn=5", "url2": null, "内容": "有限会社城石薬局【5:薬局】富山県富山市新富町２丁目５－７" }, "geometry": { "type": "Point", "coordinates": [ 137.210842, 36.698478 ] } },
{ "type": "Feature", "properties": { "ID": 1651640141550, "正式名称": "あおぞら薬局", "機関区分": 5, "都道府県コード": 16, "市区町村コード": 201, "所在地": "富山県富山市今泉１４７", "緯度": 36.667473, "経度": 137.214556, "url": "https://www.iryou.teikyouseido.mhlw.go.jp/znk-web/juminkanja/S2430/initialize?prefCd=16&kikanCd=1640141550&kikanKbn=5", "url2": "https://www.amall.co.jp/store/11", "内容": "あおぞら薬局【5:薬局】富山県富山市今泉１４７" }, "geometry": { "type": "Point", "coordinates": [ 137.214556, 36.667473 ] } },
{ "type": "Feature", "properties": { "ID": 1651640141683, "正式名称": "フタバファーマシー", "機関区分": 5, "都道府県コード": 16, "市区町村コード": 201, "所在地": "富山県富山市奥田双葉町１１－１６", "緯度": 36.707749, "経度": 137.221497, "url": "https://www.iryou.teikyouseido.mhlw.go.jp/znk-web/juminkanja/S2430/initialize?prefCd=16&kikanCd=1640141683&kikanKbn=5", "url2": "https://www.amall.co.jp/store/107", "内容": "フタバファーマシー【5:薬局】富山県富山市奥田双葉町１１－１６" }, "geometry": { "type": "Point", "coordinates": [ 137.221497, 36.707749 ] } },
{ "type": "Feature", "properties": { "ID": 1651640142095, "正式名称": "あざみ薬局", "機関区分": 5, "都道府県コード": 16, "市区町村コード": 201, "所在地": "富山県富山市千石町６－３－６", "緯度": 36.683425, "経度": 137.210553, "url": "https://www.iryou.teikyouseido.mhlw.go.jp/znk-web/juminkanja/S2430/initialize?prefCd=16&kikanCd=1640142095&kikanKbn=5", "url2": "https://meiwa-ph.com", "内容": "あざみ薬局【5:薬局】富山県富山市千石町６－３－６" }, "geometry": { "type": "Point", "coordinates": [ 137.210553, 36.683425 ] } },
{ "type": "Feature", "properties": { "ID": 1651640142145, "正式名称": "藤の木薬局", "機関区分": 5, "都道府県コード": 16, "市区町村コード": 201, "所在地": "富山県富山市藤木１８２９－１", "緯度": 36.685865, "経度": 137.269445, "url": "https://www.iryou.teikyouseido.mhlw.go.jp/znk-web/juminkanja/S2430/initialize?prefCd=16&kikanCd=1640142145&kikanKbn=5", "url2": "https://www.amall.co.jp/store/237", "内容": "藤の木薬局【5:薬局】富山県富山市藤木１８２９－１" }, "geometry": { "type": "Point", "coordinates": [ 137.269445, 36.685865 ] } },
{ "type": "Feature", "properties": { "ID": 1651640142434, "正式名称": "佐々木薬局なかがわ店", "機関区分": 5, "都道府県コード": 16, "市区町村コード": 201, "所在地": "富山県富山市水橋中村町", "緯度": 36.757106, "経度": 137.307641, "url": "https://www.iryou.teikyouseido.mhlw.go.jp/znk-web/juminkanja/S2430/initialize?prefCd=16&kikanCd=1640142434&kikanKbn=5", "url2": null, "内容": "佐々木薬局なかがわ店【5:薬局】富山県富山市水橋中村町" }, "geometry": { "type": "Point", "coordinates": [ 137.307641, 36.757106 ] } },
{ "type": "Feature", "properties": { "ID": 1651640142533, "正式名称": "あおば薬局堀店", "機関区分": 5, "都道府県コード": 16, "市区町村コード": 201, "所在地": "富山県富山市堀２０８", "緯度": 36.653753, "経度": 137.230869, "url": "https://www.iryou.teikyouseido.mhlw.go.jp/znk-web/juminkanja/S2430/initialize?prefCd=16&kikanCd=1640142533&kikanKbn=5", "url2": null, "内容": "あおば薬局堀店【5:薬局】富山県富山市堀２０８" }, "geometry": { "type": "Point", "coordinates": [ 137.230869, 36.653753 ] } },
{ "type": "Feature", "properties": { "ID": 1651640142780, "正式名称": "ミヤザキ薬局", "機関区分": 5, "都道府県コード": 16, "市区町村コード": 201, "所在地": "富山県富山市八尾町井田５７７２", "緯度": 36.597906, "経度": 137.15113, "url": "https://www.iryou.teikyouseido.mhlw.go.jp/znk-web/juminkanja/S2430/initialize?prefCd=16&kikanCd=1640142780&kikanKbn=5", "url2": "http://miyazaki-kusuri.com/", "内容": "ミヤザキ薬局【5:薬局】富山県富山市八尾町井田５７７２" }, "geometry": { "type": "Point", "coordinates": [ 137.15113, 36.597906 ] } },
{ "type": "Feature", "properties": { "ID": 1651640142947, "正式名称": "下新薬局", "機関区分": 5, "都道府県コード": 16, "市区町村コード": 201, "所在地": "富山県富山市下新本町３－８", "緯度": 36.716305, "経度": 137.219222, "url": "https://www.iryou.teikyouseido.mhlw.go.jp/znk-web/juminkanja/S2430/initialize?prefCd=16&kikanCd=1640142947&kikanKbn=5", "url2": "https://www.amall.co.jp/store/68", "内容": "下新薬局【5:薬局】富山県富山市下新本町３－８" }, "geometry": { "type": "Point", "coordinates": [ 137.219222, 36.716305 ] } },
{ "type": "Feature", "properties": { "ID": 1651640142970, "正式名称": "ハート薬局下奥井店", "機関区分": 5, "都道府県コード": 16, "市区町村コード": 201, "所在地": "富山県富山市下奥井１丁目２２番１０号", "緯度": 36.712553, "経度": 137.225394, "url": "https://www.iryou.teikyouseido.mhlw.go.jp/znk-web/juminkanja/S2430/initialize?prefCd=16&kikanCd=1640142970&kikanKbn=5", "url2": "https://www.heart-pharmacy.jp", "内容": "ハート薬局下奥井店【5:薬局】富山県富山市下奥井１丁目２２番１０号" }, "geometry": { "type": "Point", "coordinates": [ 137.225394, 36.712553 ] } },
{ "type": "Feature", "properties": { "ID": 1651640143309, "正式名称": "富南薬局", "機関区分": 5, "都道府県コード": 16, "市区町村コード": 201, "所在地": "富山県富山市悪王寺４３－２", "緯度": 36.632344, "経度": 137.218445, "url": "https://www.iryou.teikyouseido.mhlw.go.jp/znk-web/juminkanja/S2430/initialize?prefCd=16&kikanCd=1640143309&kikanKbn=5", "url2": "https://www.amall.co.jp/store/124", "内容": "富南薬局【5:薬局】富山県富山市悪王寺４３－２" }, "geometry": { "type": "Point", "coordinates": [ 137.218445, 36.632344 ] } },
{ "type": "Feature", "properties": { "ID": 1651640143382, "正式名称": "経堂薬局", "機関区分": 5, "都道府県コード": 16, "市区町村コード": 201, "所在地": "富山県富山市経堂４－７－２", "緯度": 36.692736, "経度": 137.250951, "url": "https://www.iryou.teikyouseido.mhlw.go.jp/znk-web/juminkanja/S2430/initialize?prefCd=16&kikanCd=1640143382&kikanKbn=5", "url2": "https://www.amall.co.jp/store/163", "内容": "経堂薬局【5:薬局】富山県富山市経堂４－７－２" }, "geometry": { "type": "Point", "coordinates": [ 137.250951, 36.692736 ] } },
{ "type": "Feature", "properties": { "ID": 1651640143556, "正式名称": "ウエルシア薬局富山五福店", "機関区分": 5, "都道府県コード": 16, "市区町村コード": 201, "所在地": "富山県富山市五福５３８５ー３", "緯度": 36.704112, "経度": 137.196888, "url": "https://www.iryou.teikyouseido.mhlw.go.jp/znk-web/juminkanja/S2430/initialize?prefCd=16&kikanCd=1640143556&kikanKbn=5", "url2": "https://store.welcia.co.jp/welcia/spot/detail?code=8642D", "内容": "ウエルシア薬局富山五福店【5:薬局】富山県富山市五福５３８５ー３" }, "geometry": { "type": "Point", "coordinates": [ 137.196888, 36.704112 ] } },
{ "type": "Feature", "properties": { "ID": 1651640143622, "正式名称": "漢方薬師堂", "機関区分": 5, "都道府県コード": 16, "市区町村コード": 201, "所在地": "富山県富山市中央通り３－２－１５", "緯度": 36.689831, "経度": 137.222564, "url": "https://www.iryou.teikyouseido.mhlw.go.jp/znk-web/juminkanja/S2430/initialize?prefCd=16&kikanCd=1640143622&kikanKbn=5", "url2": null, "内容": "漢方薬師堂【5:薬局】富山県富山市中央通り３－２－１５" }, "geometry": { "type": "Point", "coordinates": [ 137.222564, 36.689831 ] } },
{ "type": "Feature", "properties": { "ID": 1651640143770, "正式名称": "たちいで薬局", "機関区分": 5, "都道府県コード": 16, "市区町村コード": 201, "所在地": "富山県富山市西長江１－１－１４", "緯度": 36.695144, "経度": 137.235219, "url": "https://www.iryou.teikyouseido.mhlw.go.jp/znk-web/juminkanja/S2430/initialize?prefCd=16&kikanCd=1640143770&kikanKbn=5", "url2": "https://www.amall.co.jp/store/159", "内容": "たちいで薬局【5:薬局】富山県富山市西長江１－１－１４" }, "geometry": { "type": "Point", "coordinates": [ 137.235219, 36.695144 ] } },
{ "type": "Feature", "properties": { "ID": 1651640143945, "正式名称": "うさか野薬局", "機関区分": 5, "都道府県コード": 16, "市区町村コード": 201, "所在地": "富山県富山市婦中町宮ケ島５０８番２", "緯度": 36.668012, "経度": 137.168698, "url": "https://www.iryou.teikyouseido.mhlw.go.jp/znk-web/juminkanja/S2430/initialize?prefCd=16&kikanCd=1640143945&kikanKbn=5", "url2": "https://www.amall.co.jp/store/127", "内容": "うさか野薬局【5:薬局】富山県富山市婦中町宮ケ島５０８番２" }, "geometry": { "type": "Point", "coordinates": [ 137.168698, 36.668012 ] } },
{ "type": "Feature", "properties": { "ID": 1651640144083, "正式名称": "奥田かがやき薬局", "機関区分": 5, "都道府県コード": 16, "市区町村コード": 201, "所在地": "富山県富山市奥田寿町９番４３、９番５３", "緯度": 36.706064, "経度": 137.220983, "url": "https://www.iryou.teikyouseido.mhlw.go.jp/znk-web/juminkanja/S2430/initialize?prefCd=16&kikanCd=1640144083&kikanKbn=5", "url2": null, "内容": "奥田かがやき薬局【5:薬局】富山県富山市奥田寿町９番４３、９番５３" }, "geometry": { "type": "Point", "coordinates": [ 137.220983, 36.706064 ] } },
{ "type": "Feature", "properties": { "ID": 1651640144133, "正式名称": "ハート薬局広田店", "機関区分": 5, "都道府県コード": 16, "市区町村コード": 201, "所在地": "富山県富山市鍋田１７番８号", "緯度": 36.714774, "経度": 137.244837, "url": "https://www.iryou.teikyouseido.mhlw.go.jp/znk-web/juminkanja/S2430/initialize?prefCd=16&kikanCd=1640144133&kikanKbn=5", "url2": "https://www.heart-pharmacy.jp/", "内容": "ハート薬局広田店【5:薬局】富山県富山市鍋田１７番８号" }, "geometry": { "type": "Point", "coordinates": [ 137.244837, 36.714774 ] } },
{ "type": "Feature", "properties": { "ID": 1651640144174, "正式名称": "上飯野かがやき薬局", "機関区分": 5, "都道府県コード": 16, "市区町村コード": 201, "所在地": "富山県富山市小西１１６ー４", "緯度": 36.71592, "経度": 137.25791, "url": "https://www.iryou.teikyouseido.mhlw.go.jp/znk-web/juminkanja/S2430/initialize?prefCd=16&kikanCd=1640144174&kikanKbn=5", "url2": null, "内容": "上飯野かがやき薬局【5:薬局】富山県富山市小西１１６ー４" }, "geometry": { "type": "Point", "coordinates": [ 137.25791, 36.71592 ] } },
{ "type": "Feature", "properties": { "ID": 1651640144190, "正式名称": "ほりかわ薬局", "機関区分": 5, "都道府県コード": 16, "市区町村コード": 201, "所在地": "富山県富山市堀川本郷１６０番７１", "緯度": 36.657341, "経度": 137.234607, "url": "https://www.iryou.teikyouseido.mhlw.go.jp/znk-web/juminkanja/S2430/initialize?prefCd=16&kikanCd=1640144190&kikanKbn=5", "url2": "https://hans-pharmacy.co.jp/", "内容": "ほりかわ薬局【5:薬局】富山県富山市堀川本郷１６０番７１" }, "geometry": { "type": "Point", "coordinates": [ 137.234607, 36.657341 ] } },
{ "type": "Feature", "properties": { "ID": 1651640144273, "正式名称": "ふれあい水橋薬局", "機関区分": 5, "都道府県コード": 16, "市区町村コード": 201, "所在地": "富山県富山市水橋舘町５９－８", "緯度": 36.755423, "経度": 137.312413, "url": "https://www.iryou.teikyouseido.mhlw.go.jp/znk-web/juminkanja/S2430/initialize?prefCd=16&kikanCd=1640144273&kikanKbn=5", "url2": "http://www.fureai.tv", "内容": "ふれあい水橋薬局【5:薬局】富山県富山市水橋舘町５９－８" }, "geometry": { "type": "Point", "coordinates": [ 137.312413, 36.755423 ] } },
{ "type": "Feature", "properties": { "ID": 1651640144323, "正式名称": "Ｖ・ｄｒｕｇ掛尾南薬局", "機関区分": 5, "都道府県コード": 16, "市区町村コード": 201, "所在地": "富山県富山市掛尾町５６－３", "緯度": 36.67359, "経度": 137.277586, "url": "https://www.iryou.teikyouseido.mhlw.go.jp/znk-web/juminkanja/S2430/initialize?prefCd=16&kikanCd=1640144323&kikanKbn=5", "url2": "https://vdrug.co.jp/pharmacy/store", "内容": "Ｖ・ｄｒｕｇ掛尾南薬局【5:薬局】富山県富山市掛尾町５６－３" }, "geometry": { "type": "Point", "coordinates": [ 137.277586, 36.67359 ] } },
{ "type": "Feature", "properties": { "ID": 1651640144471, "正式名称": "ウエルシア薬局富山本郷店", "機関区分": 5, "都道府県コード": 16, "市区町村コード": 201, "所在地": "富山県富山市本郷町４９－１", "緯度": 36.667417, "経度": 137.231446, "url": "https://www.iryou.teikyouseido.mhlw.go.jp/znk-web/juminkanja/S2430/initialize?prefCd=16&kikanCd=1640144471&kikanKbn=5", "url2": "https://store.welcia.co.jp/welcia/spot/detail?code=8702D", "内容": "ウエルシア薬局富山本郷店【5:薬局】富山県富山市本郷町４９－１" }, "geometry": { "type": "Point", "coordinates": [ 137.231446, 36.667417 ] } },
{ "type": "Feature", "properties": { "ID": 1651640144745, "正式名称": "スギ薬局　南富山店", "機関区分": 5, "都道府県コード": 16, "市区町村コード": 201, "所在地": "富山県富山市大町３５番地７", "緯度": 36.669851, "経度": 137.222736, "url": "https://www.iryou.teikyouseido.mhlw.go.jp/znk-web/juminkanja/S2430/initialize?prefCd=16&kikanCd=1640144745&kikanKbn=5", "url2": "http://www.drug-sugi.co.jp", "内容": "スギ薬局　南富山店【5:薬局】富山県富山市大町３５番地７" }, "geometry": { "type": "Point", "coordinates": [ 137.222736, 36.669851 ] } },
{ "type": "Feature", "properties": { "ID": 1651640144877, "正式名称": "婦中薬局", "機関区分": 5, "都道府県コード": 16, "市区町村コード": 201, "所在地": "富山県富山市婦中町板倉２５６－１", "緯度": 36.654622, "経度": 137.167667, "url": "https://www.iryou.teikyouseido.mhlw.go.jp/znk-web/juminkanja/S2430/initialize?prefCd=16&kikanCd=1640144877&kikanKbn=5", "url2": null, "内容": "婦中薬局【5:薬局】富山県富山市婦中町板倉２５６－１" }, "geometry": { "type": "Point", "coordinates": [ 137.167667, 36.654622 ] } },
{ "type": "Feature", "properties": { "ID": 1651640144885, "正式名称": "西町薬局", "機関区分": 5, "都道府県コード": 16, "市区町村コード": 201, "所在地": "富山県富山市古鍛冶町５－１８", "緯度": 36.686886, "経度": 137.217361, "url": "https://www.iryou.teikyouseido.mhlw.go.jp/znk-web/juminkanja/S2430/initialize?prefCd=16&kikanCd=1640144885&kikanKbn=5", "url2": null, "内容": "西町薬局【5:薬局】富山県富山市古鍛冶町５－１８" }, "geometry": { "type": "Point", "coordinates": [ 137.217361, 36.686886 ] } },
{ "type": "Feature", "properties": { "ID": 1651640144950, "正式名称": "北の森薬局", "機関区分": 5, "都道府県コード": 16, "市区町村コード": 201, "所在地": "富山県富山市森４丁目７３４番地６", "緯度": 36.745763, "経度": 137.233104, "url": "https://www.iryou.teikyouseido.mhlw.go.jp/znk-web/juminkanja/S2430/initialize?prefCd=16&kikanCd=1640144950&kikanKbn=5", "url2": "https://www.amall.co.jp/store/136", "内容": "北の森薬局【5:薬局】富山県富山市森４丁目７３４番地６" }, "geometry": { "type": "Point", "coordinates": [ 137.233104, 36.745763 ] } },
{ "type": "Feature", "properties": { "ID": 1651640145064, "正式名称": "瑠璃光薬局　有沢店", "機関区分": 5, "都道府県コード": 16, "市区町村コード": 201, "所在地": "富山県富山市有沢１９６－６", "緯度": 36.681911, "経度": 137.189434, "url": "https://www.iryou.teikyouseido.mhlw.go.jp/znk-web/juminkanja/S2430/initialize?prefCd=16&kikanCd=1640145064&kikanKbn=5", "url2": "http://www.rurikou.jp", "内容": "瑠璃光薬局　有沢店【5:薬局】富山県富山市有沢１９６－６" }, "geometry": { "type": "Point", "coordinates": [ 137.189434, 36.681911 ] } },
{ "type": "Feature", "properties": { "ID": 1651640145080, "正式名称": "クスリのアオキ五本榎薬局", "機関区分": 5, "都道府県コード": 16, "市区町村コード": 201, "所在地": "富山県富山市五本榎６４番地", "緯度": 36.716919, "経度": 137.259418, "url": "https://www.iryou.teikyouseido.mhlw.go.jp/znk-web/juminkanja/S2430/initialize?prefCd=16&kikanCd=1640145080&kikanKbn=5", "url2": "https://www.kusuri-aoki.co.jp/", "内容": "クスリのアオキ五本榎薬局【5:薬局】富山県富山市五本榎６４番地" }, "geometry": { "type": "Point", "coordinates": [ 137.259418, 36.716919 ] } },
{ "type": "Feature", "properties": { "ID": 1651640145098, "正式名称": "石坂薬局", "機関区分": 5, "都道府県コード": 16, "市区町村コード": 201, "所在地": "富山県富山市石坂７８０番１", "緯度": 36.71661, "経度": 137.201513, "url": "https://www.iryou.teikyouseido.mhlw.go.jp/znk-web/juminkanja/S2430/initialize?prefCd=16&kikanCd=1640145098&kikanKbn=5", "url2": "https://www.phstr.co.jp", "内容": "石坂薬局【5:薬局】富山県富山市石坂７８０番１" }, "geometry": { "type": "Point", "coordinates": [ 137.201513, 36.71661 ] } },
{ "type": "Feature", "properties": { "ID": 1651640145106, "正式名称": "スギ薬局富山大泉店", "機関区分": 5, "都道府県コード": 16, "市区町村コード": 201, "所在地": "富山県富山市大泉町１－１－１６", "緯度": 36.682886, "経度": 137.222035, "url": "https://www.iryou.teikyouseido.mhlw.go.jp/znk-web/juminkanja/S2430/initialize?prefCd=16&kikanCd=1640145106&kikanKbn=5", "url2": "https://www.drug-sugi.co.jp", "内容": "スギ薬局富山大泉店【5:薬局】富山県富山市大泉町１－１－１６" }, "geometry": { "type": "Point", "coordinates": [ 137.222035, 36.682886 ] } },
{ "type": "Feature", "properties": { "ID": 1651640145114, "正式名称": "Ｖ・ｄｒｕｇ　富山ＣｉＣビル薬局", "機関区分": 5, "都道府県コード": 16, "市区町村コード": 201, "所在地": "富山県富山市新富町１－２－３富山ステーションフロントＣｉＣ　１階", "緯度": 36.699325, "経度": 137.211992, "url": "https://www.iryou.teikyouseido.mhlw.go.jp/znk-web/juminkanja/S2430/initialize?prefCd=16&kikanCd=1640145114&kikanKbn=5", "url2": "https://vdrug.co.jp/pharmacy/", "内容": "Ｖ・ｄｒｕｇ　富山ＣｉＣビル薬局【5:薬局】富山県富山市新富町１－２－３富山ステーションフロントＣｉＣ　１階" }, "geometry": { "type": "Point", "coordinates": [ 137.211992, 36.699325 ] } },
{ "type": "Feature", "properties": { "ID": 1651640145130, "正式名称": "ウエルシア薬局富山栄町店", "機関区分": 5, "都道府県コード": 16, "市区町村コード": 201, "所在地": "富山県富山市栄町３－２－２９", "緯度": 36.689818, "経度": 137.232587, "url": "https://www.iryou.teikyouseido.mhlw.go.jp/znk-web/juminkanja/S2430/initialize?prefCd=16&kikanCd=1640145130&kikanKbn=5", "url2": "https://store.welcia.co.jp/welcia/spot/detail?code=8658D", "内容": "ウエルシア薬局富山栄町店【5:薬局】富山県富山市栄町３－２－２９" }, "geometry": { "type": "Point", "coordinates": [ 137.232587, 36.689818 ] } },
{ "type": "Feature", "properties": { "ID": 1651640145155, "正式名称": "クスリのアオキ四方薬局", "機関区分": 5, "都道府県コード": 16, "市区町村コード": 201, "所在地": "富山県富山市四方荒屋１４６３番地", "緯度": 36.753022, "経度": 137.199117, "url": "https://www.iryou.teikyouseido.mhlw.go.jp/znk-web/juminkanja/S2430/initialize?prefCd=16&kikanCd=1640145155&kikanKbn=5", "url2": "https://www.kusuri-aoki.co.jp/", "内容": "クスリのアオキ四方薬局【5:薬局】富山県富山市四方荒屋１４６３番地" }, "geometry": { "type": "Point", "coordinates": [ 137.199117, 36.753022 ] } },
{ "type": "Feature", "properties": { "ID": 1651640145189, "正式名称": "ウエルシア薬局富山水橋店", "機関区分": 5, "都道府県コード": 16, "市区町村コード": 201, "所在地": "富山県富山市水橋舘町字経田５６９－１", "緯度": 36.754679, "経度": 137.308177, "url": "https://www.iryou.teikyouseido.mhlw.go.jp/znk-web/juminkanja/S2430/initialize?prefCd=16&kikanCd=1640145189&kikanKbn=5", "url2": "https://store.welcia.co.jp/welcia/spot/detail?code=8672D", "内容": "ウエルシア薬局富山水橋店【5:薬局】富山県富山市水橋舘町字経田５６９－１" }, "geometry": { "type": "Point", "coordinates": [ 137.308177, 36.754679 ] } },
{ "type": "Feature", "properties": { "ID": 1651640145197, "正式名称": "アルプ薬局富山羽根店", "機関区分": 5, "都道府県コード": 16, "市区町村コード": 201, "所在地": "富山県富山市羽根１６４７番地", "緯度": 36.681931, "経度": 137.18416, "url": "https://www.iryou.teikyouseido.mhlw.go.jp/znk-web/juminkanja/S2430/initialize?prefCd=16&kikanCd=1640145197&kikanKbn=5", "url2": "https://www.alp-grp.jp", "内容": "アルプ薬局富山羽根店【5:薬局】富山県富山市羽根１６４７番地" }, "geometry": { "type": "Point", "coordinates": [ 137.18416, 36.681931 ] } },
{ "type": "Feature", "properties": { "ID": 1651640145205, "正式名称": "チューリップ富山駅前薬局", "機関区分": 5, "都道府県コード": 16, "市区町村コード": 201, "所在地": "富山県富山市桜町２丁目１番１０号　陽光堂ビル２階", "緯度": 36.698923, "経度": 137.212852, "url": "https://www.iryou.teikyouseido.mhlw.go.jp/znk-web/juminkanja/S2430/initialize?prefCd=16&kikanCd=1640145205&kikanKbn=5", "url2": "https://www.tulip-tz.co.jp/", "内容": "チューリップ富山駅前薬局【5:薬局】富山県富山市桜町２丁目１番１０号　陽光堂ビル２階" }, "geometry": { "type": "Point", "coordinates": [ 137.212852, 36.698923 ] } },
{ "type": "Feature", "properties": { "ID": 1651640145213, "正式名称": "アイン薬局　富山藤の木店", "機関区分": 5, "都道府県コード": 16, "市区町村コード": 201, "所在地": "富山県富山市藤の木園町１４８", "緯度": 36.685182, "経度": 137.267416, "url": "https://www.iryou.teikyouseido.mhlw.go.jp/znk-web/juminkanja/S2430/initialize?prefCd=16&kikanCd=1640145213&kikanKbn=5", "url2": "www.ainj.co.jp", "内容": "アイン薬局　富山藤の木店【5:薬局】富山県富山市藤の木園町１４８" }, "geometry": { "type": "Point", "coordinates": [ 137.267416, 36.685182 ] } },
{ "type": "Feature", "properties": { "ID": 1651640145221, "正式名称": "とやま調剤薬局大町店", "機関区分": 5, "都道府県コード": 16, "市区町村コード": 201, "所在地": "富山県富山市大町１－６", "緯度": 36.663962, "経度": 137.224964, "url": "https://www.iryou.teikyouseido.mhlw.go.jp/znk-web/juminkanja/S2430/initialize?prefCd=16&kikanCd=1640145221&kikanKbn=5", "url2": "https://www.ainj.co.jp/", "内容": "とやま調剤薬局大町店【5:薬局】富山県富山市大町１－６" }, "geometry": { "type": "Point", "coordinates": [ 137.224964, 36.663962 ] } },
{ "type": "Feature", "properties": { "ID": 1651640145239, "正式名称": "アイン薬局富山岩瀬店", "機関区分": 5, "都道府県コード": 16, "市区町村コード": 201, "所在地": "富山県富山市東岩瀬町３３３", "緯度": 36.755159, "経度": 137.228765, "url": "https://www.iryou.teikyouseido.mhlw.go.jp/znk-web/juminkanja/S2430/initialize?prefCd=16&kikanCd=1640145239&kikanKbn=5", "url2": "https://www.ainj.co.jp/", "内容": "アイン薬局富山岩瀬店【5:薬局】富山県富山市東岩瀬町３３３" }, "geometry": { "type": "Point", "coordinates": [ 137.228765, 36.755159 ] } },
{ "type": "Feature", "properties": { "ID": 1651640145254, "正式名称": "アイン薬局富山大学病院前店", "機関区分": 5, "都道府県コード": 16, "市区町村コード": 201, "所在地": "富山県富山市杉谷１０６－１", "緯度": 36.6858, "経度": 137.143086, "url": "https://www.iryou.teikyouseido.mhlw.go.jp/znk-web/juminkanja/S2430/initialize?prefCd=16&kikanCd=1640145254&kikanKbn=5", "url2": "http://www.ainj.co.jp/", "内容": "アイン薬局富山大学病院前店【5:薬局】富山県富山市杉谷１０６－１" }, "geometry": { "type": "Point", "coordinates": [ 137.143086, 36.6858 ] } },
{ "type": "Feature", "properties": { "ID": 1651640145262, "正式名称": "アイン薬局富山市民病院前店", "機関区分": 5, "都道府県コード": 16, "市区町村コード": 201, "所在地": "富山県富山市今泉北部町１－５　富山市今泉ふれあいハウス１階", "緯度": 36.672759, "経度": 137.21095, "url": "https://www.iryou.teikyouseido.mhlw.go.jp/znk-web/juminkanja/S2430/initialize?prefCd=16&kikanCd=1640145262&kikanKbn=5", "url2": "https://www.ainj.co.jp/", "内容": "アイン薬局富山市民病院前店【5:薬局】富山県富山市今泉北部町１－５　富山市今泉ふれあいハウス１階" }, "geometry": { "type": "Point", "coordinates": [ 137.21095, 36.672759 ] } },
{ "type": "Feature", "properties": { "ID": 1651640145270, "正式名称": "クスリのアオキ長江本町薬局", "機関区分": 5, "都道府県コード": 16, "市区町村コード": 201, "所在地": "富山県富山市長江本町８番８号", "緯度": 36.685211, "経度": 137.244993, "url": "https://www.iryou.teikyouseido.mhlw.go.jp/znk-web/juminkanja/S2430/initialize?prefCd=16&kikanCd=1640145270&kikanKbn=5", "url2": "https://www.kusuri-aoki.co.jp/", "内容": "クスリのアオキ長江本町薬局【5:薬局】富山県富山市長江本町８番８号" }, "geometry": { "type": "Point", "coordinates": [ 137.244993, 36.685211 ] } },
{ "type": "Feature", "properties": { "ID": 1651640145288, "正式名称": "クスリのアオキ富山豊田薬局", "機関区分": 5, "都道府県コード": 16, "市区町村コード": 201, "所在地": "富山県富山市豊田町一丁目１２番９号", "緯度": 36.697419, "経度": 137.106245, "url": "https://www.iryou.teikyouseido.mhlw.go.jp/znk-web/juminkanja/S2430/initialize?prefCd=16&kikanCd=1640145288&kikanKbn=5", "url2": "https://www.kusuri-aoki.co.jp/", "内容": "クスリのアオキ富山豊田薬局【5:薬局】富山県富山市豊田町一丁目１２番９号" }, "geometry": { "type": "Point", "coordinates": [ 137.106245, 36.697419 ] } },
{ "type": "Feature", "properties": { "ID": 1651640145296, "正式名称": "クスリのアオキ西荒屋薬局", "機関区分": 5, "都道府県コード": 16, "市区町村コード": 201, "所在地": "富山県富山市西荒屋１７番地", "緯度": 36.648288, "経度": 137.195416, "url": "https://www.iryou.teikyouseido.mhlw.go.jp/znk-web/juminkanja/S2430/initialize?prefCd=16&kikanCd=1640145296&kikanKbn=5", "url2": "https://www.kusuri-aoki.co.jp/", "内容": "クスリのアオキ西荒屋薬局【5:薬局】富山県富山市西荒屋１７番地" }, "geometry": { "type": "Point", "coordinates": [ 137.195416, 36.648288 ] } },
{ "type": "Feature", "properties": { "ID": 1651640145304, "正式名称": "八尾せせらぎ薬局", "機関区分": 5, "都道府県コード": 16, "市区町村コード": 201, "所在地": "富山県富山市八尾町福島３－１３４", "緯度": 36.592971, "経度": 137.141689, "url": "https://www.iryou.teikyouseido.mhlw.go.jp/znk-web/juminkanja/S2430/initialize?prefCd=16&kikanCd=1640145304&kikanKbn=5", "url2": "https://www.amall.co.jp/store/457", "内容": "八尾せせらぎ薬局【5:薬局】富山県富山市八尾町福島３－１３４" }, "geometry": { "type": "Point", "coordinates": [ 137.141689, 36.592971 ] } },
{ "type": "Feature", "properties": { "ID": 1651640145312, "正式名称": "ウエルシア薬局富山下大久保店", "機関区分": 5, "都道府県コード": 16, "市区町村コード": 201, "所在地": "富山県富山市下大久保１０６５－１", "緯度": 36.610668, "経度": 137.207952, "url": "https://www.iryou.teikyouseido.mhlw.go.jp/znk-web/juminkanja/S2430/initialize?prefCd=16&kikanCd=1640145312&kikanKbn=5", "url2": "https://store.welcia.co.jp/welcia/spot/detail?code=8673D&lang=ja", "内容": "ウエルシア薬局富山下大久保店【5:薬局】富山県富山市下大久保１０６５－１" }, "geometry": { "type": "Point", "coordinates": [ 137.207952, 36.610668 ] } },
{ "type": "Feature", "properties": { "ID": 1651640145320, "正式名称": "ウエルシア薬局富山上滝店", "機関区分": 5, "都道府県コード": 16, "市区町村コード": 201, "所在地": "富山県富山市上滝５０８番地１", "緯度": 36.609582, "経度": 137.299062, "url": "https://www.iryou.teikyouseido.mhlw.go.jp/znk-web/juminkanja/S2430/initialize?prefCd=16&kikanCd=1640145320&kikanKbn=5", "url2": "https://store.welcia.co.jp/welcia/spot/detail?code=8735D", "内容": "ウエルシア薬局富山上滝店【5:薬局】富山県富山市上滝５０８番地１" }, "geometry": { "type": "Point", "coordinates": [ 137.299062, 36.609582 ] } },
{ "type": "Feature", "properties": { "ID": 1651640145338, "正式名称": "スギひかり薬局堀川本郷店", "機関区分": 5, "都道府県コード": 16, "市区町村コード": 201, "所在地": "富山県富山市堀川本郷３０番地１", "緯度": 36.655954, "経度": 137.235522, "url": "https://www.iryou.teikyouseido.mhlw.go.jp/znk-web/juminkanja/S2430/initialize?prefCd=16&kikanCd=1640145338&kikanKbn=5", "url2": "http://hikari-pharma.com", "内容": "スギひかり薬局堀川本郷店【5:薬局】富山県富山市堀川本郷３０番地１" }, "geometry": { "type": "Point", "coordinates": [ 137.235522, 36.655954 ] } },
{ "type": "Feature", "properties": { "ID": 1651640145361, "正式名称": "ふれあい薬局豊田店", "機関区分": 5, "都道府県コード": 16, "市区町村コード": 201, "所在地": "富山県富山市豊田町１丁目１番７号", "緯度": 36.724574, "経度": 137.233602, "url": "https://www.iryou.teikyouseido.mhlw.go.jp/znk-web/juminkanja/S2430/initialize?prefCd=16&kikanCd=1640145361&kikanKbn=5", "url2": "http://www.fureai.tv", "内容": "ふれあい薬局豊田店【5:薬局】富山県富山市豊田町１丁目１番７号" }, "geometry": { "type": "Point", "coordinates": [ 137.233602, 36.724574 ] } },
{ "type": "Feature", "properties": { "ID": 1651640145379, "正式名称": "Ｍ薬局", "機関区分": 5, "都道府県コード": 16, "市区町村コード": 201, "所在地": "富山県富山市五福２５８２－４", "緯度": 36.695491, "経度": 137.191641, "url": "https://www.iryou.teikyouseido.mhlw.go.jp/znk-web/juminkanja/S2430/initialize?prefCd=16&kikanCd=1640145379&kikanKbn=5", "url2": "http://www.rurikou.jp/", "内容": "Ｍ薬局【5:薬局】富山県富山市五福２５８２－４" }, "geometry": { "type": "Point", "coordinates": [ 137.191641, 36.695491 ] } },
{ "type": "Feature", "properties": { "ID": 1651640145387, "正式名称": "ハート薬局緑町店", "機関区分": 5, "都道府県コード": 16, "市区町村コード": 201, "所在地": "富山県富山市緑町一丁目３番４号", "緯度": 36.692404, "経度": 137.227971, "url": "https://www.iryou.teikyouseido.mhlw.go.jp/znk-web/juminkanja/S2430/initialize?prefCd=16&kikanCd=1640145387&kikanKbn=5", "url2": "https://www.heart-pharmacy.jp/", "内容": "ハート薬局緑町店【5:薬局】富山県富山市緑町一丁目３番４号" }, "geometry": { "type": "Point", "coordinates": [ 137.227971, 36.692404 ] } },
{ "type": "Feature", "properties": { "ID": 1651640145403, "正式名称": "ありがとう薬局興南店", "機関区分": 5, "都道府県コード": 16, "市区町村コード": 201, "所在地": "富山県富山市蜷川１１－５", "緯度": 36.643472, "経度": 137.211294, "url": "https://www.iryou.teikyouseido.mhlw.go.jp/znk-web/juminkanja/S2430/initialize?prefCd=16&kikanCd=1640145403&kikanKbn=5", "url2": "http//www.rurikou.jp", "内容": "ありがとう薬局興南店【5:薬局】富山県富山市蜷川１１－５" }, "geometry": { "type": "Point", "coordinates": [ 137.211294, 36.643472 ] } },
{ "type": "Feature", "properties": { "ID": 1651640145429, "正式名称": "アイン薬局富山住吉町店", "機関区分": 5, "都道府県コード": 16, "市区町村コード": 201, "所在地": "富山県富山市住吉町一丁目１番２６号", "緯度": 36.693014, "経度": 137.229438, "url": "https://www.iryou.teikyouseido.mhlw.go.jp/znk-web/juminkanja/S2430/initialize?prefCd=16&kikanCd=1640145429&kikanKbn=5", "url2": "https://www.ainj.co.jp/", "内容": "アイン薬局富山住吉町店【5:薬局】富山県富山市住吉町一丁目１番２６号" }, "geometry": { "type": "Point", "coordinates": [ 137.229438, 36.693014 ] } },
{ "type": "Feature", "properties": { "ID": 1651640242168, "正式名称": "ウエルシア薬局高岡四屋店", "機関区分": 5, "都道府県コード": 16, "市区町村コード": 202, "所在地": "富山県高岡市上四屋４－１９", "緯度": 36.760218, "経度": 137.003154, "url": "https://www.iryou.teikyouseido.mhlw.go.jp/znk-web/juminkanja/S2430/initialize?prefCd=16&kikanCd=1640242168&kikanKbn=5", "url2": "https://store.welcia.co.jp/welcia/spot/detail?code=8726D", "内容": "ウエルシア薬局高岡四屋店【5:薬局】富山県高岡市上四屋４－１９" }, "geometry": { "type": "Point", "coordinates": [ 137.003154, 36.760218 ] } },
{ "type": "Feature", "properties": { "ID": 1651640242176, "正式名称": "あいびぃ薬局　小馬出店", "機関区分": 5, "都道府県コード": 16, "市区町村コード": 202, "所在地": "富山県高岡市小馬出町６８－１", "緯度": 36.748408, "経度": 137.012649, "url": "https://www.iryou.teikyouseido.mhlw.go.jp/znk-web/juminkanja/S2430/initialize?prefCd=16&kikanCd=1640242176&kikanKbn=5", "url2": "https://fbcentral.jp/", "内容": "あいびぃ薬局　小馬出店【5:薬局】富山県高岡市小馬出町６８－１" }, "geometry": { "type": "Point", "coordinates": [ 137.012649, 36.748408 ] } },
{ "type": "Feature", "properties": { "ID": 1651640242184, "正式名称": "アイン薬局高岡市民病院店", "機関区分": 5, "都道府県コード": 16, "市区町村コード": 202, "所在地": "富山県高岡市宝町４－１", "緯度": 36.756147, "経度": 137.028608, "url": "https://www.iryou.teikyouseido.mhlw.go.jp/znk-web/juminkanja/S2430/initialize?prefCd=16&kikanCd=1640242184&kikanKbn=5", "url2": "https://store.ainj.co.jp/detail/1101605/", "内容": "アイン薬局高岡市民病院店【5:薬局】富山県高岡市宝町４－１" }, "geometry": { "type": "Point", "coordinates": [ 137.028608, 36.756147 ] } },
{ "type": "Feature", "properties": { "ID": 1651640242192, "正式名称": "はなちゃん薬局富山店", "機関区分": 5, "都道府県コード": 16, "市区町村コード": 202, "所在地": "富山県高岡市京田７５番２", "緯度": 36.732292, "経度": 137.01586, "url": "https://www.iryou.teikyouseido.mhlw.go.jp/znk-web/juminkanja/S2430/initialize?prefCd=16&kikanCd=1640242192&kikanKbn=5", "url2": "https://hanachan-yakkyoku.com", "内容": "はなちゃん薬局富山店【5:薬局】富山県高岡市京田７５番２" }, "geometry": { "type": "Point", "coordinates": [ 137.01586, 36.732292 ] } },
{ "type": "Feature", "properties": { "ID": 1651640242200, "正式名称": "アイン薬局佐野店", "機関区分": 5, "都道府県コード": 16, "市区町村コード": 202, "所在地": "富山県高岡市佐野１２３７番地３", "緯度": 36.728966, "経度": 137.001947, "url": "https://www.iryou.teikyouseido.mhlw.go.jp/znk-web/juminkanja/S2430/initialize?prefCd=16&kikanCd=1640242200&kikanKbn=5", "url2": "https://store.ainj.co.jp/detail/1101282/", "内容": "アイン薬局佐野店【5:薬局】富山県高岡市佐野１２３７番地３" }, "geometry": { "type": "Point", "coordinates": [ 137.001947, 36.728966 ] } },
{ "type": "Feature", "properties": { "ID": 1651640242226, "正式名称": "アイン薬局　高岡南星店", "機関区分": 5, "都道府県コード": 16, "市区町村コード": 202, "所在地": "富山県高岡市木津６０２－１", "緯度": 36.736937, "経度": 136.998787, "url": "https://www.iryou.teikyouseido.mhlw.go.jp/znk-web/juminkanja/S2430/initialize?prefCd=16&kikanCd=1640242226&kikanKbn=5", "url2": "https://store.ainj.co.jp/detail/1101255/", "内容": "アイン薬局　高岡南星店【5:薬局】富山県高岡市木津６０２－１" }, "geometry": { "type": "Point", "coordinates": [ 136.998787, 36.736937 ] } },
{ "type": "Feature", "properties": { "ID": 1651640242234, "正式名称": "かりん薬局", "機関区分": 5, "都道府県コード": 16, "市区町村コード": 202, "所在地": "富山県高岡市蓮花寺５６１－２", "緯度": 36.737771, "経度": 137.03256, "url": "https://www.iryou.teikyouseido.mhlw.go.jp/znk-web/juminkanja/S2430/initialize?prefCd=16&kikanCd=1640242234&kikanKbn=5", "url2": "https://assist-ast.jp", "内容": "かりん薬局【5:薬局】富山県高岡市蓮花寺５６１－２" }, "geometry": { "type": "Point", "coordinates": [ 137.03256, 36.737771 ] } },
{ "type": "Feature", "properties": { "ID": 1651640242242, "正式名称": "ハート薬局大坪町店", "機関区分": 5, "都道府県コード": 16, "市区町村コード": 202, "所在地": "富山県高岡市大坪町２ー５７", "緯度": 36.756313, "経度": 137.018458, "url": "https://www.iryou.teikyouseido.mhlw.go.jp/znk-web/juminkanja/S2430/initialize?prefCd=16&kikanCd=1640242242&kikanKbn=5", "url2": "https://www.heart-pharmacy.jp", "内容": "ハート薬局大坪町店【5:薬局】富山県高岡市大坪町２ー５７" }, "geometry": { "type": "Point", "coordinates": [ 137.018458, 36.756313 ] } },
{ "type": "Feature", "properties": { "ID": 1651640242259, "正式名称": "スギひかり薬局鴨島店", "機関区分": 5, "都道府県コード": 16, "市区町村コード": 202, "所在地": "富山県高岡市白金町５番３５号　白金町テナント１階", "緯度": 36.743758, "経度": 137.009008, "url": "https://www.iryou.teikyouseido.mhlw.go.jp/znk-web/juminkanja/S2430/initialize?prefCd=16&kikanCd=1640242259&kikanKbn=5", "url2": "http://hikari-pharma.com", "内容": "スギひかり薬局鴨島店【5:薬局】富山県高岡市白金町５番３５号　白金町テナント１階" }, "geometry": { "type": "Point", "coordinates": [ 137.009008, 36.743758 ] } },
{ "type": "Feature", "properties": { "ID": 1651640242267, "正式名称": "薬局れん", "機関区分": 5, "都道府県コード": 16, "市区町村コード": 202, "所在地": "富山県高岡市蔵野町２６３番地３", "緯度": 36.717299, "経度": 136.976567, "url": "https://www.iryou.teikyouseido.mhlw.go.jp/znk-web/juminkanja/S2430/initialize?prefCd=16&kikanCd=1640242267&kikanKbn=5", "url2": "https://ren-gr.com", "内容": "薬局れん【5:薬局】富山県高岡市蔵野町２６３番地３" }, "geometry": { "type": "Point", "coordinates": [ 136.976567, 36.717299 ] } },
{ "type": "Feature", "properties": { "ID": 1651640242275, "正式名称": "あいびぃ薬局　福岡店", "機関区分": 5, "都道府県コード": 16, "市区町村コード": 202, "所在地": "富山県高岡市福岡町福岡新１４８", "緯度": 36.712237, "経度": 136.937667, "url": "https://www.iryou.teikyouseido.mhlw.go.jp/znk-web/juminkanja/S2430/initialize?prefCd=16&kikanCd=1640242275&kikanKbn=5", "url2": "https://fbcentral.jp/", "内容": "あいびぃ薬局　福岡店【5:薬局】富山県高岡市福岡町福岡新１４８" }, "geometry": { "type": "Point", "coordinates": [ 136.937667, 36.712237 ] } },
{ "type": "Feature", "properties": { "ID": 1651640242283, "正式名称": "スギひかり薬局羽広店", "機関区分": 5, "都道府県コード": 16, "市区町村コード": 202, "所在地": "富山県高岡市羽広１丁目２番３５号", "緯度": 36.741131, "経度": 136.988563, "url": "https://www.iryou.teikyouseido.mhlw.go.jp/znk-web/juminkanja/S2430/initialize?prefCd=16&kikanCd=1640242283&kikanKbn=5", "url2": "http://hikari-pharma.com", "内容": "スギひかり薬局羽広店【5:薬局】富山県高岡市羽広１丁目２番３５号" }, "geometry": { "type": "Point", "coordinates": [ 136.988563, 36.741131 ] } },
{ "type": "Feature", "properties": { "ID": 1651640242291, "正式名称": "株式会社スギ薬局　阪神調剤薬局高岡店", "機関区分": 5, "都道府県コード": 16, "市区町村コード": 202, "所在地": "富山県高岡市新横町１０５９番地ノダケビル１階１０１号室", "緯度": 36.745552, "経度": 137.015756, "url": "https://www.iryou.teikyouseido.mhlw.go.jp/znk-web/juminkanja/S2430/initialize?prefCd=16&kikanCd=1640242291&kikanKbn=5", "url2": "https://www.sugi-net.jp/", "内容": "株式会社スギ薬局　阪神調剤薬局高岡店【5:薬局】富山県高岡市新横町１０５９番地ノダケビル１階１０１号室" }, "geometry": { "type": "Point", "coordinates": [ 137.015756, 36.745552 ] } },
{ "type": "Feature", "properties": { "ID": 1651640242309, "正式名称": "阪神調剤薬局かたかご店", "機関区分": 5, "都道府県コード": 16, "市区町村コード": 202, "所在地": "富山県高岡市能町南３丁目４５番地の２", "緯度": 36.766334, "経度": 137.044944, "url": "https://www.iryou.teikyouseido.mhlw.go.jp/znk-web/juminkanja/S2430/initialize?prefCd=16&kikanCd=1640242309&kikanKbn=5", "url2": null, "内容": "阪神調剤薬局かたかご店【5:薬局】富山県高岡市能町南３丁目４５番地の２" }, "geometry": { "type": "Point", "coordinates": [ 137.044944, 36.766334 ] } },
{ "type": "Feature", "properties": { "ID": 1651640242317, "正式名称": "あいびぃ薬局　佐野店", "機関区分": 5, "都道府県コード": 16, "市区町村コード": 202, "所在地": "富山県高岡市佐野８４５－１", "緯度": 36.731105, "経度": 136.989346, "url": "https://www.iryou.teikyouseido.mhlw.go.jp/znk-web/juminkanja/S2430/initialize?prefCd=16&kikanCd=1640242317&kikanKbn=5", "url2": null, "内容": "あいびぃ薬局　佐野店【5:薬局】富山県高岡市佐野８４５－１" }, "geometry": { "type": "Point", "coordinates": [ 136.989346, 36.731105 ] } },
{ "type": "Feature", "properties": { "ID": 1651640242325, "正式名称": "ルナ大手町薬局", "機関区分": 5, "都道府県コード": 16, "市区町村コード": 202, "所在地": "富山県高岡市大手町１０番４４号", "緯度": 36.745105, "経度": 137.018018, "url": "https://www.iryou.teikyouseido.mhlw.go.jp/znk-web/juminkanja/S2430/initialize?prefCd=16&kikanCd=1640242325&kikanKbn=5", "url2": null, "内容": "ルナ大手町薬局【5:薬局】富山県高岡市大手町１０番４４号" }, "geometry": { "type": "Point", "coordinates": [ 137.018018, 36.745105 ] } },
{ "type": "Feature", "properties": { "ID": 1651640242333, "正式名称": "はるの薬局　高岡能町店", "機関区分": 5, "都道府県コード": 16, "市区町村コード": 202, "所在地": "富山県高岡市能町南２丁目７７", "緯度": 36.76505, "経度": 137.044861, "url": "https://www.iryou.teikyouseido.mhlw.go.jp/znk-web/juminkanja/S2430/initialize?prefCd=16&kikanCd=1640242333&kikanKbn=5", "url2": null, "内容": "はるの薬局　高岡能町店【5:薬局】富山県高岡市能町南２丁目７７" }, "geometry": { "type": "Point", "coordinates": [ 137.044861, 36.76505 ] } },
{ "type": "Feature", "properties": { "ID": 1651640440267, "正式名称": "うおづ駅前薬局", "機関区分": 5, "都道府県コード": 16, "市区町村コード": 204, "所在地": "富山県魚津市釈迦堂１－１１０２－２", "緯度": 36.826203, "経度": 137.407977, "url": "https://www.iryou.teikyouseido.mhlw.go.jp/znk-web/juminkanja/S2430/initialize?prefCd=16&kikanCd=1640440267&kikanKbn=5", "url2": "https://www.amall.co.jp/store/184", "内容": "うおづ駅前薬局【5:薬局】富山県魚津市釈迦堂１－１１０２－２" }, "geometry": { "type": "Point", "coordinates": [ 137.407977, 36.826203 ] } },
{ "type": "Feature", "properties": { "ID": 1651640440374, "正式名称": "共創未来　本江薬局", "機関区分": 5, "都道府県コード": 16, "市区町村コード": 204, "所在地": "富山県魚津市本江１６２３－２", "緯度": 36.816314, "経度": 137.404053, "url": "https://www.iryou.teikyouseido.mhlw.go.jp/znk-web/juminkanja/S2430/initialize?prefCd=16&kikanCd=1640440374&kikanKbn=5", "url2": "http://www.phmirai.co.jp", "内容": "共創未来　本江薬局【5:薬局】富山県魚津市本江１６２３－２" }, "geometry": { "type": "Point", "coordinates": [ 137.404053, 36.816314 ] } },
{ "type": "Feature", "properties": { "ID": 1651640440499, "正式名称": "Ｖ・ｄｒｕｇ　魚津薬局", "機関区分": 5, "都道府県コード": 16, "市区町村コード": 204, "所在地": "富山県魚津市上村木４１３－１アップルヒル内", "緯度": 36.823036, "経度": 137.414184, "url": "https://www.iryou.teikyouseido.mhlw.go.jp/znk-web/juminkanja/S2430/initialize?prefCd=16&kikanCd=1640440499&kikanKbn=5", "url2": "https://vdrug.co.jp/pharmacy/store/%e9%ad%9a%e6%b4%a5%e8%96%ac%e5%b1%80/", "内容": "Ｖ・ｄｒｕｇ　魚津薬局【5:薬局】富山県魚津市上村木４１３－１アップルヒル内" }, "geometry": { "type": "Point", "coordinates": [ 137.414184, 36.823036 ] } },
{ "type": "Feature", "properties": { "ID": 1651640440507, "正式名称": "Ｖ・ｄｒｕｇ　魚津インター薬局", "機関区分": 5, "都道府県コード": 16, "市区町村コード": 204, "所在地": "富山県魚津市大海寺野村５９９２番８", "緯度": 36.814156, "経度": 137.422014, "url": "https://www.iryou.teikyouseido.mhlw.go.jp/znk-web/juminkanja/S2430/initialize?prefCd=16&kikanCd=1640440507&kikanKbn=5", "url2": "https://store.vdrug.co.jp/detail/30213/", "内容": "Ｖ・ｄｒｕｇ　魚津インター薬局【5:薬局】富山県魚津市大海寺野村５９９２番８" }, "geometry": { "type": "Point", "coordinates": [ 137.422014, 36.814156 ] } },
{ "type": "Feature", "properties": { "ID": 1651640440515, "正式名称": "すみれ薬局魚津店", "機関区分": 5, "都道府県コード": 16, "市区町村コード": 204, "所在地": "富山県魚津市吉島字中川原８－３", "緯度": 36.82668, "経度": 137.41101, "url": "https://www.iryou.teikyouseido.mhlw.go.jp/znk-web/juminkanja/S2430/initialize?prefCd=16&kikanCd=1640440515&kikanKbn=5", "url2": "https://www.saera-ph.co.jp/shop/sumire-uozu/", "内容": "すみれ薬局魚津店【5:薬局】富山県魚津市吉島字中川原８－３" }, "geometry": { "type": "Point", "coordinates": [ 137.41101, 36.82668 ] } },
{ "type": "Feature", "properties": { "ID": 1651640540447, "正式名称": "ウエルシア薬局氷見窪店", "機関区分": 5, "都道府県コード": 16, "市区町村コード": 205, "所在地": "富山県氷見市窪５４３－１", "緯度": 36.835876, "経度": 136.990877, "url": "https://www.iryou.teikyouseido.mhlw.go.jp/znk-web/juminkanja/S2430/initialize?prefCd=16&kikanCd=1640540447&kikanKbn=5", "url2": "https://www.welcia-yakkyoku.co.jp", "内容": "ウエルシア薬局氷見窪店【5:薬局】富山県氷見市窪５４３－１" }, "geometry": { "type": "Point", "coordinates": [ 136.990877, 36.835876 ] } },
{ "type": "Feature", "properties": { "ID": 1651640540454, "正式名称": "アイン薬局氷見市民病院前店", "機関区分": 5, "都道府県コード": 16, "市区町村コード": 205, "所在地": "富山県氷見市鞍川１１２０－１", "緯度": 36.856104, "経度": 136.968706, "url": "https://www.iryou.teikyouseido.mhlw.go.jp/znk-web/juminkanja/S2430/initialize?prefCd=16&kikanCd=1640540454&kikanKbn=5", "url2": "www.ainj.co.jp", "内容": "アイン薬局氷見市民病院前店【5:薬局】富山県氷見市鞍川１１２０－１" }, "geometry": { "type": "Point", "coordinates": [ 136.968706, 36.856104 ] } },
{ "type": "Feature", "properties": { "ID": 1651640540470, "正式名称": "アルプ薬局氷見店", "機関区分": 5, "都道府県コード": 16, "市区町村コード": 205, "所在地": "富山県氷見市上泉６２４番", "緯度": 36.818978, "経度": 136.995229, "url": "https://www.iryou.teikyouseido.mhlw.go.jp/znk-web/juminkanja/S2430/initialize?prefCd=16&kikanCd=1640540470&kikanKbn=5", "url2": "https://www.alp-grp.jp", "内容": "アルプ薬局氷見店【5:薬局】富山県氷見市上泉６２４番" }, "geometry": { "type": "Point", "coordinates": [ 136.995229, 36.818978 ] } },
{ "type": "Feature", "properties": { "ID": 1651640540488, "正式名称": "しみず薬局プラファ調剤", "機関区分": 5, "都道府県コード": 16, "市区町村コード": 205, "所在地": "富山県氷見市加納４８４－１", "緯度": 36.863135, "経度": 136.974204, "url": "https://www.iryou.teikyouseido.mhlw.go.jp/znk-web/juminkanja/S2430/initialize?prefCd=16&kikanCd=1640540488&kikanKbn=5", "url2": null, "内容": "しみず薬局プラファ調剤【5:薬局】富山県氷見市加納４８４－１" }, "geometry": { "type": "Point", "coordinates": [ 136.974204, 36.863135 ] } },
{ "type": "Feature", "properties": { "ID": 1651640640346, "正式名称": "フィーリス薬局　堀江店", "機関区分": 5, "都道府県コード": 16, "市区町村コード": 206, "所在地": "富山県滑川市堀江１８２番５", "緯度": 36.73582, "経度": 137.352706, "url": "https://www.iryou.teikyouseido.mhlw.go.jp/znk-web/juminkanja/S2430/initialize?prefCd=16&kikanCd=1640640346&kikanKbn=5", "url2": null, "内容": "フィーリス薬局　堀江店【5:薬局】富山県滑川市堀江１８２番５" }, "geometry": { "type": "Point", "coordinates": [ 137.352706, 36.73582 ] } },
{ "type": "Feature", "properties": { "ID": 1651640740443, "正式名称": "シメノドラッグ黒部薬局", "機関区分": 5, "都道府県コード": 16, "市区町村コード": 207, "所在地": "富山県黒部市牧野７２１番地", "緯度": 36.869487, "経度": 137.440942, "url": "https://www.iryou.teikyouseido.mhlw.go.jp/znk-web/juminkanja/S2430/initialize?prefCd=16&kikanCd=1640740443&kikanKbn=5", "url2": null, "内容": "シメノドラッグ黒部薬局【5:薬局】富山県黒部市牧野７２１番地" }, "geometry": { "type": "Point", "coordinates": [ 137.440942, 36.869487 ] } },
{ "type": "Feature", "properties": { "ID": 1651640740476, "正式名称": "アイン薬局　黒部市民病院店", "機関区分": 5, "都道府県コード": 16, "市区町村コード": 207, "所在地": "富山県黒部市三日市１１０８－１", "緯度": 36.871564, "経度": 137.44121, "url": "https://www.iryou.teikyouseido.mhlw.go.jp/znk-web/juminkanja/S2430/initialize?prefCd=16&kikanCd=1640740476&kikanKbn=5", "url2": "https://www.ainj.co.jp/", "内容": "アイン薬局　黒部市民病院店【5:薬局】富山県黒部市三日市１１０８－１" }, "geometry": { "type": "Point", "coordinates": [ 137.44121, 36.871564 ] } },
{ "type": "Feature", "properties": { "ID": 1651640740492, "正式名称": "クスリのアオキ田家新薬局", "機関区分": 5, "都道府県コード": 16, "市区町村コード": 207, "所在地": "富山県黒部市田家新７４１番地", "緯度": 36.85197, "経度": 137.4374, "url": "https://www.iryou.teikyouseido.mhlw.go.jp/znk-web/juminkanja/S2430/initialize?prefCd=16&kikanCd=1640740492&kikanKbn=5", "url2": "https://www.kusuri-aoki.co.jp/", "内容": "クスリのアオキ田家新薬局【5:薬局】富山県黒部市田家新７４１番地" }, "geometry": { "type": "Point", "coordinates": [ 137.4374, 36.85197 ] } },
{ "type": "Feature", "properties": { "ID": 1651640740500, "正式名称": "ウエルシア薬局黒部荻生北店", "機関区分": 5, "都道府県コード": 16, "市区町村コード": 207, "所在地": "富山県黒部市荻生４４２２", "緯度": 36.886719, "経度": 137.465776, "url": "https://www.iryou.teikyouseido.mhlw.go.jp/znk-web/juminkanja/S2430/initialize?prefCd=16&kikanCd=1640740500&kikanKbn=5", "url2": "https://store.welcia.co.jp/welcia/spot/detail?code=8733D", "内容": "ウエルシア薬局黒部荻生北店【5:薬局】富山県黒部市荻生４４２２" }, "geometry": { "type": "Point", "coordinates": [ 137.465776, 36.886719 ] } },
{ "type": "Feature", "properties": { "ID": 1651640740518, "正式名称": "サエラ薬局黒部店", "機関区分": 5, "都道府県コード": 16, "市区町村コード": 207, "所在地": "富山県黒部市三日市１０７４", "緯度": 36.872507, "経度": 137.440408, "url": "https://www.iryou.teikyouseido.mhlw.go.jp/znk-web/juminkanja/S2430/initialize?prefCd=16&kikanCd=1640740518&kikanKbn=5", "url2": "https://www.saera-ph.co.jp/shop/kurobe/", "内容": "サエラ薬局黒部店【5:薬局】富山県黒部市三日市１０７４" }, "geometry": { "type": "Point", "coordinates": [ 137.440408, 36.872507 ] } },
{ "type": "Feature", "properties": { "ID": 1651640840409, "正式名称": "いかるぎ薬局", "機関区分": 5, "都道府県コード": 16, "市区町村コード": 208, "所在地": "富山県砺波市太田１３８３番地", "緯度": 36.627321, "経度": 136.993369, "url": "https://www.iryou.teikyouseido.mhlw.go.jp/znk-web/juminkanja/S2430/initialize?prefCd=16&kikanCd=1640840409&kikanKbn=5", "url2": "https://www.amall.co.jp/store/189", "内容": "いかるぎ薬局【5:薬局】富山県砺波市太田１３８３番地" }, "geometry": { "type": "Point", "coordinates": [ 136.993369, 36.627321 ] } },
{ "type": "Feature", "properties": { "ID": 1651640840482, "正式名称": "Ｖ・ｄｒｕｇ　砺波中央町薬局", "機関区分": 5, "都道府県コード": 16, "市区町村コード": 208, "所在地": "富山県砺波市中央町１－３２", "緯度": 36.638369, "経度": 136.95494, "url": "https://www.iryou.teikyouseido.mhlw.go.jp/znk-web/juminkanja/S2430/initialize?prefCd=16&kikanCd=1640840482&kikanKbn=5", "url2": "https://vdrug.co.jp/pharmacy/", "内容": "Ｖ・ｄｒｕｇ　砺波中央町薬局【5:薬局】富山県砺波市中央町１－３２" }, "geometry": { "type": "Point", "coordinates": [ 136.95494, 36.638369 ] } },
{ "type": "Feature", "properties": { "ID": 1651640840490, "正式名称": "アイン薬局となみ店", "機関区分": 5, "都道府県コード": 16, "市区町村コード": 208, "所在地": "富山県砺波市となみ町１１－１０", "緯度": 36.638036, "経度": 136.962442, "url": "https://www.iryou.teikyouseido.mhlw.go.jp/znk-web/juminkanja/S2430/initialize?prefCd=16&kikanCd=1640840490&kikanKbn=5", "url2": "https://www.ainj.co.jp", "内容": "アイン薬局となみ店【5:薬局】富山県砺波市となみ町１１－１０" }, "geometry": { "type": "Point", "coordinates": [ 136.962442, 36.638036 ] } },
{ "type": "Feature", "properties": { "ID": 1651640840508, "正式名称": "クスリのアオキ庄川薬局", "機関区分": 5, "都道府県コード": 16, "市区町村コード": 208, "所在地": "富山県砺波市庄川町示野１６７番地３", "緯度": 36.575542, "経度": 136.976576, "url": "https://www.iryou.teikyouseido.mhlw.go.jp/znk-web/juminkanja/S2430/initialize?prefCd=16&kikanCd=1640840508&kikanKbn=5", "url2": "https://www.kusuri-aoki.co.jp/", "内容": "クスリのアオキ庄川薬局【5:薬局】富山県砺波市庄川町示野１６７番地３" }, "geometry": { "type": "Point", "coordinates": [ 136.976576, 36.575542 ] } },
{ "type": "Feature", "properties": { "ID": 1651640840516, "正式名称": "りんどう薬局", "機関区分": 5, "都道府県コード": 16, "市区町村コード": 208, "所在地": "富山県砺波市三郎丸字茶畑島９４－６", "緯度": 36.655151, "経度": 136.968027, "url": "https://www.iryou.teikyouseido.mhlw.go.jp/znk-web/juminkanja/S2430/initialize?prefCd=16&kikanCd=1640840516&kikanKbn=5", "url2": "https://assist-ast.jp", "内容": "りんどう薬局【5:薬局】富山県砺波市三郎丸字茶畑島９４－６" }, "geometry": { "type": "Point", "coordinates": [ 136.968027, 36.655151 ] } },
{ "type": "Feature", "properties": { "ID": 1651640840532, "正式名称": "砺波ラベンダー薬局", "機関区分": 5, "都道府県コード": 16, "市区町村コード": 208, "所在地": "富山県砺波市中神２丁目３０", "緯度": 36.644729, "経度": 136.948273, "url": "https://www.iryou.teikyouseido.mhlw.go.jp/znk-web/juminkanja/S2430/initialize?prefCd=16&kikanCd=1640840532&kikanKbn=5", "url2": "https://tonamilavender.jp/", "内容": "砺波ラベンダー薬局【5:薬局】富山県砺波市中神２丁目３０" }, "geometry": { "type": "Point", "coordinates": [ 136.948273, 36.644729 ] } },
{ "type": "Feature", "properties": { "ID": 1651640940282, "正式名称": "ひなげし薬局小矢部新富町店", "機関区分": 5, "都道府県コード": 16, "市区町村コード": 209, "所在地": "富山県小矢部市新富町５－２２", "緯度": 36.677861, "経度": 136.873293, "url": "https://www.iryou.teikyouseido.mhlw.go.jp/znk-web/juminkanja/S2430/initialize?prefCd=16&kikanCd=1640940282&kikanKbn=5", "url2": null, "内容": "ひなげし薬局小矢部新富町店【5:薬局】富山県小矢部市新富町５－２２" }, "geometry": { "type": "Point", "coordinates": [ 136.873293, 36.677861 ] } },
{ "type": "Feature", "properties": { "ID": 1651640940308, "正式名称": "チューリップ石動薬局", "機関区分": 5, "都道府県コード": 16, "市区町村コード": 209, "所在地": "富山県小矢部市石動町１番６号", "緯度": 36.674886, "経度": 136.866069, "url": "https://www.iryou.teikyouseido.mhlw.go.jp/znk-web/juminkanja/S2430/initialize?prefCd=16&kikanCd=1640940308&kikanKbn=5", "url2": "https://www.tulip-tz.co.jp/", "内容": "チューリップ石動薬局【5:薬局】富山県小矢部市石動町１番６号" }, "geometry": { "type": "Point", "coordinates": [ 136.866069, 36.674886 ] } },
{ "type": "Feature", "properties": { "ID": 1651640940316, "正式名称": "Ｖ・ｄｒｕｇ　小矢部島薬局", "機関区分": 5, "都道府県コード": 16, "市区町村コード": 209, "所在地": "富山県小矢部市島２９４－９", "緯度": 36.659234, "経度": 136.875599, "url": "https://www.iryou.teikyouseido.mhlw.go.jp/znk-web/juminkanja/S2430/initialize?prefCd=16&kikanCd=1640940316&kikanKbn=5", "url2": null, "内容": "Ｖ・ｄｒｕｇ　小矢部島薬局【5:薬局】富山県小矢部市島２９４－９" }, "geometry": { "type": "Point", "coordinates": [ 136.875599, 36.659234 ] } },
{ "type": "Feature", "properties": { "ID": 1651640940324, "正式名称": "アイン薬局小矢部店", "機関区分": 5, "都道府県コード": 16, "市区町村コード": 209, "所在地": "富山県小矢部市野寺７３番１", "緯度": 36.664666, "経度": 136.892626, "url": "https://www.iryou.teikyouseido.mhlw.go.jp/znk-web/juminkanja/S2430/initialize?prefCd=16&kikanCd=1640940324&kikanKbn=5", "url2": "https://www.ainj.co.jp/", "内容": "アイン薬局小矢部店【5:薬局】富山県小矢部市野寺７３番１" }, "geometry": { "type": "Point", "coordinates": [ 136.892626, 36.664666 ] } },
{ "type": "Feature", "properties": { "ID": 1651640940340, "正式名称": "メルヘン薬局", "機関区分": 5, "都道府県コード": 16, "市区町村コード": 209, "所在地": "富山県小矢部市石動町１－１アネックスビル１Ｆ", "緯度": 36.67524, "経度": 136.866337, "url": "https://www.iryou.teikyouseido.mhlw.go.jp/znk-web/juminkanja/S2430/initialize?prefCd=16&kikanCd=1640940340&kikanKbn=5", "url2": "https://hans-pharmacy.co.jp/", "内容": "メルヘン薬局【5:薬局】富山県小矢部市石動町１－１アネックスビル１Ｆ" }, "geometry": { "type": "Point", "coordinates": [ 136.866337, 36.67524 ] } },
{ "type": "Feature", "properties": { "ID": 1651641740442, "正式名称": "さみさと薬局", "機関区分": 5, "都道府県コード": 16, "市区町村コード": 343, "所在地": "富山県下新川郡朝日町泊　４１５－２", "緯度": 36.956864, "経度": 137.558975, "url": "https://www.iryou.teikyouseido.mhlw.go.jp/znk-web/juminkanja/S2430/initialize?prefCd=16&kikanCd=1641740442&kikanKbn=5", "url2": "https://www.hans-pharmacy.co.jp/", "内容": "さみさと薬局【5:薬局】富山県下新川郡朝日町泊　４１５－２" }, "geometry": { "type": "Point", "coordinates": [ 137.558975, 36.956864 ] } },
{ "type": "Feature", "properties": { "ID": 1651641740517, "正式名称": "アイン薬局　あさひ総合病院店", "機関区分": 5, "都道府県コード": 16, "市区町村コード": 343, "所在地": "富山県下新川郡朝日町泊４７７番地", "緯度": 36.960149, "経度": 137.56132, "url": "https://www.iryou.teikyouseido.mhlw.go.jp/znk-web/juminkanja/S2430/initialize?prefCd=16&kikanCd=1641740517&kikanKbn=5", "url2": "http://www.ainj.co.jp/", "内容": "アイン薬局　あさひ総合病院店【5:薬局】富山県下新川郡朝日町泊４７７番地" }, "geometry": { "type": "Point", "coordinates": [ 137.56132, 36.960149 ] } },
{ "type": "Feature", "properties": { "ID": 1651641740525, "正式名称": "アップル薬局入善店", "機関区分": 5, "都道府県コード": 16, "市区町村コード": 342, "所在地": "富山県下新川郡入善町入膳７８６２", "緯度": 36.937507, "経度": 137.497679, "url": "https://www.iryou.teikyouseido.mhlw.go.jp/znk-web/juminkanja/S2430/initialize?prefCd=16&kikanCd=1641740525&kikanKbn=5", "url2": "http://teiku.co.jp", "内容": "アップル薬局入善店【5:薬局】富山県下新川郡入善町入膳７８６２" }, "geometry": { "type": "Point", "coordinates": [ 137.497679, 36.937507 ] } },
{ "type": "Feature", "properties": { "ID": 1651641940612, "正式名称": "スギ薬局　いみずの小杉店", "機関区分": 5, "都道府県コード": 16, "市区町村コード": 211, "所在地": "富山県射水市一条６番地５", "緯度": 36.714206, "経度": 137.087551, "url": "https://www.iryou.teikyouseido.mhlw.go.jp/znk-web/juminkanja/S2430/initialize?prefCd=16&kikanCd=1641940612&kikanKbn=5", "url2": "https://www.sugi-net.jp/stores/001555", "内容": "スギ薬局　いみずの小杉店【5:薬局】富山県射水市一条６番地５" }, "geometry": { "type": "Point", "coordinates": [ 137.087551, 36.714206 ] } },
{ "type": "Feature", "properties": { "ID": 1651641940653, "正式名称": "瑠璃光薬局小杉店", "機関区分": 5, "都道府県コード": 16, "市区町村コード": 211, "所在地": "富山県射水市戸破２５９６－１", "緯度": 36.719365, "経度": 137.108207, "url": "https://www.iryou.teikyouseido.mhlw.go.jp/znk-web/juminkanja/S2430/initialize?prefCd=16&kikanCd=1641940653&kikanKbn=5", "url2": "https://www.rurikou.jp/", "内容": "瑠璃光薬局小杉店【5:薬局】富山県射水市戸破２５９６－１" }, "geometry": { "type": "Point", "coordinates": [ 137.108207, 36.719365 ] } },
{ "type": "Feature", "properties": { "ID": 1651641940661, "正式名称": "クオール薬局射水店", "機関区分": 5, "都道府県コード": 16, "市区町村コード": 211, "所在地": "富山県射水市下若字高口１１２番－１", "緯度": 36.717538, "経度": 137.076994, "url": "https://www.iryou.teikyouseido.mhlw.go.jp/znk-web/juminkanja/S2430/initialize?prefCd=16&kikanCd=1641940661&kikanKbn=5", "url2": "https://www.qol-net.co.jp/", "内容": "クオール薬局射水店【5:薬局】富山県射水市下若字高口１１２番－１" }, "geometry": { "type": "Point", "coordinates": [ 137.076994, 36.717538 ] } },
{ "type": "Feature", "properties": { "ID": 1651641940679, "正式名称": "射水市役所前薬局", "機関区分": 5, "都道府県コード": 16, "市区町村コード": 211, "所在地": "富山県射水市新開発３９２番地５", "緯度": 36.729686, "経度": 137.076575, "url": "https://www.iryou.teikyouseido.mhlw.go.jp/znk-web/juminkanja/S2430/initialize?prefCd=16&kikanCd=1641940679&kikanKbn=5", "url2": "https://www.phstr.co.jp/imizushiyakusyomae", "内容": "射水市役所前薬局【5:薬局】富山県射水市新開発３９２番地５" }, "geometry": { "type": "Point", "coordinates": [ 137.076575, 36.729686 ] } },
{ "type": "Feature", "properties": { "ID": 1651641940687, "正式名称": "ウエルシア薬局射水足洗新町店", "機関区分": 5, "都道府県コード": 16, "市区町村コード": 211, "所在地": "富山県射水市足洗新町一丁目４番地", "緯度": 36.758524, "経度": 137.167826, "url": "https://www.iryou.teikyouseido.mhlw.go.jp/znk-web/juminkanja/S2430/initialize?prefCd=16&kikanCd=1641940687&kikanKbn=5", "url2": "https://store.welcia.co.jp/welcia/spot/detail?code=8731D", "内容": "ウエルシア薬局射水足洗新町店【5:薬局】富山県射水市足洗新町一丁目４番地" }, "geometry": { "type": "Point", "coordinates": [ 137.167826, 36.758524 ] } },
{ "type": "Feature", "properties": { "ID": 1651641940695, "正式名称": "さくらまち薬局", "機関区分": 5, "都道府県コード": 16, "市区町村コード": 211, "所在地": "富山県射水市桜町１６番２４号", "緯度": 36.776972, "経度": 137.083986, "url": "https://www.iryou.teikyouseido.mhlw.go.jp/znk-web/juminkanja/S2430/initialize?prefCd=16&kikanCd=1641940695&kikanKbn=5", "url2": "https://hans-pharmacy.co.jp/", "内容": "さくらまち薬局【5:薬局】富山県射水市桜町１６番２４号" }, "geometry": { "type": "Point", "coordinates": [ 137.083986, 36.776972 ] } },
{ "type": "Feature", "properties": { "ID": 1651641940703, "正式名称": "アイン薬局射水大門店", "機関区分": 5, "都道府県コード": 16, "市区町村コード": 211, "所在地": "富山県射水市大門１５１－２", "緯度": 36.732533, "経度": 137.048607, "url": "https://www.iryou.teikyouseido.mhlw.go.jp/znk-web/juminkanja/S2430/initialize?prefCd=16&kikanCd=1641940703&kikanKbn=5", "url2": "https://store.ainj.co.jp/detail/1101253/", "内容": "アイン薬局射水大門店【5:薬局】富山県射水市大門１５１－２" }, "geometry": { "type": "Point", "coordinates": [ 137.048607, 36.732533 ] } },
{ "type": "Feature", "properties": { "ID": 1651641940711, "正式名称": "クスリのアオキ太閤山薬局", "機関区分": 5, "都道府県コード": 16, "市区町村コード": 211, "所在地": "富山県射水市南太閤山１２丁目１番地１", "緯度": 36.698274, "経度": 137.096137, "url": "https://www.iryou.teikyouseido.mhlw.go.jp/znk-web/juminkanja/S2430/initialize?prefCd=16&kikanCd=1641940711&kikanKbn=5", "url2": "https://www.kusuri-aoki.co.jp/", "内容": "クスリのアオキ太閤山薬局【5:薬局】富山県射水市南太閤山１２丁目１番地１" }, "geometry": { "type": "Point", "coordinates": [ 137.096137, 36.698274 ] } },
{ "type": "Feature", "properties": { "ID": 1651641940745, "正式名称": "こじま薬局", "機関区分": 5, "都道府県コード": 16, "市区町村コード": 211, "所在地": "富山県射水市小島７８９番地２", "緯度": 36.734591, "経度": 137.061444, "url": "https://www.iryou.teikyouseido.mhlw.go.jp/znk-web/juminkanja/S2430/initialize?prefCd=16&kikanCd=1641940745&kikanKbn=5", "url2": null, "内容": "こじま薬局【5:薬局】富山県射水市小島７８９番地２" }, "geometry": { "type": "Point", "coordinates": [ 137.061444, 36.734591 ] } },
{ "type": "Feature", "properties": { "ID": 1651641940752, "正式名称": "サエラ薬局新湊店", "機関区分": 5, "都道府県コード": 16, "市区町村コード": 211, "所在地": "富山県射水市鏡宮１０９", "緯度": 36.759474, "経度": 137.082763, "url": "https://www.iryou.teikyouseido.mhlw.go.jp/znk-web/juminkanja/S2430/initialize?prefCd=16&kikanCd=1641940752&kikanKbn=5", "url2": "https://www.saera-ph.co.jp/shop/shinminato/", "内容": "サエラ薬局新湊店【5:薬局】富山県射水市鏡宮１０９" }, "geometry": { "type": "Point", "coordinates": [ 137.082763, 36.759474 ] } },
{ "type": "Feature", "properties": { "ID": 1651641940760, "正式名称": "コスギ薬局", "機関区分": 5, "都道府県コード": 16, "市区町村コード": 211, "所在地": "富山県射水市黒河新４８０８－６", "緯度": 36.704205, "経度": 137.102254, "url": "https://www.iryou.teikyouseido.mhlw.go.jp/znk-web/juminkanja/S2430/initialize?prefCd=16&kikanCd=1641940760&kikanKbn=5", "url2": "https://fiore-fiore.co.jp/", "内容": "コスギ薬局【5:薬局】富山県射水市黒河新４８０８－６" }, "geometry": { "type": "Point", "coordinates": [ 137.102254, 36.704205 ] } },
{ "type": "Feature", "properties": { "ID": 1651641940778, "正式名称": "しみず薬局", "機関区分": 5, "都道府県コード": 16, "市区町村コード": 211, "所在地": "富山県射水市中太閤山１－１－１", "緯度": 36.703619, "経度": 137.096558, "url": "https://www.iryou.teikyouseido.mhlw.go.jp/znk-web/juminkanja/S2430/initialize?prefCd=16&kikanCd=1641940778&kikanKbn=5", "url2": null, "内容": "しみず薬局【5:薬局】富山県射水市中太閤山１－１－１" }, "geometry": { "type": "Point", "coordinates": [ 137.096558, 36.703619 ] } },
{ "type": "Feature", "properties": { "ID": 1651642040420, "正式名称": "ファ－マライズ薬局　南砺店", "機関区分": 5, "都道府県コード": 16, "市区町村コード": 210, "所在地": "富山県南砺市井波９３８－１７", "緯度": 36.570222, "経度": 136.97417, "url": "https://www.iryou.teikyouseido.mhlw.go.jp/znk-web/juminkanja/S2430/initialize?prefCd=16&kikanCd=1642040420&kikanKbn=5", "url2": "http://www.pharmarise.com/", "内容": "ファ－マライズ薬局　南砺店【5:薬局】富山県南砺市井波９３８－１７" }, "geometry": { "type": "Point", "coordinates": [ 136.97417, 36.570222 ] } },
{ "type": "Feature", "properties": { "ID": 1651642040586, "正式名称": "アイン薬局南砺店", "機関区分": 5, "都道府県コード": 16, "市区町村コード": 210, "所在地": "富山県南砺市井波９３８番地３８", "緯度": 36.570646, "経度": 136.973454, "url": "https://www.iryou.teikyouseido.mhlw.go.jp/znk-web/juminkanja/S2430/initialize?prefCd=16&kikanCd=1642040586&kikanKbn=5", "url2": "https://www.ainj.co.jp/", "内容": "アイン薬局南砺店【5:薬局】富山県南砺市井波９３８番地３８" }, "geometry": { "type": "Point", "coordinates": [ 136.973454, 36.570646 ] } },
{ "type": "Feature", "properties": { "ID": 1651642040594, "正式名称": "アイン薬局南砺中央店", "機関区分": 5, "都道府県コード": 16, "市区町村コード": 210, "所在地": "富山県南砺市梅野１５９６－１", "緯度": 36.541157, "経度": 136.902626, "url": "https://www.iryou.teikyouseido.mhlw.go.jp/znk-web/juminkanja/S2430/initialize?prefCd=16&kikanCd=1642040594&kikanKbn=5", "url2": "www.ainj.co.jp", "内容": "アイン薬局南砺中央店【5:薬局】富山県南砺市梅野１５９６－１" }, "geometry": { "type": "Point", "coordinates": [ 136.902626, 36.541157 ] } },
{ "type": "Feature", "properties": { "ID": 1651642040602, "正式名称": "クスリのアオキ城端薬局", "機関区分": 5, "都道府県コード": 16, "市区町村コード": 210, "所在地": "富山県南砺市野田４８‐３", "緯度": 36.518224, "経度": 136.899475, "url": "https://www.iryou.teikyouseido.mhlw.go.jp/znk-web/juminkanja/S2430/initialize?prefCd=16&kikanCd=1642040602&kikanKbn=5", "url2": "https://www.kusuri-aoki.co.jp/", "内容": "クスリのアオキ城端薬局【5:薬局】富山県南砺市野田４８‐３" }, "geometry": { "type": "Point", "coordinates": [ 136.899475, 36.518224 ] } },
{ "type": "Feature", "properties": { "ID": 1655162000001, "正式名称": "アイビー薬局", "機関区分": 5, "都道府県コード": 16, "市区町村コード": 201, "所在地": "富山県富山市願海寺水口３９７番地６", "緯度": 36.72015, "経度": 137.140294, "url": "https://www.iryou.teikyouseido.mhlw.go.jp/znk-web/juminkanja/S2430/initialize?prefCd=16&kikanCd=5162000001&kikanKbn=5", "url2": "https://fiore-fiore.co.jp/", "内容": "アイビー薬局【5:薬局】富山県富山市願海寺水口３９７番地６" }, "geometry": { "type": "Point", "coordinates": [ 137.140294, 36.72015 ] } },
{ "type": "Feature", "properties": { "ID": 1655162000003, "正式名称": "あおば薬局　くれは店", "機関区分": 5, "都道府県コード": 16, "市区町村コード": 201, "所在地": "富山県富山市呉羽町７１８７－２７", "緯度": 36.711512, "経度": 137.171542, "url": "https://www.iryou.teikyouseido.mhlw.go.jp/znk-web/juminkanja/S2430/initialize?prefCd=16&kikanCd=5162000003&kikanKbn=5", "url2": "http://www.add-vantage.jp", "内容": "あおば薬局　くれは店【5:薬局】富山県富山市呉羽町７１８７－２７" }, "geometry": { "type": "Point", "coordinates": [ 137.171542, 36.711512 ] } },
{ "type": "Feature", "properties": { "ID": 1655162000004, "正式名称": "あおば薬局　水橋店", "機関区分": 5, "都道府県コード": 16, "市区町村コード": 201, "所在地": "富山県富山市水橋舘町４１５－１", "緯度": 36.751483, "経度": 137.30889, "url": "https://www.iryou.teikyouseido.mhlw.go.jp/znk-web/juminkanja/S2430/initialize?prefCd=16&kikanCd=5162000004&kikanKbn=5", "url2": "http://www.add-vantage.jp", "内容": "あおば薬局　水橋店【5:薬局】富山県富山市水橋舘町４１５－１" }, "geometry": { "type": "Point", "coordinates": [ 137.30889, 36.751483 ] } },
{ "type": "Feature", "properties": { "ID": 1655162000005, "正式名称": "あおば薬局　堀店", "機関区分": 5, "都道府県コード": 16, "市区町村コード": 201, "所在地": "富山県富山市堀２０８", "緯度": 36.653769, "経度": 137.230929, "url": "https://www.iryou.teikyouseido.mhlw.go.jp/znk-web/juminkanja/S2430/initialize?prefCd=16&kikanCd=5162000005&kikanKbn=5", "url2": "http://www.add-vantage.jp", "内容": "あおば薬局　堀店【5:薬局】富山県富山市堀２０８" }, "geometry": { "type": "Point", "coordinates": [ 137.230929, 36.653769 ] } },
{ "type": "Feature", "properties": { "ID": 1655162000007, "正式名称": "あねくら薬局", "機関区分": 5, "都道府県コード": 16, "市区町村コード": 201, "所在地": "富山県富山市呉羽町６２０３－８", "緯度": 36.712651, "経度": 137.169237, "url": "https://www.iryou.teikyouseido.mhlw.go.jp/znk-web/juminkanja/S2430/initialize?prefCd=16&kikanCd=5162000007&kikanKbn=5", "url2": "https://pharmacy-meiwa.com/", "内容": "あねくら薬局【5:薬局】富山県富山市呉羽町６２０３－８" }, "geometry": { "type": "Point", "coordinates": [ 137.169237, 36.712651 ] } },
{ "type": "Feature", "properties": { "ID": 1655162000008, "正式名称": "クオール薬局下飯野店", "機関区分": 5, "都道府県コード": 16, "市区町村コード": 201, "所在地": "富山県富山市下飯野字善門１２－１", "緯度": 36.737927, "経度": 137.256284, "url": "https://www.iryou.teikyouseido.mhlw.go.jp/znk-web/juminkanja/S2430/initialize?prefCd=16&kikanCd=5162000008&kikanKbn=5", "url2": "https://store.qol-net.co.jp/detail/77/", "内容": "クオール薬局下飯野店【5:薬局】富山県富山市下飯野字善門１２－１" }, "geometry": { "type": "Point", "coordinates": [ 137.256284, 36.737927 ] } },
{ "type": "Feature", "properties": { "ID": 1655162000017, "正式名称": "かみいいの薬局", "機関区分": 5, "都道府県コード": 16, "市区町村コード": 201, "所在地": "富山県富山市上飯野１番地の１", "緯度": 36.710347, "経度": 137.250758, "url": "https://www.iryou.teikyouseido.mhlw.go.jp/znk-web/juminkanja/S2430/initialize?prefCd=16&kikanCd=5162000017&kikanKbn=5", "url2": "http://www.medipham-izumi.co.jp", "内容": "かみいいの薬局【5:薬局】富山県富山市上飯野１番地の１" }, "geometry": { "type": "Point", "coordinates": [ 137.250758, 36.710347 ] } },
{ "type": "Feature", "properties": { "ID": 1655162000018, "正式名称": "クスリのアオキ婦中薬局", "機関区分": 5, "都道府県コード": 16, "市区町村コード": 201, "所在地": "富山県富山市婦中町宮ケ島３１５番地", "緯度": 36.666323, "経度": 137.169128, "url": "https://www.iryou.teikyouseido.mhlw.go.jp/znk-web/juminkanja/S2430/initialize?prefCd=16&kikanCd=5162000018&kikanKbn=5", "url2": "https://www.kusuri-aoki.co.jp/", "内容": "クスリのアオキ婦中薬局【5:薬局】富山県富山市婦中町宮ケ島３１５番地" }, "geometry": { "type": "Point", "coordinates": [ 137.169128, 36.666323 ] } },
{ "type": "Feature", "properties": { "ID": 1655162000021, "正式名称": "グリーン今泉薬局", "機関区分": 5, "都道府県コード": 16, "市区町村コード": 201, "所在地": "富山県富山市今泉３０２番１", "緯度": 36.672295, "経度": 137.211846, "url": "https://www.iryou.teikyouseido.mhlw.go.jp/znk-web/juminkanja/S2430/initialize?prefCd=16&kikanCd=5162000021&kikanKbn=5", "url2": "http://www.green-tz.com", "内容": "グリーン今泉薬局【5:薬局】富山県富山市今泉３０２番１" }, "geometry": { "type": "Point", "coordinates": [ 137.211846, 36.672295 ] } },
{ "type": "Feature", "properties": { "ID": 1655162000022, "正式名称": "ごそうつばさ薬局", "機関区分": 5, "都道府県コード": 16, "市区町村コード": 201, "所在地": "富山県富山市五艘１６３１－１", "緯度": 36.705697, "経度": 137.192855, "url": "https://www.iryou.teikyouseido.mhlw.go.jp/znk-web/juminkanja/S2430/initialize?prefCd=16&kikanCd=5162000022&kikanKbn=5", "url2": null, "内容": "ごそうつばさ薬局【5:薬局】富山県富山市五艘１６３１－１" }, "geometry": { "type": "Point", "coordinates": [ 137.192855, 36.705697 ] } },
{ "type": "Feature", "properties": { "ID": 1655162000023, "正式名称": "コムコム", "機関区分": 5, "都道府県コード": 16, "市区町村コード": 201, "所在地": "富山県富山市婦中町板倉２６８－１", "緯度": 36.656685, "経度": 137.1676, "url": "https://www.iryou.teikyouseido.mhlw.go.jp/znk-web/juminkanja/S2430/initialize?prefCd=16&kikanCd=5162000023&kikanKbn=5", "url2": null, "内容": "コムコム【5:薬局】富山県富山市婦中町板倉２６８－１" }, "geometry": { "type": "Point", "coordinates": [ 137.1676, 36.656685 ] } },
{ "type": "Feature", "properties": { "ID": 1655162000025, "正式名称": "さくら薬局　うしじま店", "機関区分": 5, "都道府県コード": 16, "市区町村コード": 201, "所在地": "富山県富山市牛島本町２－２－９", "緯度": 36.707902, "経度": 137.209872, "url": "https://www.iryou.teikyouseido.mhlw.go.jp/znk-web/juminkanja/S2430/initialize?prefCd=16&kikanCd=5162000025&kikanKbn=5", "url2": "https://www.kraft-net.co.jp/sakura/store/3367/", "内容": "さくら薬局　うしじま店【5:薬局】富山県富山市牛島本町２－２－９" }, "geometry": { "type": "Point", "coordinates": [ 137.209872, 36.707902 ] } },
{ "type": "Feature", "properties": { "ID": 1655162000026, "正式名称": "さくら薬局　ながえ店", "機関区分": 5, "都道府県コード": 16, "市区町村コード": 201, "所在地": "富山県富山市西長江３－１－７", "緯度": 36.691182, "経度": 137.237093, "url": "https://www.iryou.teikyouseido.mhlw.go.jp/znk-web/juminkanja/S2430/initialize?prefCd=16&kikanCd=5162000026&kikanKbn=5", "url2": "https://www.kraft-net.co.jp/sakura/store/3368/", "内容": "さくら薬局　ながえ店【5:薬局】富山県富山市西長江３－１－７" }, "geometry": { "type": "Point", "coordinates": [ 137.237093, 36.691182 ] } },
{ "type": "Feature", "properties": { "ID": 1655162000032, "正式名称": "すぎたに調剤薬局", "機関区分": 5, "都道府県コード": 16, "市区町村コード": 201, "所在地": "富山県富山市古沢６３１番地", "緯度": 36.689431, "経度": 137.144462, "url": "https://www.iryou.teikyouseido.mhlw.go.jp/znk-web/juminkanja/S2430/initialize?prefCd=16&kikanCd=5162000032&kikanKbn=5", "url2": "http://www.syoei-group.co.jp/", "内容": "すぎたに調剤薬局【5:薬局】富山県富山市古沢６３１番地" }, "geometry": { "type": "Point", "coordinates": [ 137.144462, 36.689431 ] } },
{ "type": "Feature", "properties": { "ID": 1655162000034, "正式名称": "チューリップ牛島薬局", "機関区分": 5, "都道府県コード": 16, "市区町村コード": 201, "所在地": "富山県富山市牛島本町２－２－９", "緯度": 36.707847, "経度": 137.210039, "url": "https://www.iryou.teikyouseido.mhlw.go.jp/znk-web/juminkanja/S2430/initialize?prefCd=16&kikanCd=5162000034&kikanKbn=5", "url2": "https://www.tulip-tz.co.jp/storeinfo/store_ushijima.html", "内容": "チューリップ牛島薬局【5:薬局】富山県富山市牛島本町２－２－９" }, "geometry": { "type": "Point", "coordinates": [ 137.210039, 36.707847 ] } },
{ "type": "Feature", "properties": { "ID": 1655162000035, "正式名称": "チューリップ元町薬局", "機関区分": 5, "都道府県コード": 16, "市区町村コード": 201, "所在地": "富山県富山市元町１丁目２番１２", "緯度": 36.688738, "経度": 137.228511, "url": "https://www.iryou.teikyouseido.mhlw.go.jp/znk-web/juminkanja/S2430/initialize?prefCd=16&kikanCd=5162000035&kikanKbn=5", "url2": "https://www.tulip-tz.co.jp/storeinfo/store_motomachi.html", "内容": "チューリップ元町薬局【5:薬局】富山県富山市元町１丁目２番１２" }, "geometry": { "type": "Point", "coordinates": [ 137.228511, 36.688738 ] } },
{ "type": "Feature", "properties": { "ID": 1655162000036, "正式名称": "チューリップ古沢薬局", "機関区分": 5, "都道府県コード": 16, "市区町村コード": 201, "所在地": "富山県富山市古沢５４７番地", "緯度": 36.691403, "経度": 137.145517, "url": "https://www.iryou.teikyouseido.mhlw.go.jp/znk-web/juminkanja/S2430/initialize?prefCd=16&kikanCd=5162000036&kikanKbn=5", "url2": "https://www.tulip-tz.co.jp/storeinfo/store_furusawa.html", "内容": "チューリップ古沢薬局【5:薬局】富山県富山市古沢５４７番地" }, "geometry": { "type": "Point", "coordinates": [ 137.145517, 36.691403 ] } },
{ "type": "Feature", "properties": { "ID": 1655162000037, "正式名称": "チューリップ呉羽高校前薬局", "機関区分": 5, "都道府県コード": 16, "市区町村コード": 201, "所在地": "富山県富山市呉羽町寺田２０７０－６", "緯度": 36.714956, "経度": 137.161043, "url": "https://www.iryou.teikyouseido.mhlw.go.jp/znk-web/juminkanja/S2430/initialize?prefCd=16&kikanCd=5162000037&kikanKbn=5", "url2": "https://www.tulip-tz.co.jp/storeinfo/store_kurehakoukoumae.html", "内容": "チューリップ呉羽高校前薬局【5:薬局】富山県富山市呉羽町寺田２０７０－６" }, "geometry": { "type": "Point", "coordinates": [ 137.161043, 36.714956 ] } },
{ "type": "Feature", "properties": { "ID": 1655162000038, "正式名称": "チューリップ呉羽薬局", "機関区分": 5, "都道府県コード": 16, "市区町村コード": 201, "所在地": "富山県富山市呉羽町７３３１－１３", "緯度": 36.70954, "経度": 137.174736, "url": "https://www.iryou.teikyouseido.mhlw.go.jp/znk-web/juminkanja/S2430/initialize?prefCd=16&kikanCd=5162000038&kikanKbn=5", "url2": "https://www.tulip-tz.co.jp/storeinfo/store_kureha.html", "内容": "チューリップ呉羽薬局【5:薬局】富山県富山市呉羽町７３３１－１３" }, "geometry": { "type": "Point", "coordinates": [ 137.174736, 36.70954 ] } },
{ "type": "Feature", "properties": { "ID": 1655162000039, "正式名称": "チューリップ砂子田薬局", "機関区分": 5, "都道府県コード": 16, "市区町村コード": 201, "所在地": "富山県富山市婦中町砂子田８１－２６５", "緯度": 36.655296, "経度": 137.162268, "url": "https://www.iryou.teikyouseido.mhlw.go.jp/znk-web/juminkanja/S2430/initialize?prefCd=16&kikanCd=5162000039&kikanKbn=5", "url2": "https://www.tulip-tz.co.jp/storeinfo/store_sunagoda.html", "内容": "チューリップ砂子田薬局【5:薬局】富山県富山市婦中町砂子田８１－２６５" }, "geometry": { "type": "Point", "coordinates": [ 137.162268, 36.655296 ] } },
{ "type": "Feature", "properties": { "ID": 1655162000040, "正式名称": "チューリップ山室薬局", "機関区分": 5, "都道府県コード": 16, "市区町村コード": 201, "所在地": "富山県富山市山室４３番地の９", "緯度": 36.673379, "経度": 137.236705, "url": "https://www.iryou.teikyouseido.mhlw.go.jp/znk-web/juminkanja/S2430/initialize?prefCd=16&kikanCd=5162000040&kikanKbn=5", "url2": "https://www.tulip-tz.co.jp/storeinfo/store_yamamuro.html", "内容": "チューリップ山室薬局【5:薬局】富山県富山市山室４３番地の９" }, "geometry": { "type": "Point", "coordinates": [ 137.236705, 36.673379 ] } },
{ "type": "Feature", "properties": { "ID": 1655162000041, "正式名称": "チューリップ城川原北薬局", "機関区分": 5, "都道府県コード": 16, "市区町村コード": 201, "所在地": "富山県富山市城川原２丁目２０－１", "緯度": 36.7319, "経度": 137.226564, "url": "https://www.iryou.teikyouseido.mhlw.go.jp/znk-web/juminkanja/S2430/initialize?prefCd=16&kikanCd=5162000041&kikanKbn=5", "url2": "https://www.tulip-tz.co.jp/storeinfo/store_jogawarakita.html", "内容": "チューリップ城川原北薬局【5:薬局】富山県富山市城川原２丁目２０－１" }, "geometry": { "type": "Point", "coordinates": [ 137.226564, 36.7319 ] } },
{ "type": "Feature", "properties": { "ID": 1655162000042, "正式名称": "チューリップ水橋薬局", "機関区分": 5, "都道府県コード": 16, "市区町村コード": 201, "所在地": "富山県富山市水橋辻ケ堂１２７５－１６９", "緯度": 36.744927, "経度": 137.297308, "url": "https://www.iryou.teikyouseido.mhlw.go.jp/znk-web/juminkanja/S2430/initialize?prefCd=16&kikanCd=5162000042&kikanKbn=5", "url2": "https://www.tulip-tz.co.jp/storeinfo/store_mizuhashi.html", "内容": "チューリップ水橋薬局【5:薬局】富山県富山市水橋辻ケ堂１２７５－１６９" }, "geometry": { "type": "Point", "coordinates": [ 137.297308, 36.744927 ] } },
{ "type": "Feature", "properties": { "ID": 1655162000043, "正式名称": "チューリップ大泉本町薬局", "機関区分": 5, "都道府県コード": 16, "市区町村コード": 201, "所在地": "富山県富山市大泉本町２丁目３－１５", "緯度": 36.677072, "経度": 137.225289, "url": "https://www.iryou.teikyouseido.mhlw.go.jp/znk-web/juminkanja/S2430/initialize?prefCd=16&kikanCd=5162000043&kikanKbn=5", "url2": "https://www.tulip-tz.co.jp/storeinfo/store_ooizumihonmachi.html", "内容": "チューリップ大泉本町薬局【5:薬局】富山県富山市大泉本町２丁目３－１５" }, "geometry": { "type": "Point", "coordinates": [ 137.225289, 36.677072 ] } },
{ "type": "Feature", "properties": { "ID": 1655162000044, "正式名称": "チューリップ大沢野薬局", "機関区分": 5, "都道府県コード": 16, "市区町村コード": 201, "所在地": "富山県富山市上二杉６１０", "緯度": 36.590809, "経度": 137.201965, "url": "https://www.iryou.teikyouseido.mhlw.go.jp/znk-web/juminkanja/S2430/initialize?prefCd=16&kikanCd=5162000044&kikanKbn=5", "url2": "https://www.tulip-tz.co.jp/storeinfo/store_oosawano.html", "内容": "チューリップ大沢野薬局【5:薬局】富山県富山市上二杉６１０" }, "geometry": { "type": "Point", "coordinates": [ 137.201965, 36.590809 ] } },
{ "type": "Feature", "properties": { "ID": 1655162000045, "正式名称": "チューリップ町村薬局", "機関区分": 5, "都道府県コード": 16, "市区町村コード": 201, "所在地": "富山県富山市町村２丁目３３", "緯度": 36.681267, "経度": 137.257592, "url": "https://www.iryou.teikyouseido.mhlw.go.jp/znk-web/juminkanja/S2430/initialize?prefCd=16&kikanCd=5162000045&kikanKbn=5", "url2": "https://www.tulip-tz.co.jp/storeinfo/store_machimura.html", "内容": "チューリップ町村薬局【5:薬局】富山県富山市町村２丁目３３" }, "geometry": { "type": "Point", "coordinates": [ 137.257592, 36.681267 ] } },
{ "type": "Feature", "properties": { "ID": 1655162000046, "正式名称": "チューリップ長江中央薬局", "機関区分": 5, "都道府県コード": 16, "市区町村コード": 201, "所在地": "富山県富山市西長江３－１－７", "緯度": 36.691182, "経度": 137.236676, "url": "https://www.iryou.teikyouseido.mhlw.go.jp/znk-web/juminkanja/S2430/initialize?prefCd=16&kikanCd=5162000046&kikanKbn=5", "url2": "https://www.tulip-tz.co.jp/storeinfo/store_nagaechuo.html", "内容": "チューリップ長江中央薬局【5:薬局】富山県富山市西長江３－１－７" }, "geometry": { "type": "Point", "coordinates": [ 137.236676, 36.691182 ] } },
{ "type": "Feature", "properties": { "ID": 1655162000048, "正式名称": "チューリップ楠木薬局", "機関区分": 5, "都道府県コード": 16, "市区町村コード": 201, "所在地": "富山県富山市楠木４３－３", "緯度": 36.736372, "経度": 137.255506, "url": "https://www.iryou.teikyouseido.mhlw.go.jp/znk-web/juminkanja/S2430/initialize?prefCd=16&kikanCd=5162000048&kikanKbn=5", "url2": "https://www.tulip-tz.co.jp/storeinfo/store_kusunoki.html", "内容": "チューリップ楠木薬局【5:薬局】富山県富山市楠木４３－３" }, "geometry": { "type": "Point", "coordinates": [ 137.255506, 36.736372 ] } },
{ "type": "Feature", "properties": { "ID": 1655162000050, "正式名称": "つきおか　つばさ薬局", "機関区分": 5, "都道府県コード": 16, "市区町村コード": 201, "所在地": "富山県富山市月岡町４丁目７０１番２", "緯度": 36.62372, "経度": 137.255635, "url": "https://www.iryou.teikyouseido.mhlw.go.jp/znk-web/juminkanja/S2430/initialize?prefCd=16&kikanCd=5162000050&kikanKbn=5", "url2": "https://www.e-classa.net/t-tubasayaku", "内容": "つきおか　つばさ薬局【5:薬局】富山県富山市月岡町４丁目７０１番２" }, "geometry": { "type": "Point", "coordinates": [ 137.255635, 36.62372 ] } },
{ "type": "Feature", "properties": { "ID": 1655162000052, "正式名称": "ウエルシア薬局富山大泉店", "機関区分": 5, "都道府県コード": 16, "市区町村コード": 201, "所在地": "富山県富山市大泉町２－２－１", "緯度": 36.682332, "経度": 137.22281, "url": "https://www.iryou.teikyouseido.mhlw.go.jp/znk-web/juminkanja/S2430/initialize?prefCd=16&kikanCd=5162000052&kikanKbn=5", "url2": "https://stores.welcia.co.jp/8629D", "内容": "ウエルシア薬局富山大泉店【5:薬局】富山県富山市大泉町２－２－１" }, "geometry": { "type": "Point", "coordinates": [ 137.22281, 36.682332 ] } },
{ "type": "Feature", "properties": { "ID": 1655162000054, "正式名称": "どれみ薬局", "機関区分": 5, "都道府県コード": 16, "市区町村コード": 201, "所在地": "富山県富山市石金３－１－３６", "緯度": 36.686988, "経度": 137.23651, "url": "https://www.iryou.teikyouseido.mhlw.go.jp/znk-web/juminkanja/S2430/initialize?prefCd=16&kikanCd=5162000054&kikanKbn=5", "url2": "www.p-doremi.com", "内容": "どれみ薬局【5:薬局】富山県富山市石金３－１－３６" }, "geometry": { "type": "Point", "coordinates": [ 137.23651, 36.686988 ] } },
{ "type": "Feature", "properties": { "ID": 1655162000055, "正式名称": "ノガミ薬局", "機関区分": 5, "都道府県コード": 16, "市区町村コード": 201, "所在地": "富山県富山市婦中町田島１０４０－１", "緯度": 36.672239, "経度": 137.17846, "url": "https://www.iryou.teikyouseido.mhlw.go.jp/znk-web/juminkanja/S2430/initialize?prefCd=16&kikanCd=5162000055&kikanKbn=5", "url2": "meiwa-ph.com", "内容": "ノガミ薬局【5:薬局】富山県富山市婦中町田島１０４０－１" }, "geometry": { "type": "Point", "coordinates": [ 137.17846, 36.672239 ] } },
{ "type": "Feature", "properties": { "ID": 1655162000058, "正式名称": "はやほし調剤薬局", "機関区分": 5, "都道府県コード": 16, "市区町村コード": 201, "所在地": "富山県富山市婦中町速星８０７－１", "緯度": 36.660462, "経度": 137.161434, "url": "https://www.iryou.teikyouseido.mhlw.go.jp/znk-web/juminkanja/S2430/initialize?prefCd=16&kikanCd=5162000058&kikanKbn=5", "url2": "https://hayahoshids.com/", "内容": "はやほし調剤薬局【5:薬局】富山県富山市婦中町速星８０７－１" }, "geometry": { "type": "Point", "coordinates": [ 137.161434, 36.660462 ] } },
{ "type": "Feature", "properties": { "ID": 1655162000059, "正式名称": "ひこ薬局", "機関区分": 5, "都道府県コード": 16, "市区町村コード": 201, "所在地": "富山県富山市赤田７７６－５", "緯度": 36.656748, "経度": 137.214976, "url": "https://www.iryou.teikyouseido.mhlw.go.jp/znk-web/juminkanja/S2430/initialize?prefCd=16&kikanCd=5162000059&kikanKbn=5", "url2": null, "内容": "ひこ薬局【5:薬局】富山県富山市赤田７７６－５" }, "geometry": { "type": "Point", "coordinates": [ 137.214976, 36.656748 ] } },
{ "type": "Feature", "properties": { "ID": 1655162000060, "正式名称": "ひばり薬局", "機関区分": 5, "都道府県コード": 16, "市区町村コード": 201, "所在地": "富山県富山市稲荷元町２丁目２－９　ペルレ平安１Ｆ", "緯度": 36.697376, "経度": 137.229593, "url": "https://www.iryou.teikyouseido.mhlw.go.jp/znk-web/juminkanja/S2430/initialize?prefCd=16&kikanCd=5162000060&kikanKbn=5", "url2": "https://www.hibari-pharmacy.com/hibari-yakkyoku", "内容": "ひばり薬局【5:薬局】富山県富山市稲荷元町２丁目２－９　ペルレ平安１Ｆ" }, "geometry": { "type": "Point", "coordinates": [ 137.229593, 36.697376 ] } },
{ "type": "Feature", "properties": { "ID": 1655162000061, "正式名称": "フジイ薬局", "機関区分": 5, "都道府県コード": 16, "市区町村コード": 201, "所在地": "富山県富山市上飯野新町３－３９１", "緯度": 36.707958, "経度": 137.253535, "url": "https://www.iryou.teikyouseido.mhlw.go.jp/znk-web/juminkanja/S2430/initialize?prefCd=16&kikanCd=5162000061&kikanKbn=5", "url2": null, "内容": "フジイ薬局【5:薬局】富山県富山市上飯野新町３－３９１" }, "geometry": { "type": "Point", "coordinates": [ 137.253535, 36.707958 ] } },
{ "type": "Feature", "properties": { "ID": 1655162000062, "正式名称": "フジムラ薬局", "機関区分": 5, "都道府県コード": 16, "市区町村コード": 201, "所在地": "富山県富山市上大久保１８９３番地１", "緯度": 36.580638, "経度": 137.206906, "url": "https://www.iryou.teikyouseido.mhlw.go.jp/znk-web/juminkanja/S2430/initialize?prefCd=16&kikanCd=5162000062&kikanKbn=5", "url2": "http://fujimura-ph.com/", "内容": "フジムラ薬局【5:薬局】富山県富山市上大久保１８９３番地１" }, "geometry": { "type": "Point", "coordinates": [ 137.206906, 36.580638 ] } },
{ "type": "Feature", "properties": { "ID": 1655162000063, "正式名称": "フジムラ薬局キャロット１店", "機関区分": 5, "都道府県コード": 16, "市区町村コード": 201, "所在地": "富山県富山市下大久保２５１３－１　キャロット１内", "緯度": 36.605802, "経度": 137.202572, "url": "https://www.iryou.teikyouseido.mhlw.go.jp/znk-web/juminkanja/S2430/initialize?prefCd=16&kikanCd=5162000063&kikanKbn=5", "url2": "http://fujimura-ph.com/", "内容": "フジムラ薬局キャロット１店【5:薬局】富山県富山市下大久保２５１３－１　キャロット１内" }, "geometry": { "type": "Point", "coordinates": [ 137.202572, 36.605802 ] } },
{ "type": "Feature", "properties": { "ID": 1655162000068, "正式名称": "ホシ薬局", "機関区分": 5, "都道府県コード": 16, "市区町村コード": 201, "所在地": "富山県富山市婦中町笹倉２２－１", "緯度": 36.661383, "経度": 137.156786, "url": "https://www.iryou.teikyouseido.mhlw.go.jp/znk-web/juminkanja/S2430/initialize?prefCd=16&kikanCd=5162000068&kikanKbn=5", "url2": null, "内容": "ホシ薬局【5:薬局】富山県富山市婦中町笹倉２２－１" }, "geometry": { "type": "Point", "coordinates": [ 137.156786, 36.661383 ] } },
{ "type": "Feature", "properties": { "ID": 1655162000069, "正式名称": "ほんごう薬局", "機関区分": 5, "都道府県コード": 16, "市区町村コード": 201, "所在地": "富山県富山市本郷町１３０－１２", "緯度": 36.662074, "経度": 137.2364, "url": "https://www.iryou.teikyouseido.mhlw.go.jp/znk-web/juminkanja/S2430/initialize?prefCd=16&kikanCd=5162000069&kikanKbn=5", "url2": "https://minnanohigai.web.fc2.com/", "内容": "ほんごう薬局【5:薬局】富山県富山市本郷町１３０－１２" }, "geometry": { "type": "Point", "coordinates": [ 137.2364, 36.662074 ] } },
{ "type": "Feature", "properties": { "ID": 1655162000073, "正式名称": "ヤマト薬局", "機関区分": 5, "都道府県コード": 16, "市区町村コード": 201, "所在地": "富山県富山市婦中町速星２６１－１", "緯度": 36.662962, "経度": 137.165406, "url": "https://www.iryou.teikyouseido.mhlw.go.jp/znk-web/juminkanja/S2430/initialize?prefCd=16&kikanCd=5162000073&kikanKbn=5", "url2": "http://www.green-tz.com", "内容": "ヤマト薬局【5:薬局】富山県富山市婦中町速星２６１－１" }, "geometry": { "type": "Point", "coordinates": [ 137.165406, 36.662962 ] } },
{ "type": "Feature", "properties": { "ID": 1655162000074, "正式名称": "ライフ薬局", "機関区分": 5, "都道府県コード": 16, "市区町村コード": 201, "所在地": "富山県富山市呉羽町７０８５番地", "緯度": 36.710873, "経度": 137.17007, "url": "https://www.iryou.teikyouseido.mhlw.go.jp/znk-web/juminkanja/S2430/initialize?prefCd=16&kikanCd=5162000074&kikanKbn=5", "url2": "http://lifeyakuhin.co.jp", "内容": "ライフ薬局【5:薬局】富山県富山市呉羽町７０８５番地" }, "geometry": { "type": "Point", "coordinates": [ 137.17007, 36.710873 ] } },
{ "type": "Feature", "properties": { "ID": 1655162000076, "正式名称": "一番町薬局", "機関区分": 5, "都道府県コード": 16, "市区町村コード": 201, "所在地": "富山県富山市一番町４番１７号", "緯度": 36.688293, "経度": 137.211734, "url": "https://www.iryou.teikyouseido.mhlw.go.jp/znk-web/juminkanja/S2430/initialize?prefCd=16&kikanCd=5162000076&kikanKbn=5", "url2": null, "内容": "一番町薬局【5:薬局】富山県富山市一番町４番１７号" }, "geometry": { "type": "Point", "coordinates": [ 137.211734, 36.688293 ] } },
{ "type": "Feature", "properties": { "ID": 1655162000079, "正式名称": "加藤薬局", "機関区分": 5, "都道府県コード": 16, "市区町村コード": 201, "所在地": "富山県富山市太田口通り３丁目４－８", "緯度": 36.684349, "経度": 137.215484, "url": "https://www.iryou.teikyouseido.mhlw.go.jp/znk-web/juminkanja/S2430/initialize?prefCd=16&kikanCd=5162000079&kikanKbn=5", "url2": null, "内容": "加藤薬局【5:薬局】富山県富山市太田口通り３丁目４－８" }, "geometry": { "type": "Point", "coordinates": [ 137.215484, 36.684349 ] } },
{ "type": "Feature", "properties": { "ID": 1655162000080, "正式名称": "そうごう薬局双代店", "機関区分": 5, "都道府県コード": 16, "市区町村コード": 201, "所在地": "富山県富山市西長江１－３－５１", "緯度": 36.694682, "経度": 137.234288, "url": "https://www.iryou.teikyouseido.mhlw.go.jp/znk-web/juminkanja/S2430/initialize?prefCd=16&kikanCd=5162000080&kikanKbn=5", "url2": "https://www.sogo-medical.co.jp/sogopharmacy/shop/view/422", "内容": "そうごう薬局双代店【5:薬局】富山県富山市西長江１－３－５１" }, "geometry": { "type": "Point", "coordinates": [ 137.234288, 36.694682 ] } },
{ "type": "Feature", "properties": { "ID": 1655162000081, "正式名称": "株式会社池田屋安兵衛商店", "機関区分": 5, "都道府県コード": 16, "市区町村コード": 201, "所在地": "富山県富山市堤町通り１丁目３番５号", "緯度": 36.688571, "経度": 137.217678, "url": "https://www.iryou.teikyouseido.mhlw.go.jp/znk-web/juminkanja/S2430/initialize?prefCd=16&kikanCd=5162000081&kikanKbn=5", "url2": null, "内容": "株式会社池田屋安兵衛商店【5:薬局】富山県富山市堤町通り１丁目３番５号" }, "geometry": { "type": "Point", "coordinates": [ 137.217678, 36.688571 ] } },
{ "type": "Feature", "properties": { "ID": 1655162000084, "正式名称": "五福薬局", "機関区分": 5, "都道府県コード": 16, "市区町村コード": 201, "所在地": "富山県富山市高田１１９番１", "緯度": 36.684601, "経度": 137.184382, "url": "https://www.iryou.teikyouseido.mhlw.go.jp/znk-web/juminkanja/S2430/initialize?prefCd=16&kikanCd=5162000084&kikanKbn=5", "url2": "https://pharmacy-meiwa.com/", "内容": "五福薬局【5:薬局】富山県富山市高田１１９番１" }, "geometry": { "type": "Point", "coordinates": [ 137.184382, 36.684601 ] } },
{ "type": "Feature", "properties": { "ID": 1655162000085, "正式名称": "江本薬局", "機関区分": 5, "都道府県コード": 16, "市区町村コード": 201, "所在地": "富山県富山市八尾町東町２２１２－１", "緯度": 36.57747, "経度": 137.135662, "url": "https://www.iryou.teikyouseido.mhlw.go.jp/znk-web/juminkanja/S2430/initialize?prefCd=16&kikanCd=5162000085&kikanKbn=5", "url2": "okusuri-emoto.com", "内容": "江本薬局【5:薬局】富山県富山市八尾町東町２２１２－１" }, "geometry": { "type": "Point", "coordinates": [ 137.135662, 36.57747 ] } },
{ "type": "Feature", "properties": { "ID": 1655162000092, "正式名称": "寺田薬局", "機関区分": 5, "都道府県コード": 16, "市区町村コード": 201, "所在地": "富山県富山市中央通り１丁目６番４号", "緯度": 36.689376, "経度": 137.216039, "url": "https://www.iryou.teikyouseido.mhlw.go.jp/znk-web/juminkanja/S2430/initialize?prefCd=16&kikanCd=5162000092&kikanKbn=5", "url2": null, "内容": "寺田薬局【5:薬局】富山県富山市中央通り１丁目６番４号" }, "geometry": { "type": "Point", "coordinates": [ 137.216039, 36.689376 ] } },
{ "type": "Feature", "properties": { "ID": 1655162000099, "正式名称": "星井町薬局", "機関区分": 5, "都道府県コード": 16, "市区町村コード": 201, "所在地": "富山県富山市星井町２丁目７－３９", "緯度": 36.683909, "経度": 137.212272, "url": "https://www.iryou.teikyouseido.mhlw.go.jp/znk-web/juminkanja/S2430/initialize?prefCd=16&kikanCd=5162000099&kikanKbn=5", "url2": "http://www.medipham-izumi.co.jp", "内容": "星井町薬局【5:薬局】富山県富山市星井町２丁目７－３９" }, "geometry": { "type": "Point", "coordinates": [ 137.212272, 36.683909 ] } },
{ "type": "Feature", "properties": { "ID": 1655162000100, "正式名称": "清宗薬局", "機関区分": 5, "都道府県コード": 16, "市区町村コード": 201, "所在地": "富山県富山市中央通り３－１－２３", "緯度": 36.689821, "経度": 137.221455, "url": "https://www.iryou.teikyouseido.mhlw.go.jp/znk-web/juminkanja/S2430/initialize?prefCd=16&kikanCd=5162000100&kikanKbn=5", "url2": null, "内容": "清宗薬局【5:薬局】富山県富山市中央通り３－１－２３" }, "geometry": { "type": "Point", "coordinates": [ 137.221455, 36.689821 ] } },
{ "type": "Feature", "properties": { "ID": 1655162000101, "正式名称": "西田地方薬局", "機関区分": 5, "都道府県コード": 16, "市区町村コード": 201, "所在地": "富山県富山市太郎丸西町１丁目９の１７", "緯度": 36.677961, "経度": 137.207596, "url": "https://www.iryou.teikyouseido.mhlw.go.jp/znk-web/juminkanja/S2430/initialize?prefCd=16&kikanCd=5162000101&kikanKbn=5", "url2": null, "内容": "西田地方薬局【5:薬局】富山県富山市太郎丸西町１丁目９の１７" }, "geometry": { "type": "Point", "coordinates": [ 137.207596, 36.677961 ] } },
{ "type": "Feature", "properties": { "ID": 1655162000102, "正式名称": "西尾薬局", "機関区分": 5, "都道府県コード": 16, "市区町村コード": 201, "所在地": "富山県富山市五福２３３７番地５", "緯度": 36.696542, "経度": 137.193763, "url": "https://www.iryou.teikyouseido.mhlw.go.jp/znk-web/juminkanja/S2430/initialize?prefCd=16&kikanCd=5162000102&kikanKbn=5", "url2": "http://www.alterna-inc.jp", "内容": "西尾薬局【5:薬局】富山県富山市五福２３３７番地５" }, "geometry": { "type": "Point", "coordinates": [ 137.193763, 36.696542 ] } },
{ "type": "Feature", "properties": { "ID": 1655162000103, "正式名称": "西尾薬局婦中店", "機関区分": 5, "都道府県コード": 16, "市区町村コード": 201, "所在地": "富山県富山市婦中町板倉４６２－３", "緯度": 36.658434, "経度": 137.166961, "url": "https://www.iryou.teikyouseido.mhlw.go.jp/znk-web/juminkanja/S2430/initialize?prefCd=16&kikanCd=5162000103&kikanKbn=5", "url2": "http://www.alterna-inc.jp/", "内容": "西尾薬局婦中店【5:薬局】富山県富山市婦中町板倉４６２－３" }, "geometry": { "type": "Point", "coordinates": [ 137.166961, 36.658434 ] } },
{ "type": "Feature", "properties": { "ID": 1655162000104, "正式名称": "はなの木薬局　アピタ富山店", "機関区分": 5, "都道府県コード": 16, "市区町村コード": 201, "所在地": "富山県富山市上袋１００　アピタ富山店１Ｆ", "緯度": 36.660852, "経度": 137.211541, "url": "https://www.iryou.teikyouseido.mhlw.go.jp/znk-web/juminkanja/S2430/initialize?prefCd=16&kikanCd=5162000104&kikanKbn=5", "url2": "http://www.hananoki-ymt.com/", "内容": "はなの木薬局　アピタ富山店【5:薬局】富山県富山市上袋１００　アピタ富山店１Ｆ" }, "geometry": { "type": "Point", "coordinates": [ 137.211541, 36.660852 ] } },
{ "type": "Feature", "properties": { "ID": 1655162000107, "正式名称": "蔵薬局", "機関区分": 5, "都道府県コード": 16, "市区町村コード": 201, "所在地": "富山県富山市上千俵町５６２－２", "緯度": 36.619829, "経度": 137.25179, "url": "https://www.iryou.teikyouseido.mhlw.go.jp/znk-web/juminkanja/S2430/initialize?prefCd=16&kikanCd=5162000107&kikanKbn=5", "url2": null, "内容": "蔵薬局【5:薬局】富山県富山市上千俵町５６２－２" }, "geometry": { "type": "Point", "coordinates": [ 137.25179, 36.619829 ] } },
{ "type": "Feature", "properties": { "ID": 1655162000108, "正式名称": "さくら薬局富山大学前店", "機関区分": 5, "都道府県コード": 16, "市区町村コード": 201, "所在地": "富山県富山市古沢７４６－２", "緯度": 36.686875, "経度": 137.143212, "url": "https://www.iryou.teikyouseido.mhlw.go.jp/znk-web/juminkanja/S2430/initialize?prefCd=16&kikanCd=5162000108&kikanKbn=5", "url2": "http://www.kraft-net.co.jp/sakura/", "内容": "さくら薬局富山大学前店【5:薬局】富山県富山市古沢７４６－２" }, "geometry": { "type": "Point", "coordinates": [ 137.143212, 36.686875 ] } },
{ "type": "Feature", "properties": { "ID": 1655162000111, "正式名称": "大田薬局", "機関区分": 5, "都道府県コード": 16, "市区町村コード": 201, "所在地": "富山県富山市小泉町１４４番地", "緯度": 36.677961, "経度": 137.217706, "url": "https://www.iryou.teikyouseido.mhlw.go.jp/znk-web/juminkanja/S2430/initialize?prefCd=16&kikanCd=5162000111&kikanKbn=5", "url2": null, "内容": "大田薬局【5:薬局】富山県富山市小泉町１４４番地" }, "geometry": { "type": "Point", "coordinates": [ 137.217706, 36.677961 ] } },
{ "type": "Feature", "properties": { "ID": 1655162000113, "正式名称": "Ｖ・ｄｒｕｇ　富山太郎丸薬局", "機関区分": 5, "都道府県コード": 16, "市区町村コード": 201, "所在地": "富山県富山市太郎丸本町４－２－５", "緯度": 36.673989, "経度": 137.212151, "url": "https://www.iryou.teikyouseido.mhlw.go.jp/znk-web/juminkanja/S2430/initialize?prefCd=16&kikanCd=5162000113&kikanKbn=5", "url2": "http://www.chubuyakuhin.co.jp", "内容": "Ｖ・ｄｒｕｇ　富山太郎丸薬局【5:薬局】富山県富山市太郎丸本町４－２－５" }, "geometry": { "type": "Point", "coordinates": [ 137.212151, 36.673989 ] } },
{ "type": "Feature", "properties": { "ID": 1655162000115, "正式名称": "長沢薬局", "機関区分": 5, "都道府県コード": 16, "市区町村コード": 201, "所在地": "富山県富山市高屋敷８３３－１　タカサンビル１Ｆ", "緯度": 36.671379, "経度": 137.243871, "url": "https://www.iryou.teikyouseido.mhlw.go.jp/znk-web/juminkanja/S2430/initialize?prefCd=16&kikanCd=5162000115&kikanKbn=5", "url2": null, "内容": "長沢薬局【5:薬局】富山県富山市高屋敷８３３－１　タカサンビル１Ｆ" }, "geometry": { "type": "Point", "coordinates": [ 137.243871, 36.671379 ] } },
{ "type": "Feature", "properties": { "ID": 1655162000117, "正式名称": "南ヶ丘グリーン薬局", "機関区分": 5, "都道府県コード": 16, "市区町村コード": 201, "所在地": "富山県富山市月岡町６丁目４８－２", "緯度": 36.634855, "経度": 137.241956, "url": "https://www.iryou.teikyouseido.mhlw.go.jp/znk-web/juminkanja/S2430/initialize?prefCd=16&kikanCd=5162000117&kikanKbn=5", "url2": "http://www.green-tz.com", "内容": "南ヶ丘グリーン薬局【5:薬局】富山県富山市月岡町６丁目４８－２" }, "geometry": { "type": "Point", "coordinates": [ 137.241956, 36.634855 ] } },
{ "type": "Feature", "properties": { "ID": 1655162000118, "正式名称": "Ｖ・ｄｒｕｇ　もえぎ調剤薬局", "機関区分": 5, "都道府県コード": 16, "市区町村コード": 201, "所在地": "富山県富山市大町１－４", "緯度": 36.670879, "経度": 137.222234, "url": "https://www.iryou.teikyouseido.mhlw.go.jp/znk-web/juminkanja/S2430/initialize?prefCd=16&kikanCd=5162000118&kikanKbn=5", "url2": "https://vdrug.co.jp/pharmacy/", "内容": "Ｖ・ｄｒｕｇ　もえぎ調剤薬局【5:薬局】富山県富山市大町１－４" }, "geometry": { "type": "Point", "coordinates": [ 137.222234, 36.670879 ] } },
{ "type": "Feature", "properties": { "ID": 1655162000120, "正式名称": "富山総合薬局", "機関区分": 5, "都道府県コード": 16, "市区町村コード": 201, "所在地": "富山県富山市今泉北部町１番地の１", "緯度": 36.673694, "経度": 137.211065, "url": "https://www.iryou.teikyouseido.mhlw.go.jp/znk-web/juminkanja/S2430/initialize?prefCd=16&kikanCd=5162000120&kikanKbn=5", "url2": "http://www.toyama-sougou.jp/", "内容": "富山総合薬局【5:薬局】富山県富山市今泉北部町１番地の１" }, "geometry": { "type": "Point", "coordinates": [ 137.211065, 36.673694 ] } },
{ "type": "Feature", "properties": { "ID": 1655162000121, "正式名称": "富山中央薬局", "機関区分": 5, "都道府県コード": 16, "市区町村コード": 201, "所在地": "富山県富山市堀２７番地２", "緯度": 36.656805, "経度": 137.230635, "url": "https://www.iryou.teikyouseido.mhlw.go.jp/znk-web/juminkanja/S2430/initialize?prefCd=16&kikanCd=5162000121&kikanKbn=5", "url2": "https://www.tomiyaku.or.jp/", "内容": "富山中央薬局【5:薬局】富山県富山市堀２７番地２" }, "geometry": { "type": "Point", "coordinates": [ 137.230635, 36.656805 ] } },
{ "type": "Feature", "properties": { "ID": 1655162000122, "正式名称": "そうごう薬局　布瀬店", "機関区分": 5, "都道府県コード": 16, "市区町村コード": 201, "所在地": "富山県富山市布瀬本町１３番地１０", "緯度": 36.678526, "経度": 137.199169, "url": "https://www.iryou.teikyouseido.mhlw.go.jp/znk-web/juminkanja/S2430/initialize?prefCd=16&kikanCd=5162000122&kikanKbn=5", "url2": null, "内容": "そうごう薬局　布瀬店【5:薬局】富山県富山市布瀬本町１３番地１０" }, "geometry": { "type": "Point", "coordinates": [ 137.199169, 36.678526 ] } },
{ "type": "Feature", "properties": { "ID": 1655162000127, "正式名称": "西尾薬局下堀店", "機関区分": 5, "都道府県コード": 16, "市区町村コード": 201, "所在地": "富山県富山市下堀９－１", "緯度": 36.663213, "経度": 137.225068, "url": "https://www.iryou.teikyouseido.mhlw.go.jp/znk-web/juminkanja/S2430/initialize?prefCd=16&kikanCd=5162000127&kikanKbn=5", "url2": "http://www.alterna-inc.jp/tenpo.html", "内容": "西尾薬局下堀店【5:薬局】富山県富山市下堀９－１" }, "geometry": { "type": "Point", "coordinates": [ 137.225068, 36.663213 ] } },
{ "type": "Feature", "properties": { "ID": 1655162000134, "正式名称": "あい丸の内薬局", "機関区分": 5, "都道府県コード": 16, "市区町村コード": 202, "所在地": "富山県高岡市丸の内７番３５号　丸の内ビル１階", "緯度": 36.754172, "経度": 137.019525, "url": "https://www.iryou.teikyouseido.mhlw.go.jp/znk-web/juminkanja/S2430/initialize?prefCd=16&kikanCd=5162000134&kikanKbn=5", "url2": "https://ai-marunouchi.net/", "内容": "あい丸の内薬局【5:薬局】富山県高岡市丸の内７番３５号　丸の内ビル１階" }, "geometry": { "type": "Point", "coordinates": [ 137.019525, 36.754172 ] } },
{ "type": "Feature", "properties": { "ID": 1655162000135, "正式名称": "あおぞら薬局駅南", "機関区分": 5, "都道府県コード": 16, "市区町村コード": 202, "所在地": "富山県高岡市駅南３丁目７番１２号", "緯度": 36.737423, "経度": 137.016776, "url": "https://www.iryou.teikyouseido.mhlw.go.jp/znk-web/juminkanja/S2430/initialize?prefCd=16&kikanCd=5162000135&kikanKbn=5", "url2": "https://www.amall.co.jp/store/139", "内容": "あおぞら薬局駅南【5:薬局】富山県高岡市駅南３丁目７番１２号" }, "geometry": { "type": "Point", "coordinates": [ 137.016776, 36.737423 ] } },
{ "type": "Feature", "properties": { "ID": 1655162000136, "正式名称": "あおば薬局", "機関区分": 5, "都道府県コード": 16, "市区町村コード": 202, "所在地": "富山県高岡市中川園町２－２", "緯度": 36.750649, "経度": 137.030089, "url": "https://www.iryou.teikyouseido.mhlw.go.jp/znk-web/juminkanja/S2430/initialize?prefCd=16&kikanCd=5162000136&kikanKbn=5", "url2": "https://hokuriku-ph.jp/", "内容": "あおば薬局【5:薬局】富山県高岡市中川園町２－２" }, "geometry": { "type": "Point", "coordinates": [ 137.030089, 36.750649 ] } },
{ "type": "Feature", "properties": { "ID": 1655162000137, "正式名称": "チューリップ波岡薬局", "機関区分": 5, "都道府県コード": 16, "市区町村コード": 202, "所在地": "富山県高岡市波岡２８２－７", "緯度": 36.758115, "経度": 136.987277, "url": "https://www.iryou.teikyouseido.mhlw.go.jp/znk-web/juminkanja/S2430/initialize?prefCd=16&kikanCd=5162000137&kikanKbn=5", "url2": "https://www.tulip-tz.co.jp/storeinfo/store_haoka.html", "内容": "チューリップ波岡薬局【5:薬局】富山県高岡市波岡２８２－７" }, "geometry": { "type": "Point", "coordinates": [ 136.987277, 36.758115 ] } },
{ "type": "Feature", "properties": { "ID": 1655162000138, "正式名称": "オガワ薬局", "機関区分": 5, "都道府県コード": 16, "市区町村コード": 202, "所在地": "富山県高岡市米島４４８－２", "緯度": 36.774781, "経度": 137.038106, "url": "https://www.iryou.teikyouseido.mhlw.go.jp/znk-web/juminkanja/S2430/initialize?prefCd=16&kikanCd=5162000138&kikanKbn=5", "url2": null, "内容": "オガワ薬局【5:薬局】富山県高岡市米島４４８－２" }, "geometry": { "type": "Point", "coordinates": [ 137.038106, 36.774781 ] } },
{ "type": "Feature", "properties": { "ID": 1655162000141, "正式名称": "クスリのアオキ京田薬局", "機関区分": 5, "都道府県コード": 16, "市区町村コード": 202, "所在地": "富山県高岡市京田６１１番地", "緯度": 36.729785, "経度": 137.013915, "url": "https://www.iryou.teikyouseido.mhlw.go.jp/znk-web/juminkanja/S2430/initialize?prefCd=16&kikanCd=5162000141&kikanKbn=5", "url2": "http://www.kusuri-aoki.co.jp/", "内容": "クスリのアオキ京田薬局【5:薬局】富山県高岡市京田６１１番地" }, "geometry": { "type": "Point", "coordinates": [ 137.013915, 36.729785 ] } },
{ "type": "Feature", "properties": { "ID": 1655162000142, "正式名称": "クスリのアオキ金屋本町薬局", "機関区分": 5, "都道府県コード": 16, "市区町村コード": 202, "所在地": "富山県高岡市金屋本町３番７号", "緯度": 36.752091, "経度": 137.006168, "url": "https://www.iryou.teikyouseido.mhlw.go.jp/znk-web/juminkanja/S2430/initialize?prefCd=16&kikanCd=5162000142&kikanKbn=5", "url2": "http://www.kusuri-aoki.co.jp/", "内容": "クスリのアオキ金屋本町薬局【5:薬局】富山県高岡市金屋本町３番７号" }, "geometry": { "type": "Point", "coordinates": [ 137.006168, 36.752091 ] } },
{ "type": "Feature", "properties": { "ID": 1655162000143, "正式名称": "クスリのアオキ野村薬局", "機関区分": 5, "都道府県コード": 16, "市区町村コード": 202, "所在地": "富山県高岡市野村１３２９番地１", "緯度": 36.754283, "経度": 137.040468, "url": "https://www.iryou.teikyouseido.mhlw.go.jp/znk-web/juminkanja/S2430/initialize?prefCd=16&kikanCd=5162000143&kikanKbn=5", "url2": "http://www.kusuri-aoki.co.jp/", "内容": "クスリのアオキ野村薬局【5:薬局】富山県高岡市野村１３２９番地１" }, "geometry": { "type": "Point", "coordinates": [ 137.040468, 36.754283 ] } },
{ "type": "Feature", "properties": { "ID": 1655162000147, "正式名称": "さくら薬局", "機関区分": 5, "都道府県コード": 16, "市区町村コード": 202, "所在地": "富山県高岡市福岡町大野１１５－１", "緯度": 36.719479, "経度": 136.934589, "url": "https://www.iryou.teikyouseido.mhlw.go.jp/znk-web/juminkanja/S2430/initialize?prefCd=16&kikanCd=5162000147&kikanKbn=5", "url2": "http://www.hokuriku-ph.jp", "内容": "さくら薬局【5:薬局】富山県高岡市福岡町大野１１５－１" }, "geometry": { "type": "Point", "coordinates": [ 136.934589, 36.719479 ] } },
{ "type": "Feature", "properties": { "ID": 1655162000150, "正式名称": "さくら薬局　宝町店", "機関区分": 5, "都道府県コード": 16, "市区町村コード": 202, "所在地": "富山県高岡市宝町７－１３", "緯度": 36.756041, "経度": 137.02701, "url": "https://www.iryou.teikyouseido.mhlw.go.jp/znk-web/juminkanja/S2430/initialize?prefCd=16&kikanCd=5162000150&kikanKbn=5", "url2": "https://www.kraft-net.co.jp/sakura/store/3325/", "内容": "さくら薬局　宝町店【5:薬局】富山県高岡市宝町７－１３" }, "geometry": { "type": "Point", "coordinates": [ 137.02701, 36.756041 ] } },
{ "type": "Feature", "properties": { "ID": 1655162000151, "正式名称": "そうごう薬局　サンエール店", "機関区分": 5, "都道府県コード": 16, "市区町村コード": 202, "所在地": "富山県高岡市福岡町下蓑新３３８－２", "緯度": 36.709286, "経度": 136.92959, "url": "https://www.iryou.teikyouseido.mhlw.go.jp/znk-web/juminkanja/S2430/initialize?prefCd=16&kikanCd=5162000151&kikanKbn=5", "url2": "http://shop.sogo-pharmacy.jp/de", "内容": "そうごう薬局　サンエール店【5:薬局】富山県高岡市福岡町下蓑新３３８－２" }, "geometry": { "type": "Point", "coordinates": [ 136.92959, 36.709286 ] } },
{ "type": "Feature", "properties": { "ID": 1655162000152, "正式名称": "しきの薬局", "機関区分": 5, "都道府県コード": 16, "市区町村コード": 202, "所在地": "富山県高岡市宝町７－７", "緯度": 36.756338, "経度": 137.027191, "url": "https://www.iryou.teikyouseido.mhlw.go.jp/znk-web/juminkanja/S2430/initialize?prefCd=16&kikanCd=5162000152&kikanKbn=5", "url2": "http://hokuriku-ph.jp/pharmacy/shikino", "内容": "しきの薬局【5:薬局】富山県高岡市宝町７－７" }, "geometry": { "type": "Point", "coordinates": [ 137.027191, 36.756338 ] } },
{ "type": "Feature", "properties": { "ID": 1655162000153, "正式名称": "イオン薬局高岡南店", "機関区分": 5, "都道府県コード": 16, "市区町村コード": 202, "所在地": "富山県高岡市下伏間江３８３", "緯度": 36.723841, "経度": 137.016915, "url": "https://www.iryou.teikyouseido.mhlw.go.jp/znk-web/juminkanja/S2430/initialize?prefCd=16&kikanCd=5162000153&kikanKbn=5", "url2": "https://www.aeonretail.jp/syohousen/index.html", "内容": "イオン薬局高岡南店【5:薬局】富山県高岡市下伏間江３８３" }, "geometry": { "type": "Point", "coordinates": [ 137.016915, 36.723841 ] } },
{ "type": "Feature", "properties": { "ID": 1655162000154, "正式名称": "たかおか南星薬局", "機関区分": 5, "都道府県コード": 16, "市区町村コード": 202, "所在地": "富山県高岡市木津１４５２－２１", "緯度": 36.738256, "経度": 137.001583, "url": "https://www.iryou.teikyouseido.mhlw.go.jp/znk-web/juminkanja/S2430/initialize?prefCd=16&kikanCd=5162000154&kikanKbn=5", "url2": "https://www.amall.co.jp/store/145", "内容": "たかおか南星薬局【5:薬局】富山県高岡市木津１４５２－２１" }, "geometry": { "type": "Point", "coordinates": [ 137.001583, 36.738256 ] } },
{ "type": "Feature", "properties": { "ID": 1655162000157, "正式名称": "タケザワ薬局西店", "機関区分": 5, "都道府県コード": 16, "市区町村コード": 202, "所在地": "富山県高岡市戸出町５－３－５８", "緯度": 36.686345, "経度": 136.968393, "url": "https://www.iryou.teikyouseido.mhlw.go.jp/znk-web/juminkanja/S2430/initialize?prefCd=16&kikanCd=5162000157&kikanKbn=5", "url2": null, "内容": "タケザワ薬局西店【5:薬局】富山県高岡市戸出町５－３－５８" }, "geometry": { "type": "Point", "coordinates": [ 136.968393, 36.686345 ] } },
{ "type": "Feature", "properties": { "ID": 1655162000158, "正式名称": "たなか薬局", "機関区分": 5, "都道府県コード": 16, "市区町村コード": 202, "所在地": "富山県高岡市永楽町４－１４", "緯度": 36.742839, "経度": 136.995472, "url": "https://www.iryou.teikyouseido.mhlw.go.jp/znk-web/juminkanja/S2430/initialize?prefCd=16&kikanCd=5162000158&kikanKbn=5", "url2": null, "内容": "たなか薬局【5:薬局】富山県高岡市永楽町４－１４" }, "geometry": { "type": "Point", "coordinates": [ 136.995472, 36.742839 ] } },
{ "type": "Feature", "properties": { "ID": 1655162000159, "正式名称": "たんぽぽ薬局　高岡店", "機関区分": 5, "都道府県コード": 16, "市区町村コード": 202, "所在地": "富山県高岡市宝町１４３番１", "緯度": 36.756144, "経度": 137.027552, "url": "https://www.iryou.teikyouseido.mhlw.go.jp/znk-web/juminkanja/S2430/initialize?prefCd=16&kikanCd=5162000159&kikanKbn=5", "url2": "http://www.tanpopo-ph.co.jp", "内容": "たんぽぽ薬局　高岡店【5:薬局】富山県高岡市宝町１４３番１" }, "geometry": { "type": "Point", "coordinates": [ 137.027552, 36.756144 ] } },
{ "type": "Feature", "properties": { "ID": 1655162000160, "正式名称": "たんぽぽ薬局　伏木店", "機関区分": 5, "都道府県コード": 16, "市区町村コード": 202, "所在地": "富山県高岡市伏木古府元町４７８番２", "緯度": 36.790613, "経度": 137.045132, "url": "https://www.iryou.teikyouseido.mhlw.go.jp/znk-web/juminkanja/S2430/initialize?prefCd=16&kikanCd=5162000160&kikanKbn=5", "url2": "http://www.tanpopo-ph.co.jp", "内容": "たんぽぽ薬局　伏木店【5:薬局】富山県高岡市伏木古府元町４７８番２" }, "geometry": { "type": "Point", "coordinates": [ 137.045132, 36.790613 ] } },
{ "type": "Feature", "properties": { "ID": 1655162000161, "正式名称": "チューリップいわせの薬局", "機関区分": 5, "都道府県コード": 16, "市区町村コード": 202, "所在地": "富山県高岡市野村１３６４－１", "緯度": 36.754755, "経度": 137.04069, "url": "https://www.iryou.teikyouseido.mhlw.go.jp/znk-web/juminkanja/S2430/initialize?prefCd=16&kikanCd=5162000161&kikanKbn=5", "url2": "https://www.tulip-tz.co.jp/storeinfo/store_iwaseno.html", "内容": "チューリップいわせの薬局【5:薬局】富山県高岡市野村１３６４－１" }, "geometry": { "type": "Point", "coordinates": [ 137.04069, 36.754755 ] } },
{ "type": "Feature", "properties": { "ID": 1655162000162, "正式名称": "チューリップ旭ヶ丘薬局", "機関区分": 5, "都道府県コード": 16, "市区町村コード": 202, "所在地": "富山県高岡市江尻４６番地２２", "緯度": 36.763449, "経度": 137.03219, "url": "https://www.iryou.teikyouseido.mhlw.go.jp/znk-web/juminkanja/S2430/initialize?prefCd=16&kikanCd=5162000162&kikanKbn=5", "url2": "https://www.tulip-tz.co.jp/storeinfo/store_asahigaoka.html", "内容": "チューリップ旭ヶ丘薬局【5:薬局】富山県高岡市江尻４６番地２２" }, "geometry": { "type": "Point", "coordinates": [ 137.03219, 36.763449 ] } },
{ "type": "Feature", "properties": { "ID": 1655162000163, "正式名称": "チューリップ中曽根薬局", "機関区分": 5, "都道府県コード": 16, "市区町村コード": 202, "所在地": "富山県高岡市中曽根１２０－１", "緯度": 36.771365, "経度": 137.08088, "url": "https://www.iryou.teikyouseido.mhlw.go.jp/znk-web/juminkanja/S2430/initialize?prefCd=16&kikanCd=5162000163&kikanKbn=5", "url2": "https://www.tulip-tz.co.jp/storeinfo/store_nakasone.html", "内容": "チューリップ中曽根薬局【5:薬局】富山県高岡市中曽根１２０－１" }, "geometry": { "type": "Point", "coordinates": [ 137.08088, 36.771365 ] } },
{ "type": "Feature", "properties": { "ID": 1655162000164, "正式名称": "チューリップ東上関薬局", "機関区分": 5, "都道府県コード": 16, "市区町村コード": 202, "所在地": "富山県高岡市東上関３０５－２", "緯度": 36.73409, "経度": 137.015637, "url": "https://www.iryou.teikyouseido.mhlw.go.jp/znk-web/juminkanja/S2430/initialize?prefCd=16&kikanCd=5162000164&kikanKbn=5", "url2": "https://www.tulip-tz.co.jp/storeinfo/store_higashikamizeki.html", "内容": "チューリップ東上関薬局【5:薬局】富山県高岡市東上関３０５－２" }, "geometry": { "type": "Point", "coordinates": [ 137.015637, 36.73409 ] } },
{ "type": "Feature", "properties": { "ID": 1655162000169, "正式名称": "ノムラ薬局合同会社", "機関区分": 5, "都道府県コード": 16, "市区町村コード": 202, "所在地": "富山県高岡市野村東町３７６－１", "緯度": 36.746562, "経度": 137.033774, "url": "https://www.iryou.teikyouseido.mhlw.go.jp/znk-web/juminkanja/S2430/initialize?prefCd=16&kikanCd=5162000169&kikanKbn=5", "url2": "https://meron-net.shop/ds/nomurayakkyoku", "内容": "ノムラ薬局合同会社【5:薬局】富山県高岡市野村東町３７６－１" }, "geometry": { "type": "Point", "coordinates": [ 137.033774, 36.746562 ] } },
{ "type": "Feature", "properties": { "ID": 1655162000171, "正式名称": "スギひかり薬局戸出店", "機関区分": 5, "都道府県コード": 16, "市区町村コード": 202, "所在地": "富山県高岡市戸出伊勢領２４６６－３", "緯度": 36.68965, "経度": 136.976642, "url": "https://www.iryou.teikyouseido.mhlw.go.jp/znk-web/juminkanja/S2430/initialize?prefCd=16&kikanCd=5162000171&kikanKbn=5", "url2": "http://www.hikari-pharma.com", "内容": "スギひかり薬局戸出店【5:薬局】富山県高岡市戸出伊勢領２４６６－３" }, "geometry": { "type": "Point", "coordinates": [ 136.976642, 36.68965 ] } },
{ "type": "Feature", "properties": { "ID": 1655162000173, "正式名称": "ファーマシータキダ　佐野薬局", "機関区分": 5, "都道府県コード": 16, "市区町村コード": 202, "所在地": "富山県高岡市佐野本町１４９１－２", "緯度": 36.723536, "経度": 136.995945, "url": "https://www.iryou.teikyouseido.mhlw.go.jp/znk-web/juminkanja/S2430/initialize?prefCd=16&kikanCd=5162000173&kikanKbn=5", "url2": null, "内容": "ファーマシータキダ　佐野薬局【5:薬局】富山県高岡市佐野本町１４９１－２" }, "geometry": { "type": "Point", "coordinates": [ 136.995945, 36.723536 ] } },
{ "type": "Feature", "properties": { "ID": 1655162000174, "正式名称": "みずほ薬局", "機関区分": 5, "都道府県コード": 16, "市区町村コード": 202, "所在地": "富山県高岡市瑞穂町１０９－５", "緯度": 36.750338, "経度": 136.995944, "url": "https://www.iryou.teikyouseido.mhlw.go.jp/znk-web/juminkanja/S2430/initialize?prefCd=16&kikanCd=5162000174&kikanKbn=5", "url2": "http://www.hokuriku-ph.jp", "内容": "みずほ薬局【5:薬局】富山県高岡市瑞穂町１０９－５" }, "geometry": { "type": "Point", "coordinates": [ 136.995944, 36.750338 ] } },
{ "type": "Feature", "properties": { "ID": 1655162000178, "正式名称": "株式会社　高岡薬局", "機関区分": 5, "都道府県コード": 16, "市区町村コード": 202, "所在地": "富山県高岡市末広町７－２", "緯度": 36.743923, "経度": 137.01372, "url": "https://www.iryou.teikyouseido.mhlw.go.jp/znk-web/juminkanja/S2430/initialize?prefCd=16&kikanCd=5162000178&kikanKbn=5", "url2": "https://takayaku.jp/", "内容": "株式会社　高岡薬局【5:薬局】富山県高岡市末広町７－２" }, "geometry": { "type": "Point", "coordinates": [ 137.01372, 36.743923 ] } },
{ "type": "Feature", "properties": { "ID": 1655162000179, "正式名称": "株式会社長田薬舗　畜産部", "機関区分": 5, "都道府県コード": 16, "市区町村コード": 202, "所在地": "富山県高岡市北島２０４番地", "緯度": 36.741395, "経度": 136.984723, "url": "https://www.iryou.teikyouseido.mhlw.go.jp/znk-web/juminkanja/S2430/initialize?prefCd=16&kikanCd=5162000179&kikanKbn=5", "url2": null, "内容": "株式会社長田薬舗　畜産部【5:薬局】富山県高岡市北島２０４番地" }, "geometry": { "type": "Point", "coordinates": [ 136.984723, 36.741395 ] } },
{ "type": "Feature", "properties": { "ID": 1655162000183, "正式名称": "アルプ薬局金屋店", "機関区分": 5, "都道府県コード": 16, "市区町村コード": 202, "所在地": "富山県高岡市金屋町１３番５５号", "緯度": 36.750674, "経度": 137.003766, "url": "https://www.iryou.teikyouseido.mhlw.go.jp/znk-web/juminkanja/S2430/initialize?prefCd=16&kikanCd=5162000183&kikanKbn=5", "url2": "http://www.alp-grp.jp", "内容": "アルプ薬局金屋店【5:薬局】富山県高岡市金屋町１３番５５号" }, "geometry": { "type": "Point", "coordinates": [ 137.003766, 36.750674 ] } },
{ "type": "Feature", "properties": { "ID": 1655162000186, "正式名称": "松原漢方薬局", "機関区分": 5, "都道府県コード": 16, "市区町村コード": 202, "所在地": "富山県高岡市常国１８５番地１", "緯度": 36.687346, "経度": 137.02911, "url": "https://www.iryou.teikyouseido.mhlw.go.jp/znk-web/juminkanja/S2430/initialize?prefCd=16&kikanCd=5162000186&kikanKbn=5", "url2": null, "内容": "松原漢方薬局【5:薬局】富山県高岡市常国１８５番地１" }, "geometry": { "type": "Point", "coordinates": [ 137.02911, 36.687346 ] } },
{ "type": "Feature", "properties": { "ID": 1655162000189, "正式名称": "成美薬局", "機関区分": 5, "都道府県コード": 16, "市区町村コード": 202, "所在地": "富山県高岡市五福町２番２２号　朝倉ビル１Ｆ", "緯度": 36.757116, "経度": 137.015914, "url": "https://www.iryou.teikyouseido.mhlw.go.jp/znk-web/juminkanja/S2430/initialize?prefCd=16&kikanCd=5162000189&kikanKbn=5", "url2": "https://www.amall.co.jp/store/148", "内容": "成美薬局【5:薬局】富山県高岡市五福町２番２２号　朝倉ビル１Ｆ" }, "geometry": { "type": "Point", "coordinates": [ 137.015914, 36.757116 ] } },
{ "type": "Feature", "properties": { "ID": 1655162000192, "正式名称": "前崎薬局", "機関区分": 5, "都道府県コード": 16, "市区町村コード": 202, "所在地": "富山県高岡市上北島３８２", "緯度": 36.738839, "経度": 136.982029, "url": "https://www.iryou.teikyouseido.mhlw.go.jp/znk-web/juminkanja/S2430/initialize?prefCd=16&kikanCd=5162000192&kikanKbn=5", "url2": null, "内容": "前崎薬局【5:薬局】富山県高岡市上北島３８２" }, "geometry": { "type": "Point", "coordinates": [ 136.982029, 36.738839 ] } },
{ "type": "Feature", "properties": { "ID": 1655162000194, "正式名称": "アルプ薬局早川店", "機関区分": 5, "都道府県コード": 16, "市区町村コード": 202, "所在地": "富山県高岡市早川５１６－４", "緯度": 36.743783, "経度": 136.990028, "url": "https://www.iryou.teikyouseido.mhlw.go.jp/znk-web/juminkanja/S2430/initialize?prefCd=16&kikanCd=5162000194&kikanKbn=5", "url2": "http://www.alp-grp.jp", "内容": "アルプ薬局早川店【5:薬局】富山県高岡市早川５１６－４" }, "geometry": { "type": "Point", "coordinates": [ 136.990028, 36.743783 ] } },
{ "type": "Feature", "properties": { "ID": 1655162000198, "正式名称": "Ｖ・ｄｒｕｇ　高岡木津薬局", "機関区分": 5, "都道府県コード": 16, "市区町村コード": 202, "所在地": "富山県高岡市木津４５８－１４", "緯度": 36.740534, "経度": 136.999722, "url": "https://www.iryou.teikyouseido.mhlw.go.jp/znk-web/juminkanja/S2430/initialize?prefCd=16&kikanCd=5162000198&kikanKbn=5", "url2": "http://www.chubuyakuhin.co.jp", "内容": "Ｖ・ｄｒｕｇ　高岡木津薬局【5:薬局】富山県高岡市木津４５８－１４" }, "geometry": { "type": "Point", "coordinates": [ 136.999722, 36.740534 ] } },
{ "type": "Feature", "properties": { "ID": 1655162000202, "正式名称": "北陸薬局", "機関区分": 5, "都道府県コード": 16, "市区町村コード": 202, "所在地": "富山県高岡市野村７８３", "緯度": 36.749506, "経度": 137.038246, "url": "https://www.iryou.teikyouseido.mhlw.go.jp/znk-web/juminkanja/S2430/initialize?prefCd=16&kikanCd=5162000202&kikanKbn=5", "url2": "http://www.hokuriku-ph.jp", "内容": "北陸薬局【5:薬局】富山県高岡市野村７８３" }, "geometry": { "type": "Point", "coordinates": [ 137.038246, 36.749506 ] } },
{ "type": "Feature", "properties": { "ID": 1655162000203, "正式名称": "さくら薬局　高岡中央店", "機関区分": 5, "都道府県コード": 16, "市区町村コード": 202, "所在地": "富山県高岡市東下関１番２７号　サクラハイツ１階", "緯度": 36.744089, "経度": 137.018942, "url": "https://www.iryou.teikyouseido.mhlw.go.jp/znk-web/juminkanja/S2430/initialize?prefCd=16&kikanCd=5162000203&kikanKbn=5", "url2": "https://www.kraft-net.co.jp/sakura/store/3401/", "内容": "さくら薬局　高岡中央店【5:薬局】富山県高岡市東下関１番２７号　サクラハイツ１階" }, "geometry": { "type": "Point", "coordinates": [ 137.018942, 36.744089 ] } },
{ "type": "Feature", "properties": { "ID": 1655162000204, "正式名称": "有限会社ハシバ薬局", "機関区分": 5, "都道府県コード": 16, "市区町村コード": 202, "所在地": "富山県高岡市戸出町５－５－１０", "緯度": 36.6854, "経度": 136.971782, "url": "https://www.iryou.teikyouseido.mhlw.go.jp/znk-web/juminkanja/S2430/initialize?prefCd=16&kikanCd=5162000204&kikanKbn=5", "url2": null, "内容": "有限会社ハシバ薬局【5:薬局】富山県高岡市戸出町５－５－１０" }, "geometry": { "type": "Point", "coordinates": [ 136.971782, 36.6854 ] } },
{ "type": "Feature", "properties": { "ID": 1655162000207, "正式名称": "あおば薬局　ひばり店", "機関区分": 5, "都道府県コード": 16, "市区町村コード": 211, "所在地": "富山県射水市戸破１７０４－１", "緯度": 36.714705, "経度": 137.094715, "url": "https://www.iryou.teikyouseido.mhlw.go.jp/znk-web/juminkanja/S2430/initialize?prefCd=16&kikanCd=5162000207&kikanKbn=5", "url2": "http://www.add-vantage.jp", "内容": "あおば薬局　ひばり店【5:薬局】富山県射水市戸破１７０４－１" }, "geometry": { "type": "Point", "coordinates": [ 137.094715, 36.714705 ] } },
{ "type": "Feature", "properties": { "ID": 1655162000208, "正式名称": "クオール薬局　下若店", "機関区分": 5, "都道府県コード": 16, "市区町村コード": 211, "所在地": "富山県射水市下若５４－８", "緯度": 36.71776, "経度": 137.077383, "url": "https://www.iryou.teikyouseido.mhlw.go.jp/znk-web/juminkanja/S2430/initialize?prefCd=16&kikanCd=5162000208&kikanKbn=5", "url2": "http://www.qol-net.co.jp/", "内容": "クオール薬局　下若店【5:薬局】富山県射水市下若５４－８" }, "geometry": { "type": "Point", "coordinates": [ 137.077383, 36.71776 ] } },
{ "type": "Feature", "properties": { "ID": 1655162000209, "正式名称": "いみずの薬局", "機関区分": 5, "都道府県コード": 16, "市区町村コード": 211, "所在地": "富山県射水市南太閤山３－１－６", "緯度": 36.698873, "経度": 137.091077, "url": "https://www.iryou.teikyouseido.mhlw.go.jp/znk-web/juminkanja/S2430/initialize?prefCd=16&kikanCd=5162000209&kikanKbn=5", "url2": "https://www.amall.co.jp/store/152", "内容": "いみずの薬局【5:薬局】富山県射水市南太閤山３－１－６" }, "geometry": { "type": "Point", "coordinates": [ 137.091077, 36.698873 ] } },
{ "type": "Feature", "properties": { "ID": 1655162000216, "正式名称": "チューリップ新湊薬局", "機関区分": 5, "都道府県コード": 16, "市区町村コード": 211, "所在地": "富山県射水市鏡宮１４３－１", "緯度": 36.758978, "経度": 137.081992, "url": "https://www.iryou.teikyouseido.mhlw.go.jp/znk-web/juminkanja/S2430/initialize?prefCd=16&kikanCd=5162000216&kikanKbn=5", "url2": "https://www.tulip-tz.co.jp/storeinfo/store_shinminato.html", "内容": "チューリップ新湊薬局【5:薬局】富山県射水市鏡宮１４３－１" }, "geometry": { "type": "Point", "coordinates": [ 137.081992, 36.758978 ] } },
{ "type": "Feature", "properties": { "ID": 1655162000217, "正式名称": "ハート薬局　東太閤山店", "機関区分": 5, "都道府県コード": 16, "市区町村コード": 211, "所在地": "富山県射水市東太閤山３－８８", "緯度": 36.698152, "経度": 137.11863, "url": "https://www.iryou.teikyouseido.mhlw.go.jp/znk-web/juminkanja/S2430/initialize?prefCd=16&kikanCd=5162000217&kikanKbn=5", "url2": "https://www.heart-pharmacy.jp/", "内容": "ハート薬局　東太閤山店【5:薬局】富山県射水市東太閤山３－８８" }, "geometry": { "type": "Point", "coordinates": [ 137.11863, 36.698152 ] } },
{ "type": "Feature", "properties": { "ID": 1655162000218, "正式名称": "スギひかり薬局海老江店", "機関区分": 5, "都道府県コード": 16, "市区町村コード": 211, "所在地": "富山県射水市海老江１２４１－２", "緯度": 36.762479, "経度": 137.153819, "url": "https://www.iryou.teikyouseido.mhlw.go.jp/znk-web/juminkanja/S2430/initialize?prefCd=16&kikanCd=5162000218&kikanKbn=5", "url2": "http://www.hikari-pharma.com", "内容": "スギひかり薬局海老江店【5:薬局】富山県射水市海老江１２４１－２" }, "geometry": { "type": "Point", "coordinates": [ 137.153819, 36.762479 ] } },
{ "type": "Feature", "properties": { "ID": 1655162000219, "正式名称": "ふれあい新湊薬局", "機関区分": 5, "都道府県コード": 16, "市区町村コード": 211, "所在地": "富山県射水市本町１丁目１３－４", "緯度": 36.783281, "経度": 137.074547, "url": "https://www.iryou.teikyouseido.mhlw.go.jp/znk-web/juminkanja/S2430/initialize?prefCd=16&kikanCd=5162000219&kikanKbn=5", "url2": "http://www.fureai.tv", "内容": "ふれあい新湊薬局【5:薬局】富山県射水市本町１丁目１３－４" }, "geometry": { "type": "Point", "coordinates": [ 137.074547, 36.783281 ] } },
{ "type": "Feature", "properties": { "ID": 1655162000220, "正式名称": "永野薬局", "機関区分": 5, "都道府県コード": 16, "市区町村コード": 211, "所在地": "富山県射水市中新湊１３－２７", "緯度": 36.778476, "経度": 137.087935, "url": "https://www.iryou.teikyouseido.mhlw.go.jp/znk-web/juminkanja/S2430/initialize?prefCd=16&kikanCd=5162000220&kikanKbn=5", "url2": null, "内容": "永野薬局【5:薬局】富山県射水市中新湊１３－２７" }, "geometry": { "type": "Point", "coordinates": [ 137.087935, 36.778476 ] } },
{ "type": "Feature", "properties": { "ID": 1655162000223, "正式名称": "新湊中央薬局", "機関区分": 5, "都道府県コード": 16, "市区町村コード": 211, "所在地": "富山県射水市本町２－１４－２", "緯度": 36.781836, "経度": 137.079852, "url": "https://www.iryou.teikyouseido.mhlw.go.jp/znk-web/juminkanja/S2430/initialize?prefCd=16&kikanCd=5162000223&kikanKbn=5", "url2": null, "内容": "新湊中央薬局【5:薬局】富山県射水市本町２－１４－２" }, "geometry": { "type": "Point", "coordinates": [ 137.079852, 36.781836 ] } },
{ "type": "Feature", "properties": { "ID": 1655162000224, "正式名称": "石松薬局", "機関区分": 5, "都道府県コード": 16, "市区町村コード": 211, "所在地": "富山県射水市本町２－１１－２１", "緯度": 36.782586, "経度": 137.078213, "url": "https://www.iryou.teikyouseido.mhlw.go.jp/znk-web/juminkanja/S2430/initialize?prefCd=16&kikanCd=5162000224&kikanKbn=5", "url2": null, "内容": "石松薬局【5:薬局】富山県射水市本町２－１１－２１" }, "geometry": { "type": "Point", "coordinates": [ 137.078213, 36.782586 ] } },
{ "type": "Feature", "properties": { "ID": 1655162000225, "正式名称": "太閤山薬局", "機関区分": 5, "都道府県コード": 16, "市区町村コード": 211, "所在地": "富山県射水市太閤山１－６１－１", "緯度": 36.711122, "経度": 137.093271, "url": "https://www.iryou.teikyouseido.mhlw.go.jp/znk-web/juminkanja/S2430/initialize?prefCd=16&kikanCd=5162000225&kikanKbn=5", "url2": "http://www.e-classa.net/taikouyama/", "内容": "太閤山薬局【5:薬局】富山県射水市太閤山１－６１－１" }, "geometry": { "type": "Point", "coordinates": [ 137.093271, 36.711122 ] } },
{ "type": "Feature", "properties": { "ID": 1655162000226, "正式名称": "大門中央薬局", "機関区分": 5, "都道府県コード": 16, "市区町村コード": 211, "所在地": "富山県射水市中村１１８－１", "緯度": 36.724037, "経度": 137.055968, "url": "https://www.iryou.teikyouseido.mhlw.go.jp/znk-web/juminkanja/S2430/initialize?prefCd=16&kikanCd=5162000226&kikanKbn=5", "url2": null, "内容": "大門中央薬局【5:薬局】富山県射水市中村１１８－１" }, "geometry": { "type": "Point", "coordinates": [ 137.055968, 36.724037 ] } },
{ "type": "Feature", "properties": { "ID": 1655162000227, "正式名称": "日本調剤　大門薬局", "機関区分": 5, "都道府県コード": 16, "市区町村コード": 211, "所在地": "富山県射水市下若５３－６", "緯度": 36.717982, "経度": 137.076938, "url": "https://www.iryou.teikyouseido.mhlw.go.jp/znk-web/juminkanja/S2430/initialize?prefCd=16&kikanCd=5162000227&kikanKbn=5", "url2": "http://www.nicho.co.jp/tenpo/daimon/", "内容": "日本調剤　大門薬局【5:薬局】富山県射水市下若５３－６" }, "geometry": { "type": "Point", "coordinates": [ 137.076938, 36.717982 ] } },
{ "type": "Feature", "properties": { "ID": 1655162000228, "正式名称": "有限会社　にの井屋薬局", "機関区分": 5, "都道府県コード": 16, "市区町村コード": 211, "所在地": "富山県射水市三ケ９８７", "緯度": 36.72417, "経度": 137.094195, "url": "https://www.iryou.teikyouseido.mhlw.go.jp/znk-web/juminkanja/S2430/initialize?prefCd=16&kikanCd=5162000228&kikanKbn=5", "url2": null, "内容": "有限会社　にの井屋薬局【5:薬局】富山県射水市三ケ９８７" }, "geometry": { "type": "Point", "coordinates": [ 137.094195, 36.72417 ] } },
{ "type": "Feature", "properties": { "ID": 1655162000229, "正式名称": "ありそ窪薬局", "機関区分": 5, "都道府県コード": 16, "市区町村コード": 205, "所在地": "富山県氷見市窪１２５０－１", "緯度": 36.839301, "経度": 136.989746, "url": "https://www.iryou.teikyouseido.mhlw.go.jp/znk-web/juminkanja/S2430/initialize?prefCd=16&kikanCd=5162000229&kikanKbn=5", "url2": null, "内容": "ありそ窪薬局【5:薬局】富山県氷見市窪１２５０－１" }, "geometry": { "type": "Point", "coordinates": [ 136.989746, 36.839301 ] } },
{ "type": "Feature", "properties": { "ID": 1655162000231, "正式名称": "しらゆり薬局", "機関区分": 5, "都道府県コード": 16, "市区町村コード": 205, "所在地": "富山県氷見市柳田２０１１－１", "緯度": 36.83369, "経度": 136.993551, "url": "https://www.iryou.teikyouseido.mhlw.go.jp/znk-web/juminkanja/S2430/initialize?prefCd=16&kikanCd=5162000231&kikanKbn=5", "url2": null, "内容": "しらゆり薬局【5:薬局】富山県氷見市柳田２０１１－１" }, "geometry": { "type": "Point", "coordinates": [ 136.993551, 36.83369 ] } },
{ "type": "Feature", "properties": { "ID": 1655162000235, "正式名称": "阿尾中央薬局", "機関区分": 5, "都道府県コード": 16, "市区町村コード": 205, "所在地": "富山県氷見市阿尾８３９", "緯度": 36.881713, "経度": 136.990021, "url": "https://www.iryou.teikyouseido.mhlw.go.jp/znk-web/juminkanja/S2430/initialize?prefCd=16&kikanCd=5162000235&kikanKbn=5", "url2": null, "内容": "阿尾中央薬局【5:薬局】富山県氷見市阿尾８３９" }, "geometry": { "type": "Point", "coordinates": [ 136.990021, 36.881713 ] } },
{ "type": "Feature", "properties": { "ID": 1655162000245, "正式名称": "かど薬局", "機関区分": 5, "都道府県コード": 16, "市区町村コード": 322, "所在地": "富山県中新川郡上市町法音寺４２", "緯度": 36.704211, "経度": 137.359527, "url": "https://www.iryou.teikyouseido.mhlw.go.jp/znk-web/juminkanja/S2430/initialize?prefCd=16&kikanCd=5162000245&kikanKbn=5", "url2": "http://www.kado-p.com/", "内容": "かど薬局【5:薬局】富山県中新川郡上市町法音寺４２" }, "geometry": { "type": "Point", "coordinates": [ 137.359527, 36.704211 ] } },
{ "type": "Feature", "properties": { "ID": 1655162000246, "正式名称": "さくら薬局　上市店", "機関区分": 5, "都道府県コード": 16, "市区町村コード": 322, "所在地": "富山県中新川郡上市町法音寺７－８", "緯度": 36.70338, "経度": 137.361715, "url": "https://www.iryou.teikyouseido.mhlw.go.jp/znk-web/juminkanja/S2430/initialize?prefCd=16&kikanCd=5162000246&kikanKbn=5", "url2": "https://www.kraft-net.co.jp/sakura/store/3365/", "内容": "さくら薬局　上市店【5:薬局】富山県中新川郡上市町法音寺７－８" }, "geometry": { "type": "Point", "coordinates": [ 137.361715, 36.70338 ] } },
{ "type": "Feature", "properties": { "ID": 1655162000247, "正式名称": "クスリのアオキ上市薬局", "機関区分": 5, "都道府県コード": 16, "市区町村コード": 322, "所在地": "富山県中新川郡上市町法音寺字横市２番１", "緯度": 36.699239, "経度": 137.356944, "url": "https://www.iryou.teikyouseido.mhlw.go.jp/znk-web/juminkanja/S2430/initialize?prefCd=16&kikanCd=5162000247&kikanKbn=5", "url2": "https://www.kusuri-aoki.co.jp/", "内容": "クスリのアオキ上市薬局【5:薬局】富山県中新川郡上市町法音寺字横市２番１" }, "geometry": { "type": "Point", "coordinates": [ 137.356944, 36.699239 ] } },
{ "type": "Feature", "properties": { "ID": 1655162000248, "正式名称": "めろん薬局　大石原店", "機関区分": 5, "都道府県コード": 16, "市区町村コード": 323, "所在地": "富山県中新川郡立山町大石原１９２番１", "緯度": 36.66736, "経度": 137.294595, "url": "https://www.iryou.teikyouseido.mhlw.go.jp/znk-web/juminkanja/S2430/initialize?prefCd=16&kikanCd=5162000248&kikanKbn=5", "url2": "http://www.teishi.co.jp", "内容": "めろん薬局　大石原店【5:薬局】富山県中新川郡立山町大石原１９２番１" }, "geometry": { "type": "Point", "coordinates": [ 137.294595, 36.66736 ] } },
{ "type": "Feature", "properties": { "ID": 1655162000250, "正式名称": "チューリップ上市薬局", "機関区分": 5, "都道府県コード": 16, "市区町村コード": 322, "所在地": "富山県中新川郡上市町法音寺６４－１６", "緯度": 36.70235, "経度": 137.361582, "url": "https://www.iryou.teikyouseido.mhlw.go.jp/znk-web/juminkanja/S2430/initialize?prefCd=16&kikanCd=5162000250&kikanKbn=5", "url2": "https://www.tulip-tz.co.jp/storeinfo/store_kamiichi.html", "内容": "チューリップ上市薬局【5:薬局】富山県中新川郡上市町法音寺６４－１６" }, "geometry": { "type": "Point", "coordinates": [ 137.361582, 36.70235 ] } },
{ "type": "Feature", "properties": { "ID": 1655162000251, "正式名称": "チューリップ上小泉薬局", "機関区分": 5, "都道府県コード": 16, "市区町村コード": 206, "所在地": "富山県滑川市上小泉２０４６－６", "緯度": 36.758482, "経度": 137.343609, "url": "https://www.iryou.teikyouseido.mhlw.go.jp/znk-web/juminkanja/S2430/initialize?prefCd=16&kikanCd=5162000251&kikanKbn=5", "url2": "https://www.tulip-tz.co.jp/storeinfo/store_kamikoizumi.html", "内容": "チューリップ上小泉薬局【5:薬局】富山県滑川市上小泉２０４６－６" }, "geometry": { "type": "Point", "coordinates": [ 137.343609, 36.758482 ] } },
{ "type": "Feature", "properties": { "ID": 1655162000252, "正式名称": "ハート薬局　滑川店", "機関区分": 5, "都道府県コード": 16, "市区町村コード": 206, "所在地": "富山県滑川市中川原１８８－４", "緯度": 36.772314, "経度": 137.346469, "url": "https://www.iryou.teikyouseido.mhlw.go.jp/znk-web/juminkanja/S2430/initialize?prefCd=16&kikanCd=5162000252&kikanKbn=5", "url2": "https://www.heart-pharmacy.jp/", "内容": "ハート薬局　滑川店【5:薬局】富山県滑川市中川原１８８－４" }, "geometry": { "type": "Point", "coordinates": [ 137.346469, 36.772314 ] } },
{ "type": "Feature", "properties": { "ID": 1655162000253, "正式名称": "ハート薬局　柳原店", "機関区分": 5, "都道府県コード": 16, "市区町村コード": 206, "所在地": "富山県滑川市柳原２６－６", "緯度": 36.762315, "経度": 137.353691, "url": "https://www.iryou.teikyouseido.mhlw.go.jp/znk-web/juminkanja/S2430/initialize?prefCd=16&kikanCd=5162000253&kikanKbn=5", "url2": "https://www.heart-pharmacy.jp/", "内容": "ハート薬局　柳原店【5:薬局】富山県滑川市柳原２６－６" }, "geometry": { "type": "Point", "coordinates": [ 137.353691, 36.762315 ] } },
{ "type": "Feature", "properties": { "ID": 1655162000254, "正式名称": "ホリ薬局", "機関区分": 5, "都道府県コード": 16, "市区町村コード": 322, "所在地": "富山県中新川郡上市町新町１３－１", "緯度": 36.706211, "経度": 137.361554, "url": "https://www.iryou.teikyouseido.mhlw.go.jp/znk-web/juminkanja/S2430/initialize?prefCd=16&kikanCd=5162000254&kikanKbn=5", "url2": null, "内容": "ホリ薬局【5:薬局】富山県中新川郡上市町新町１３－１" }, "geometry": { "type": "Point", "coordinates": [ 137.361554, 36.706211 ] } },
{ "type": "Feature", "properties": { "ID": 1655162000259, "正式名称": "栄光堂薬局", "機関区分": 5, "都道府県コード": 16, "市区町村コード": 323, "所在地": "富山県中新川郡立山町五百石１７", "緯度": 36.664742, "経度": 137.316921, "url": "https://www.iryou.teikyouseido.mhlw.go.jp/znk-web/juminkanja/S2430/initialize?prefCd=16&kikanCd=5162000259&kikanKbn=5", "url2": null, "内容": "栄光堂薬局【5:薬局】富山県中新川郡立山町五百石１７" }, "geometry": { "type": "Point", "coordinates": [ 137.316921, 36.664742 ] } },
{ "type": "Feature", "properties": { "ID": 1655162000261, "正式名称": "上市青木二階堂薬局", "機関区分": 5, "都道府県コード": 16, "市区町村コード": 322, "所在地": "富山県中新川郡上市町正印２４４", "緯度": 36.698405, "経度": 137.341334, "url": "https://www.iryou.teikyouseido.mhlw.go.jp/znk-web/juminkanja/S2430/initialize?prefCd=16&kikanCd=5162000261&kikanKbn=5", "url2": "https://www.kusuri-aoki.co.jp/", "内容": "上市青木二階堂薬局【5:薬局】富山県中新川郡上市町正印２４４" }, "geometry": { "type": "Point", "coordinates": [ 137.341334, 36.698405 ] } },
{ "type": "Feature", "properties": { "ID": 1655162000262, "正式名称": "中滑川薬局", "機関区分": 5, "都道府県コード": 16, "市区町村コード": 206, "所在地": "富山県滑川市下小泉町１－８", "緯度": 36.762732, "経度": 137.339359, "url": "https://www.iryou.teikyouseido.mhlw.go.jp/znk-web/juminkanja/S2430/initialize?prefCd=16&kikanCd=5162000262&kikanKbn=5", "url2": "https://www.amall.co.jp/store/174", "内容": "中滑川薬局【5:薬局】富山県滑川市下小泉町１－８" }, "geometry": { "type": "Point", "coordinates": [ 137.339359, 36.762732 ] } },
{ "type": "Feature", "properties": { "ID": 1655162000263, "正式名称": "さくら薬局富山雄山店", "機関区分": 5, "都道府県コード": 16, "市区町村コード": 323, "所在地": "富山県中新川郡立山町大石原２２０－１", "緯度": 36.666045, "経度": 137.297654, "url": "https://www.iryou.teikyouseido.mhlw.go.jp/znk-web/juminkanja/S2430/initialize?prefCd=16&kikanCd=5162000263&kikanKbn=5", "url2": "https://www.kraft-net.co.jp/sakura/store/3366/", "内容": "さくら薬局富山雄山店【5:薬局】富山県中新川郡立山町大石原２２０－１" }, "geometry": { "type": "Point", "coordinates": [ 137.297654, 36.666045 ] } },
{ "type": "Feature", "properties": { "ID": 1655162000265, "正式名称": "立山中央薬局", "機関区分": 5, "都道府県コード": 16, "市区町村コード": 323, "所在地": "富山県中新川郡立山町前沢２７２７－１４", "緯度": 36.659527, "経度": 137.312208, "url": "https://www.iryou.teikyouseido.mhlw.go.jp/znk-web/juminkanja/S2430/initialize?prefCd=16&kikanCd=5162000265&kikanKbn=5", "url2": "https://r.goope.jp/tateyama/", "内容": "立山中央薬局【5:薬局】富山県中新川郡立山町前沢２７２７－１４" }, "geometry": { "type": "Point", "coordinates": [ 137.312208, 36.659527 ] } },
{ "type": "Feature", "properties": { "ID": 1655162000266, "正式名称": "剱漢方薬局", "機関区分": 5, "都道府県コード": 16, "市区町村コード": 322, "所在地": "富山県中新川郡上市町森尻３６２－５", "緯度": 36.720681, "経度": 137.357859, "url": "https://www.iryou.teikyouseido.mhlw.go.jp/znk-web/juminkanja/S2430/initialize?prefCd=16&kikanCd=5162000266&kikanKbn=5", "url2": null, "内容": "剱漢方薬局【5:薬局】富山県中新川郡上市町森尻３６２－５" }, "geometry": { "type": "Point", "coordinates": [ 137.357859, 36.720681 ] } },
{ "type": "Feature", "properties": { "ID": 1655162000267, "正式名称": "あけぼの調剤薬局", "機関区分": 5, "都道府県コード": 16, "市区町村コード": 342, "所在地": "富山県下新川郡入善町入膳７７１３－１", "緯度": 36.937577, "経度": 137.498421, "url": "https://www.iryou.teikyouseido.mhlw.go.jp/znk-web/juminkanja/S2430/initialize?prefCd=16&kikanCd=5162000267&kikanKbn=5", "url2": null, "内容": "あけぼの調剤薬局【5:薬局】富山県下新川郡入善町入膳７７１３－１" }, "geometry": { "type": "Point", "coordinates": [ 137.498421, 36.937577 ] } },
{ "type": "Feature", "properties": { "ID": 1655162000270, "正式名称": "うなづき薬局", "機関区分": 5, "都道府県コード": 16, "市区町村コード": 207, "所在地": "富山県黒部市宇奈月町浦山８０４－１　イラッセ内", "緯度": 36.872529, "経度": 137.513839, "url": "https://www.iryou.teikyouseido.mhlw.go.jp/znk-web/juminkanja/S2430/initialize?prefCd=16&kikanCd=5162000270&kikanKbn=5", "url2": "https://unadukipharmacy.com/", "内容": "うなづき薬局【5:薬局】富山県黒部市宇奈月町浦山８０４－１　イラッセ内" }, "geometry": { "type": "Point", "coordinates": [ 137.513839, 36.872529 ] } },
{ "type": "Feature", "properties": { "ID": 1655162000271, "正式名称": "えがお調剤薬局", "機関区分": 5, "都道府県コード": 16, "市区町村コード": 207, "所在地": "富山県黒部市堀高６０－１", "緯度": 36.882276, "経度": 137.440262, "url": "https://www.iryou.teikyouseido.mhlw.go.jp/znk-web/juminkanja/S2430/initialize?prefCd=16&kikanCd=5162000271&kikanKbn=5", "url2": null, "内容": "えがお調剤薬局【5:薬局】富山県黒部市堀高６０－１" }, "geometry": { "type": "Point", "coordinates": [ 137.440262, 36.882276 ] } },
{ "type": "Feature", "properties": { "ID": 1655162000274, "正式名称": "こざわ薬局", "機関区分": 5, "都道府県コード": 16, "市区町村コード": 343, "所在地": "富山県下新川郡朝日町泊３１７", "緯度": 36.957021, "経度": 137.560804, "url": "https://www.iryou.teikyouseido.mhlw.go.jp/znk-web/juminkanja/S2430/initialize?prefCd=16&kikanCd=5162000274&kikanKbn=5", "url2": null, "内容": "こざわ薬局【5:薬局】富山県下新川郡朝日町泊３１７" }, "geometry": { "type": "Point", "coordinates": [ 137.560804, 36.957021 ] } },
{ "type": "Feature", "properties": { "ID": 1655162000276, "正式名称": "セブンス薬局　黒部店", "機関区分": 5, "都道府県コード": 16, "市区町村コード": 207, "所在地": "富山県黒部市生地神区２９８－３", "緯度": 36.888609, "経度": 137.419819, "url": "https://www.iryou.teikyouseido.mhlw.go.jp/znk-web/juminkanja/S2430/initialize?prefCd=16&kikanCd=5162000276&kikanKbn=5", "url2": "http://www011.upp.so-net.ne.jp/kosomo-1/", "内容": "セブンス薬局　黒部店【5:薬局】富山県黒部市生地神区２９８－３" }, "geometry": { "type": "Point", "coordinates": [ 137.419819, 36.888609 ] } },
{ "type": "Feature", "properties": { "ID": 1655162000282, "正式名称": "たんぽぽ薬局　黒部店", "機関区分": 5, "都道府県コード": 16, "市区町村コード": 207, "所在地": "富山県黒部市三日市１１０７", "緯度": 36.872472, "経度": 137.441012, "url": "https://www.iryou.teikyouseido.mhlw.go.jp/znk-web/juminkanja/S2430/initialize?prefCd=16&kikanCd=5162000282&kikanKbn=5", "url2": "http://www.tanpopo-ph.co.jp", "内容": "たんぽぽ薬局　黒部店【5:薬局】富山県黒部市三日市１１０７" }, "geometry": { "type": "Point", "coordinates": [ 137.441012, 36.872472 ] } },
{ "type": "Feature", "properties": { "ID": 1655162000283, "正式名称": "たんぽぽ薬局　泊店", "機関区分": 5, "都道府県コード": 16, "市区町村コード": 343, "所在地": "富山県下新川郡朝日町泊４７５番地７", "緯度": 36.958576, "経度": 137.561693, "url": "https://www.iryou.teikyouseido.mhlw.go.jp/znk-web/juminkanja/S2430/initialize?prefCd=16&kikanCd=5162000283&kikanKbn=5", "url2": "http://www.tanpopo-ph.co.jp", "内容": "たんぽぽ薬局　泊店【5:薬局】富山県下新川郡朝日町泊４７５番地７" }, "geometry": { "type": "Point", "coordinates": [ 137.561693, 36.958576 ] } },
{ "type": "Feature", "properties": { "ID": 1655162000284, "正式名称": "チューリップ生地薬局", "機関区分": 5, "都道府県コード": 16, "市区町村コード": 207, "所在地": "富山県黒部市生地中区１０４－１", "緯度": 36.888525, "経度": 137.424763, "url": "https://www.iryou.teikyouseido.mhlw.go.jp/znk-web/juminkanja/S2430/initialize?prefCd=16&kikanCd=5162000284&kikanKbn=5", "url2": "https://www.tulip-tz.co.jp/storeinfo/store_ikuji.html", "内容": "チューリップ生地薬局【5:薬局】富山県黒部市生地中区１０４－１" }, "geometry": { "type": "Point", "coordinates": [ 137.424763, 36.888525 ] } },
{ "type": "Feature", "properties": { "ID": 1655162000285, "正式名称": "チューリップ黒部薬局", "機関区分": 5, "都道府県コード": 16, "市区町村コード": 207, "所在地": "富山県黒部市三日市三島１０７４－５", "緯度": 36.872527, "経度": 137.440262, "url": "https://www.iryou.teikyouseido.mhlw.go.jp/znk-web/juminkanja/S2430/initialize?prefCd=16&kikanCd=5162000285&kikanKbn=5", "url2": "https://www.tulip-tz.co.jp/storeinfo/store_kurobe.html", "内容": "チューリップ黒部薬局【5:薬局】富山県黒部市三日市三島１０７４－５" }, "geometry": { "type": "Point", "coordinates": [ 137.440262, 36.872527 ] } },
{ "type": "Feature", "properties": { "ID": 1655162000286, "正式名称": "チューリップ入善薬局", "機関区分": 5, "都道府県コード": 16, "市区町村コード": 342, "所在地": "富山県下新川郡入善町入膳７９３６番地２", "緯度": 36.939299, "経度": 137.496477, "url": "https://www.iryou.teikyouseido.mhlw.go.jp/znk-web/juminkanja/S2430/initialize?prefCd=16&kikanCd=5162000286&kikanKbn=5", "url2": "https://www.tulip-tz.co.jp/storeinfo/store_nyuzen.html", "内容": "チューリップ入善薬局【5:薬局】富山県下新川郡入善町入膳７９３６番地２" }, "geometry": { "type": "Point", "coordinates": [ 137.496477, 36.939299 ] } },
{ "type": "Feature", "properties": { "ID": 1655162000287, "正式名称": "チューリップ牧野薬局", "機関区分": 5, "都道府県コード": 16, "市区町村コード": 207, "所在地": "富山県黒部市牧野７８１－３", "緯度": 36.868028, "経度": 137.440818, "url": "https://www.iryou.teikyouseido.mhlw.go.jp/znk-web/juminkanja/S2430/initialize?prefCd=16&kikanCd=5162000287&kikanKbn=5", "url2": "https://www.tulip-tz.co.jp/storeinfo/store_makino.html", "内容": "チューリップ牧野薬局【5:薬局】富山県黒部市牧野７８１－３" }, "geometry": { "type": "Point", "coordinates": [ 137.440818, 36.868028 ] } },
{ "type": "Feature", "properties": { "ID": 1655162000288, "正式名称": "はまにし薬局　コスモ店", "機関区分": 5, "都道府県コード": 16, "市区町村コード": 342, "所在地": "富山県下新川郡入善町椚山１３３６　コスモ２１内", "緯度": 36.941938, "経度": 137.513559, "url": "https://www.iryou.teikyouseido.mhlw.go.jp/znk-web/juminkanja/S2430/initialize?prefCd=16&kikanCd=5162000288&kikanKbn=5", "url2": "http://www.rurikou.jp", "内容": "はまにし薬局　コスモ店【5:薬局】富山県下新川郡入善町椚山１３３６　コスモ２１内" }, "geometry": { "type": "Point", "coordinates": [ 137.513559, 36.941938 ] } },
{ "type": "Feature", "properties": { "ID": 1655162000289, "正式名称": "ひばりの薬局", "機関区分": 5, "都道府県コード": 16, "市区町村コード": 342, "所在地": "富山県下新川郡入善町舟見１５９４", "緯度": 36.88189, "経度": 137.552669, "url": "https://www.iryou.teikyouseido.mhlw.go.jp/znk-web/juminkanja/S2430/initialize?prefCd=16&kikanCd=5162000289&kikanKbn=5", "url2": null, "内容": "ひばりの薬局【5:薬局】富山県下新川郡入善町舟見１５９４" }, "geometry": { "type": "Point", "coordinates": [ 137.552669, 36.88189 ] } },
{ "type": "Feature", "properties": { "ID": 1655162000290, "正式名称": "ひらた資生堂薬局", "機関区分": 5, "都道府県コード": 16, "市区町村コード": 207, "所在地": "富山県黒部市三日市３２０４－１", "緯度": 36.873222, "経度": 137.444206, "url": "https://www.iryou.teikyouseido.mhlw.go.jp/znk-web/juminkanja/S2430/initialize?prefCd=16&kikanCd=5162000290&kikanKbn=5", "url2": "https://toyama-kanpo.com/", "内容": "ひらた資生堂薬局【5:薬局】富山県黒部市三日市３２０４－１" }, "geometry": { "type": "Point", "coordinates": [ 137.444206, 36.873222 ] } },
{ "type": "Feature", "properties": { "ID": 1655162000291, "正式名称": "チューリップみどり薬局", "機関区分": 5, "都道府県コード": 16, "市区町村コード": 207, "所在地": "富山県黒部市三日市２５５８－５", "緯度": 36.872972, "経度": 137.452372, "url": "https://www.iryou.teikyouseido.mhlw.go.jp/znk-web/juminkanja/S2430/initialize?prefCd=16&kikanCd=5162000291&kikanKbn=5", "url2": "https://www.tulip-tz.co.jp/storeinfo/store_midori.html", "内容": "チューリップみどり薬局【5:薬局】富山県黒部市三日市２５５８－５" }, "geometry": { "type": "Point", "coordinates": [ 137.452372, 36.872972 ] } },
{ "type": "Feature", "properties": { "ID": 1655162000293, "正式名称": "山崎全快堂薬局", "機関区分": 5, "都道府県コード": 16, "市区町村コード": 342, "所在地": "富山県下新川郡入善町入膳５２３２－２", "緯度": 36.939077, "経度": 137.50056, "url": "https://www.iryou.teikyouseido.mhlw.go.jp/znk-web/juminkanja/S2430/initialize?prefCd=16&kikanCd=5162000293&kikanKbn=5", "url2": null, "内容": "山崎全快堂薬局【5:薬局】富山県下新川郡入善町入膳５２３２－２" }, "geometry": { "type": "Point", "coordinates": [ 137.50056, 36.939077 ] } },
{ "type": "Feature", "properties": { "ID": 1655162000297, "正式名称": "桃李薬局", "機関区分": 5, "都道府県コード": 16, "市区町村コード": 342, "所在地": "富山県下新川郡入善町君島１２０－２６", "緯度": 36.944021, "経度": 137.505976, "url": "https://www.iryou.teikyouseido.mhlw.go.jp/znk-web/juminkanja/S2430/initialize?prefCd=16&kikanCd=5162000297&kikanKbn=5", "url2": null, "内容": "桃李薬局【5:薬局】富山県下新川郡入善町君島１２０－２６" }, "geometry": { "type": "Point", "coordinates": [ 137.505976, 36.944021 ] } },
{ "type": "Feature", "properties": { "ID": 1655162000300, "正式名称": "有限会社　メープル薬局", "機関区分": 5, "都道府県コード": 16, "市区町村コード": 207, "所在地": "富山県黒部市三日市２９０３－５", "緯度": 36.876416, "経度": 137.451206, "url": "https://www.iryou.teikyouseido.mhlw.go.jp/znk-web/juminkanja/S2430/initialize?prefCd=16&kikanCd=5162000300&kikanKbn=5", "url2": null, "内容": "有限会社　メープル薬局【5:薬局】富山県黒部市三日市２９０３－５" }, "geometry": { "type": "Point", "coordinates": [ 137.451206, 36.876416 ] } },
{ "type": "Feature", "properties": { "ID": 1655162000305, "正式名称": "かもめ薬局吉島店", "機関区分": 5, "都道府県コード": 16, "市区町村コード": 204, "所在地": "富山県魚津市吉島７５０－３", "緯度": 36.827976, "経度": 137.425599, "url": "https://www.iryou.teikyouseido.mhlw.go.jp/znk-web/juminkanja/S2430/initialize?prefCd=16&kikanCd=5162000305&kikanKbn=5", "url2": "https://www.moriki-group.info/store_serach/toyama/%E3%81%8B%E3%82%82%E3%82%81%E8%96%AC%E5%B1%80-%E5%90%89%E5%B3%B6%E5%BA%97.html", "内容": "かもめ薬局吉島店【5:薬局】富山県魚津市吉島７５０－３" }, "geometry": { "type": "Point", "coordinates": [ 137.425599, 36.827976 ] } },
{ "type": "Feature", "properties": { "ID": 1655162000306, "正式名称": "シメノドラッグ魚津薬局", "機関区分": 5, "都道府県コード": 16, "市区町村コード": 204, "所在地": "富山県魚津市北鬼江１丁目５番１０号", "緯度": 36.828782, "経度": 137.409767, "url": "https://www.iryou.teikyouseido.mhlw.go.jp/znk-web/juminkanja/S2430/initialize?prefCd=16&kikanCd=5162000306&kikanKbn=5", "url2": null, "内容": "シメノドラッグ魚津薬局【5:薬局】富山県魚津市北鬼江１丁目５番１０号" }, "geometry": { "type": "Point", "coordinates": [ 137.409767, 36.828782 ] } },
{ "type": "Feature", "properties": { "ID": 1655162000308, "正式名称": "たんぽぽ薬局　魚津店", "機関区分": 5, "都道府県コード": 16, "市区町村コード": 204, "所在地": "富山県魚津市相木字朝折１－３", "緯度": 36.822449, "経度": 137.424266, "url": "https://www.iryou.teikyouseido.mhlw.go.jp/znk-web/juminkanja/S2430/initialize?prefCd=16&kikanCd=5162000308&kikanKbn=5", "url2": "https://www.tanpopo-ph.co.jp/", "内容": "たんぽぽ薬局　魚津店【5:薬局】富山県魚津市相木字朝折１－３" }, "geometry": { "type": "Point", "coordinates": [ 137.424266, 36.822449 ] } },
{ "type": "Feature", "properties": { "ID": 1655162000309, "正式名称": "チューリップ吉島薬局", "機関区分": 5, "都道府県コード": 16, "市区町村コード": 204, "所在地": "富山県魚津市吉島１丁目７－２２", "緯度": 36.82806, "経度": 137.412572, "url": "https://www.iryou.teikyouseido.mhlw.go.jp/znk-web/juminkanja/S2430/initialize?prefCd=16&kikanCd=5162000309&kikanKbn=5", "url2": "https://www.tulip-tz.co.jp/storeinfo/store_kichijima.html", "内容": "チューリップ吉島薬局【5:薬局】富山県魚津市吉島１丁目７－２２" }, "geometry": { "type": "Point", "coordinates": [ 137.412572, 36.82806 ] } },
{ "type": "Feature", "properties": { "ID": 1655162000311, "正式名称": "本江うぇるね薬局", "機関区分": 5, "都道府県コード": 16, "市区町村コード": 204, "所在地": "富山県魚津市本江１丁目２０番地１", "緯度": 36.816727, "経度": 137.407767, "url": "https://www.iryou.teikyouseido.mhlw.go.jp/znk-web/juminkanja/S2430/initialize?prefCd=16&kikanCd=5162000311&kikanKbn=5", "url2": null, "内容": "本江うぇるね薬局【5:薬局】富山県魚津市本江１丁目２０番地１" }, "geometry": { "type": "Point", "coordinates": [ 137.407767, 36.816727 ] } },
{ "type": "Feature", "properties": { "ID": 1655162000314, "正式名称": "チューリップ太郎丸薬局", "機関区分": 5, "都道府県コード": 16, "市区町村コード": 208, "所在地": "富山県砺波市太郎丸１－８－７", "緯度": 36.632517, "経度": 136.959619, "url": "https://www.iryou.teikyouseido.mhlw.go.jp/znk-web/juminkanja/S2430/initialize?prefCd=16&kikanCd=5162000314&kikanKbn=5", "url2": "https://www.tulip-tz.co.jp/storeinfo/store_taroumaru.html", "内容": "チューリップ太郎丸薬局【5:薬局】富山県砺波市太郎丸１－８－７" }, "geometry": { "type": "Point", "coordinates": [ 136.959619, 36.632517 ] } },
{ "type": "Feature", "properties": { "ID": 1655162000315, "正式名称": "チューリップ天神町薬局", "機関区分": 5, "都道府県コード": 16, "市区町村コード": 210, "所在地": "富山県南砺市福光天神町１３１６－２", "緯度": 36.555301, "経度": 136.872713, "url": "https://www.iryou.teikyouseido.mhlw.go.jp/znk-web/juminkanja/S2430/initialize?prefCd=16&kikanCd=5162000315&kikanKbn=5", "url2": "https://www.tulip-tz.co.jp/storeinfo/store_tenjinmachi.html", "内容": "チューリップ天神町薬局【5:薬局】富山県南砺市福光天神町１３１６－２" }, "geometry": { "type": "Point", "coordinates": [ 136.872713, 36.555301 ] } },
{ "type": "Feature", "properties": { "ID": 1655162000316, "正式名称": "チューリップ福野薬局", "機関区分": 5, "都道府県コード": 16, "市区町村コード": 210, "所在地": "富山県南砺市寺家新屋敷４７３－２", "緯度": 36.59427, "経度": 136.91568, "url": "https://www.iryou.teikyouseido.mhlw.go.jp/znk-web/juminkanja/S2430/initialize?prefCd=16&kikanCd=5162000316&kikanKbn=5", "url2": "https://www.tulip-tz.co.jp/storeinfo/store_fukuno.html", "内容": "チューリップ福野薬局【5:薬局】富山県南砺市寺家新屋敷４７３－２" }, "geometry": { "type": "Point", "coordinates": [ 136.91568, 36.59427 ] } },
{ "type": "Feature", "properties": { "ID": 1655162000317, "正式名称": "アルプ薬局ことぶき店", "機関区分": 5, "都道府県コード": 16, "市区町村コード": 208, "所在地": "富山県砺波市平和町１４４バンチ", "緯度": 36.642849, "経度": 136.952647, "url": "https://www.iryou.teikyouseido.mhlw.go.jp/znk-web/juminkanja/S2430/initialize?prefCd=16&kikanCd=5162000317&kikanKbn=5", "url2": "http://www.alp-grp.jp", "内容": "アルプ薬局ことぶき店【5:薬局】富山県砺波市平和町１４４バンチ" }, "geometry": { "type": "Point", "coordinates": [ 136.952647, 36.642849 ] } },
{ "type": "Feature", "properties": { "ID": 1655162000318, "正式名称": "タケザワ薬局　トナミ店", "機関区分": 5, "都道府県コード": 16, "市区町村コード": 208, "所在地": "富山県砺波市新富町１－６１", "緯度": 36.639405, "経度": 136.951008, "url": "https://www.iryou.teikyouseido.mhlw.go.jp/znk-web/juminkanja/S2430/initialize?prefCd=16&kikanCd=5162000318&kikanKbn=5", "url2": null, "内容": "タケザワ薬局　トナミ店【5:薬局】富山県砺波市新富町１－６１" }, "geometry": { "type": "Point", "coordinates": [ 136.951008, 36.639405 ] } },
{ "type": "Feature", "properties": { "ID": 1655162000319, "正式名称": "たちぱぱ薬局", "機関区分": 5, "都道府県コード": 16, "市区町村コード": 208, "所在地": "富山県砺波市寿町２－３９", "緯度": 36.644571, "経度": 136.957007, "url": "https://www.iryou.teikyouseido.mhlw.go.jp/znk-web/juminkanja/S2430/initialize?prefCd=16&kikanCd=5162000319&kikanKbn=5", "url2": null, "内容": "たちぱぱ薬局【5:薬局】富山県砺波市寿町２－３９" }, "geometry": { "type": "Point", "coordinates": [ 136.957007, 36.644571 ] } },
{ "type": "Feature", "properties": { "ID": 1655162000320, "正式名称": "たんぽぽ薬局　砺波店", "機関区分": 5, "都道府県コード": 16, "市区町村コード": 208, "所在地": "富山県砺波市中央町１０－７", "緯度": 36.640321, "経度": 136.952147, "url": "https://www.iryou.teikyouseido.mhlw.go.jp/znk-web/juminkanja/S2430/initialize?prefCd=16&kikanCd=5162000320&kikanKbn=5", "url2": "http://www.tanpopo-ph.co.jp", "内容": "たんぽぽ薬局　砺波店【5:薬局】富山県砺波市中央町１０－７" }, "geometry": { "type": "Point", "coordinates": [ 136.952147, 36.640321 ] } },
{ "type": "Feature", "properties": { "ID": 1655162000321, "正式名称": "チューリップ公園前薬局", "機関区分": 5, "都道府県コード": 16, "市区町村コード": 208, "所在地": "富山県砺波市となみ町１３－１８", "緯度": 36.637655, "経度": 136.961507, "url": "https://www.iryou.teikyouseido.mhlw.go.jp/znk-web/juminkanja/S2430/initialize?prefCd=16&kikanCd=5162000321&kikanKbn=5", "url2": "https://www.tulip-tz.co.jp/storeinfo/store_kouenmae.html", "内容": "チューリップ公園前薬局【5:薬局】富山県砺波市となみ町１３－１８" }, "geometry": { "type": "Point", "coordinates": [ 136.961507, 36.637655 ] } },
{ "type": "Feature", "properties": { "ID": 1655162000322, "正式名称": "チューリップ中神薬局", "機関区分": 5, "都道府県コード": 16, "市区町村コード": 208, "所在地": "富山県砺波市永福町５－１０", "緯度": 36.639127, "経度": 136.945897, "url": "https://www.iryou.teikyouseido.mhlw.go.jp/znk-web/juminkanja/S2430/initialize?prefCd=16&kikanCd=5162000322&kikanKbn=5", "url2": "https://www.tulip-tz.co.jp/storeinfo/store_nakagami.html", "内容": "チューリップ中神薬局【5:薬局】富山県砺波市永福町５－１０" }, "geometry": { "type": "Point", "coordinates": [ 136.945897, 36.639127 ] } },
{ "type": "Feature", "properties": { "ID": 1655162000323, "正式名称": "チューリップ砺波薬局", "機関区分": 5, "都道府県コード": 16, "市区町村コード": 208, "所在地": "富山県砺波市中央町１０－８", "緯度": 36.639572, "経度": 136.95273, "url": "https://www.iryou.teikyouseido.mhlw.go.jp/znk-web/juminkanja/S2430/initialize?prefCd=16&kikanCd=5162000323&kikanKbn=5", "url2": "https://www.tulip-tz.co.jp/storeinfo/store_tonami.html", "内容": "チューリップ砺波薬局【5:薬局】富山県砺波市中央町１０－８" }, "geometry": { "type": "Point", "coordinates": [ 136.95273, 36.639572 ] } },
{ "type": "Feature", "properties": { "ID": 1655162000324, "正式名称": "ウエルシア薬局　砺波豊町店", "機関区分": 5, "都道府県コード": 16, "市区町村コード": 208, "所在地": "富山県砺波市豊町２－１７－２", "緯度": 36.626629, "経度": 136.954064, "url": "https://www.iryou.teikyouseido.mhlw.go.jp/znk-web/juminkanja/S2430/initialize?prefCd=16&kikanCd=5162000324&kikanKbn=5", "url2": "https://store.welcia.co.jp/welcia/spot/detail?code=8608D", "内容": "ウエルシア薬局　砺波豊町店【5:薬局】富山県砺波市豊町２－１７－２" }, "geometry": { "type": "Point", "coordinates": [ 136.954064, 36.626629 ] } },
{ "type": "Feature", "properties": { "ID": 1655162000325, "正式名称": "福野ひまわり薬局", "機関区分": 5, "都道府県コード": 16, "市区町村コード": 210, "所在地": "富山県南砺市やかた２２１", "緯度": 36.590465, "経度": 136.917708, "url": "https://www.iryou.teikyouseido.mhlw.go.jp/znk-web/juminkanja/S2430/initialize?prefCd=16&kikanCd=5162000325&kikanKbn=5", "url2": "http://rosso-inc.com", "内容": "福野ひまわり薬局【5:薬局】富山県南砺市やかた２２１" }, "geometry": { "type": "Point", "coordinates": [ 136.917708, 36.590465 ] } },
{ "type": "Feature", "properties": { "ID": 1655162000327, "正式名称": "わたなべ薬局", "機関区分": 5, "都道府県コード": 16, "市区町村コード": 210, "所在地": "富山県南砺市田中７８－１", "緯度": 36.558329, "経度": 136.885323, "url": "https://www.iryou.teikyouseido.mhlw.go.jp/znk-web/juminkanja/S2430/initialize?prefCd=16&kikanCd=5162000327&kikanKbn=5", "url2": "http://www.rurikou.jp/", "内容": "わたなべ薬局【5:薬局】富山県南砺市田中７８－１" }, "geometry": { "type": "Point", "coordinates": [ 136.885323, 36.558329 ] } },
{ "type": "Feature", "properties": { "ID": 1655162000330, "正式名称": "笹田薬局", "機関区分": 5, "都道府県コード": 16, "市区町村コード": 210, "所在地": "富山県南砺市城端東下９９－３", "緯度": 36.516778, "経度": 136.903795, "url": "https://www.iryou.teikyouseido.mhlw.go.jp/znk-web/juminkanja/S2430/initialize?prefCd=16&kikanCd=5162000330&kikanKbn=5", "url2": null, "内容": "笹田薬局【5:薬局】富山県南砺市城端東下９９－３" }, "geometry": { "type": "Point", "coordinates": [ 136.903795, 36.516778 ] } },
{ "type": "Feature", "properties": { "ID": 1655162000331, "正式名称": "松村薬局", "機関区分": 5, "都道府県コード": 16, "市区町村コード": 210, "所在地": "富山県南砺市福光新町４６", "緯度": 36.557884, "経度": 136.872407, "url": "https://www.iryou.teikyouseido.mhlw.go.jp/znk-web/juminkanja/S2430/initialize?prefCd=16&kikanCd=5162000331&kikanKbn=5", "url2": null, "内容": "松村薬局【5:薬局】富山県南砺市福光新町４６" }, "geometry": { "type": "Point", "coordinates": [ 136.872407, 36.557884 ] } },
{ "type": "Feature", "properties": { "ID": 1655162000337, "正式名称": "アルプ薬局福野店", "機関区分": 5, "都道府県コード": 16, "市区町村コード": 210, "所在地": "富山県南砺市高儀１３－６", "緯度": 36.600492, "経度": 136.929734, "url": "https://www.iryou.teikyouseido.mhlw.go.jp/znk-web/juminkanja/S2430/initialize?prefCd=16&kikanCd=5162000337&kikanKbn=5", "url2": "http://www.alp-grp.jp", "内容": "アルプ薬局福野店【5:薬局】富山県南砺市高儀１３－６" }, "geometry": { "type": "Point", "coordinates": [ 136.929734, 36.600492 ] } },
{ "type": "Feature", "properties": { "ID": 1655162000341, "正式名称": "野村薬局", "機関区分": 5, "都道府県コード": 16, "市区町村コード": 210, "所在地": "富山県南砺市城端西上４１６", "緯度": 36.515945, "経度": 136.902601, "url": "https://www.iryou.teikyouseido.mhlw.go.jp/znk-web/juminkanja/S2430/initialize?prefCd=16&kikanCd=5162000341&kikanKbn=5", "url2": "http://nomurayaku.sakura.ne.jp/", "内容": "野村薬局【5:薬局】富山県南砺市城端西上４１６" }, "geometry": { "type": "Point", "coordinates": [ 136.902601, 36.515945 ] } },
{ "type": "Feature", "properties": { "ID": 1655162000342, "正式名称": "有限会社　たんぱ薬局", "機関区分": 5, "都道府県コード": 16, "市区町村コード": 210, "所在地": "富山県南砺市本町４丁目１", "緯度": 36.56533, "経度": 136.969732, "url": "https://www.iryou.teikyouseido.mhlw.go.jp/znk-web/juminkanja/S2430/initialize?prefCd=16&kikanCd=5162000342&kikanKbn=5", "url2": "http://tanpayakkyoku.com/", "内容": "有限会社　たんぱ薬局【5:薬局】富山県南砺市本町４丁目１" }, "geometry": { "type": "Point", "coordinates": [ 136.969732, 36.56533 ] } },
{ "type": "Feature", "properties": { "ID": 1655162000344, "正式名称": "チューリップ埴生薬局", "機関区分": 5, "都道府県コード": 16, "市区町村コード": 209, "所在地": "富山県小矢部市埴生３５６－５", "緯度": 36.664956, "経度": 136.855709, "url": "https://www.iryou.teikyouseido.mhlw.go.jp/znk-web/juminkanja/S2430/initialize?prefCd=16&kikanCd=5162000344&kikanKbn=5", "url2": "https://www.tulip-tz.co.jp/storeinfo/store_haniu.html", "内容": "チューリップ埴生薬局【5:薬局】富山県小矢部市埴生３５６－５" }, "geometry": { "type": "Point", "coordinates": [ 136.855709, 36.664956 ] } },
{ "type": "Feature", "properties": { "ID": 1655162000349, "正式名称": "チューリップ本町薬局", "機関区分": 5, "都道府県コード": 16, "市区町村コード": 205, "所在地": "富山県氷見市本町７番２２", "緯度": 36.850161, "経度": 136.986579, "url": "https://www.iryou.teikyouseido.mhlw.go.jp/znk-web/juminkanja/S2430/initialize?prefCd=16&kikanCd=5162000349&kikanKbn=5", "url2": "https://www.tulip-tz.co.jp/storeinfo/store_honmachi.html", "内容": "チューリップ本町薬局【5:薬局】富山県氷見市本町７番２２" }, "geometry": { "type": "Point", "coordinates": [ 136.986579, 36.850161 ] } },
{ "type": "Feature", "properties": { "ID": 1655162000353, "正式名称": "チューリップ大山薬局", "機関区分": 5, "都道府県コード": 16, "市区町村コード": 201, "所在地": "富山県富山市花崎８６番２", "緯度": 36.609331, "経度": 137.281371, "url": "https://www.iryou.teikyouseido.mhlw.go.jp/znk-web/juminkanja/S2430/initialize?prefCd=16&kikanCd=5162000353&kikanKbn=5", "url2": "https://www.tulip-tz.co.jp/storeinfo/store_oyama.html", "内容": "チューリップ大山薬局【5:薬局】富山県富山市花崎８６番２" }, "geometry": { "type": "Point", "coordinates": [ 137.281371, 36.609331 ] } },
{ "type": "Feature", "properties": { "ID": 1655162000400, "正式名称": "Ｖ・ｄｒｕｇ　富山婦中薬局", "機関区分": 5, "都道府県コード": 16, "市区町村コード": 201, "所在地": "富山県富山市婦中町西ヶ丘１９２５", "緯度": 36.658462, "経度": 137.167461, "url": "https://www.iryou.teikyouseido.mhlw.go.jp/znk-web/juminkanja/S2430/initialize?prefCd=16&kikanCd=5162000400&kikanKbn=5", "url2": "https://vdrug.co.jp/pharmacy/", "内容": "Ｖ・ｄｒｕｇ　富山婦中薬局【5:薬局】富山県富山市婦中町西ヶ丘１９２５" }, "geometry": { "type": "Point", "coordinates": [ 137.167461, 36.658462 ] } },
{ "type": "Feature", "properties": { "ID": 1655162000401, "正式名称": "フロンティア薬局高岡店", "機関区分": 5, "都道府県コード": 16, "市区町村コード": 202, "所在地": "富山県高岡市二塚４１２番地５", "緯度": 36.720922, "経度": 137.014579, "url": "https://www.iryou.teikyouseido.mhlw.go.jp/znk-web/juminkanja/S2430/initialize?prefCd=16&kikanCd=5162000401&kikanKbn=5", "url2": "https://www.frontier-ph.com/", "内容": "フロンティア薬局高岡店【5:薬局】富山県高岡市二塚４１２番地５" }, "geometry": { "type": "Point", "coordinates": [ 137.014579, 36.720922 ] } },
{ "type": "Feature", "properties": { "ID": 1655162000402, "正式名称": "瑠璃光薬局　高岡店", "機関区分": 5, "都道府県コード": 16, "市区町村コード": 202, "所在地": "富山県高岡市大坪町１丁目５番２２号", "緯度": 36.753838, "経度": 137.016775, "url": "https://www.iryou.teikyouseido.mhlw.go.jp/znk-web/juminkanja/S2430/initialize?prefCd=16&kikanCd=5162000402&kikanKbn=5", "url2": "http://www.rurikou.jp", "内容": "瑠璃光薬局　高岡店【5:薬局】富山県高岡市大坪町１丁目５番２２号" }, "geometry": { "type": "Point", "coordinates": [ 137.016775, 36.753838 ] } },
{ "type": "Feature", "properties": { "ID": 1655162000403, "正式名称": "りんご薬局　吉島店", "機関区分": 5, "都道府県コード": 16, "市区町村コード": 204, "所在地": "富山県魚津市吉島１丁目５０１", "緯度": 36.827165, "経度": 137.410804, "url": "https://www.iryou.teikyouseido.mhlw.go.jp/znk-web/juminkanja/S2430/initialize?prefCd=16&kikanCd=5162000403&kikanKbn=5", "url2": "http://www.teishi.co.jp", "内容": "りんご薬局　吉島店【5:薬局】富山県魚津市吉島１丁目５０１" }, "geometry": { "type": "Point", "coordinates": [ 137.410804, 36.827165 ] } },
{ "type": "Feature", "properties": { "ID": 1655162000406, "正式名称": "クロベ調剤薬局", "機関区分": 5, "都道府県コード": 16, "市区町村コード": 207, "所在地": "富山県黒部市北野４８番地３", "緯度": 36.892359, "経度": 137.448927, "url": "https://www.iryou.teikyouseido.mhlw.go.jp/znk-web/juminkanja/S2430/initialize?prefCd=16&kikanCd=5162000406&kikanKbn=5", "url2": "http://fiore-fiore.co.jp", "内容": "クロベ調剤薬局【5:薬局】富山県黒部市北野４８番地３" }, "geometry": { "type": "Point", "coordinates": [ 137.448927, 36.892359 ] } },
{ "type": "Feature", "properties": { "ID": 1655162000407, "正式名称": "薬局マツモトキヨシ小矢部店", "機関区分": 5, "都道府県コード": 16, "市区町村コード": 209, "所在地": "富山県小矢部市綾子３９７９番", "緯度": 36.669345, "経度": 136.863875, "url": "https://www.iryou.teikyouseido.mhlw.go.jp/znk-web/juminkanja/S2430/initialize?prefCd=16&kikanCd=5162000407&kikanKbn=5", "url2": null, "内容": "薬局マツモトキヨシ小矢部店【5:薬局】富山県小矢部市綾子３９７９番" }, "geometry": { "type": "Point", "coordinates": [ 136.863875, 36.669345 ] } },
{ "type": "Feature", "properties": { "ID": 1655162000410, "正式名称": "ひまわり薬局", "機関区分": 5, "都道府県コード": 16, "市区町村コード": 202, "所在地": "富山県高岡市戸出町３丁目１５－３８", "緯度": 36.681123, "経度": 136.978004, "url": "https://www.iryou.teikyouseido.mhlw.go.jp/znk-web/juminkanja/S2430/initialize?prefCd=16&kikanCd=5162000410&kikanKbn=5", "url2": "http://www.rosso-inc.com/", "内容": "ひまわり薬局【5:薬局】富山県高岡市戸出町３丁目１５－３８" }, "geometry": { "type": "Point", "coordinates": [ 136.978004, 36.681123 ] } },
{ "type": "Feature", "properties": { "ID": 1655162000411, "正式名称": "あんず薬局　黒部本店", "機関区分": 5, "都道府県コード": 16, "市区町村コード": 207, "所在地": "富山県黒部市北新１０番地４", "緯度": 36.876452, "経度": 137.443221, "url": "https://www.iryou.teikyouseido.mhlw.go.jp/znk-web/juminkanja/S2430/initialize?prefCd=16&kikanCd=5162000411&kikanKbn=5", "url2": "https://www.facebook.com/apricot.anzu.pharmacy", "内容": "あんず薬局　黒部本店【5:薬局】富山県黒部市北新１０番地４" }, "geometry": { "type": "Point", "coordinates": [ 137.443221, 36.876452 ] } },
{ "type": "Feature", "properties": { "ID": 1655162000412, "正式名称": "チューリップ山王薬局", "機関区分": 5, "都道府県コード": 16, "市区町村コード": 208, "所在地": "富山県砺波市山王町４番５号", "緯度": 36.636405, "経度": 136.95598, "url": "https://www.iryou.teikyouseido.mhlw.go.jp/znk-web/juminkanja/S2430/initialize?prefCd=16&kikanCd=5162000412&kikanKbn=5", "url2": "https://www.tulip-tz.co.jp/storeinfo/store_sannou.html", "内容": "チューリップ山王薬局【5:薬局】富山県砺波市山王町４番５号" }, "geometry": { "type": "Point", "coordinates": [ 136.95598, 36.636405 ] } },
{ "type": "Feature", "properties": { "ID": 1655162000413, "正式名称": "桜町薬局", "機関区分": 5, "都道府県コード": 16, "市区町村コード": 201, "所在地": "富山県富山市桜町１丁目３－４　東洋１２ビル１Ｆ", "緯度": 36.698848, "経度": 137.2134, "url": "https://www.iryou.teikyouseido.mhlw.go.jp/znk-web/juminkanja/S2430/initialize?prefCd=16&kikanCd=5162000413&kikanKbn=5", "url2": "https://sakuramachi-pharmacy.com/", "内容": "桜町薬局【5:薬局】富山県富山市桜町１丁目３－４　東洋１２ビル１Ｆ" }, "geometry": { "type": "Point", "coordinates": [ 137.2134, 36.698848 ] } },
{ "type": "Feature", "properties": { "ID": 1655162000414, "正式名称": "チューリップ福光薬局", "機関区分": 5, "都道府県コード": 16, "市区町村コード": 210, "所在地": "富山県南砺市福光２０３番地１", "緯度": 36.563676, "経度": 136.872063, "url": "https://www.iryou.teikyouseido.mhlw.go.jp/znk-web/juminkanja/S2430/initialize?prefCd=16&kikanCd=5162000414&kikanKbn=5", "url2": "https://www.tulip-tz.co.jp/storeinfo/store_fukumitsu.html", "内容": "チューリップ福光薬局【5:薬局】富山県南砺市福光２０３番地１" }, "geometry": { "type": "Point", "coordinates": [ 136.872063, 36.563676 ] } },
{ "type": "Feature", "properties": { "ID": 1655162000415, "正式名称": "チューリップ海老江薬局", "機関区分": 5, "都道府県コード": 16, "市区町村コード": 211, "所在地": "富山県射水市海老江７３７", "緯度": 36.766895, "経度": 137.146569, "url": "https://www.iryou.teikyouseido.mhlw.go.jp/znk-web/juminkanja/S2430/initialize?prefCd=16&kikanCd=5162000415&kikanKbn=5", "url2": "https://www.tulip-tz.co.jp/storeinfo/store_ebie.html", "内容": "チューリップ海老江薬局【5:薬局】富山県射水市海老江７３７" }, "geometry": { "type": "Point", "coordinates": [ 137.146569, 36.766895 ] } },
{ "type": "Feature", "properties": { "ID": 1655162000417, "正式名称": "フロンティア薬局富山中央店", "機関区分": 5, "都道府県コード": 16, "市区町村コード": 201, "所在地": "富山県富山市西長江１丁目６－３７", "緯度": 36.692543, "経度": 137.23626, "url": "https://www.iryou.teikyouseido.mhlw.go.jp/znk-web/juminkanja/S2430/initialize?prefCd=16&kikanCd=5162000417&kikanKbn=5", "url2": null, "内容": "フロンティア薬局富山中央店【5:薬局】富山県富山市西長江１丁目６－３７" }, "geometry": { "type": "Point", "coordinates": [ 137.23626, 36.692543 ] } },
{ "type": "Feature", "properties": { "ID": 1655162000418, "正式名称": "金屋すばる薬局", "機関区分": 5, "都道府県コード": 16, "市区町村コード": 201, "所在地": "富山県富山市金屋字中島３８２７番８", "緯度": 36.693653, "経度": 137.169599, "url": "https://www.iryou.teikyouseido.mhlw.go.jp/znk-web/juminkanja/S2430/initialize?prefCd=16&kikanCd=5162000418&kikanKbn=5", "url2": null, "内容": "金屋すばる薬局【5:薬局】富山県富山市金屋字中島３８２７番８" }, "geometry": { "type": "Point", "coordinates": [ 137.169599, 36.693653 ] } },
{ "type": "Feature", "properties": { "ID": 1655162000419, "正式名称": "そうごう薬局　総曲輪店", "機関区分": 5, "都道府県コード": 16, "市区町村コード": 201, "所在地": "富山県富山市総曲輪４丁目８番１の１０２　プレミスト総曲輪１０２", "緯度": 36.689848, "経度": 137.20904, "url": "https://www.iryou.teikyouseido.mhlw.go.jp/znk-web/juminkanja/S2430/initialize?prefCd=16&kikanCd=5162000419&kikanKbn=5", "url2": "https://www.sogo-pharmacy.jp/shop/view/598", "内容": "そうごう薬局　総曲輪店【5:薬局】富山県富山市総曲輪４丁目８番１の１０２　プレミスト総曲輪１０２" }, "geometry": { "type": "Point", "coordinates": [ 137.20904, 36.689848 ] } },
{ "type": "Feature", "properties": { "ID": 1655162000420, "正式名称": "クスリのアオキ黒部中央薬局", "機関区分": 5, "都道府県コード": 16, "市区町村コード": 207, "所在地": "富山県黒部市牧野８１７番１", "緯度": 36.867917, "経度": 137.442734, "url": "https://www.iryou.teikyouseido.mhlw.go.jp/znk-web/juminkanja/S2430/initialize?prefCd=16&kikanCd=5162000420&kikanKbn=5", "url2": "https://www.kusuri-aoki.co.jp/", "内容": "クスリのアオキ黒部中央薬局【5:薬局】富山県黒部市牧野８１７番１" }, "geometry": { "type": "Point", "coordinates": [ 137.442734, 36.867917 ] } },
{ "type": "Feature", "properties": { "ID": 1655162000422, "正式名称": "日本調剤　富山大前薬局", "機関区分": 5, "都道府県コード": 16, "市区町村コード": 201, "所在地": "富山県富山市杉谷１０６番地４", "緯度": 36.686237, "経度": 137.143129, "url": "https://www.iryou.teikyouseido.mhlw.go.jp/znk-web/juminkanja/S2430/initialize?prefCd=16&kikanCd=5162000422&kikanKbn=5", "url2": "http://www.nicho.co.jp/", "内容": "日本調剤　富山大前薬局【5:薬局】富山県富山市杉谷１０６番地４" }, "geometry": { "type": "Point", "coordinates": [ 137.143129, 36.686237 ] } },
{ "type": "Feature", "properties": { "ID": 1655162000423, "正式名称": "ほしの薬局", "機関区分": 5, "都道府県コード": 16, "市区町村コード": 211, "所在地": "富山県射水市二口１１９９－１", "緯度": 36.727119, "経度": 137.051579, "url": "https://www.iryou.teikyouseido.mhlw.go.jp/znk-web/juminkanja/S2430/initialize?prefCd=16&kikanCd=5162000423&kikanKbn=5", "url2": "https://www.hoshi-co.jp", "内容": "ほしの薬局【5:薬局】富山県射水市二口１１９９－１" }, "geometry": { "type": "Point", "coordinates": [ 137.051579, 36.727119 ] } },
{ "type": "Feature", "properties": { "ID": 1655162000424, "正式名称": "本郷はなの木薬局", "機関区分": 5, "都道府県コード": 16, "市区町村コード": 201, "所在地": "富山県富山市本郷町３区１９８番３", "緯度": 36.65813, "経度": 137.237428, "url": "https://www.iryou.teikyouseido.mhlw.go.jp/znk-web/juminkanja/S2430/initialize?prefCd=16&kikanCd=5162000424&kikanKbn=5", "url2": "http://www.hananoki-ymt.com/", "内容": "本郷はなの木薬局【5:薬局】富山県富山市本郷町３区１９８番３" }, "geometry": { "type": "Point", "coordinates": [ 137.237428, 36.65813 ] } },
{ "type": "Feature", "properties": { "ID": 1655162000427, "正式名称": "あすか調剤薬局", "機関区分": 5, "都道府県コード": 16, "市区町村コード": 204, "所在地": "富山県魚津市火の宮町２－１９", "緯度": 36.819032, "経度": 137.397296, "url": "https://www.iryou.teikyouseido.mhlw.go.jp/znk-web/juminkanja/S2430/initialize?prefCd=16&kikanCd=5162000427&kikanKbn=5", "url2": null, "内容": "あすか調剤薬局【5:薬局】富山県魚津市火の宮町２－１９" }, "geometry": { "type": "Point", "coordinates": [ 137.397296, 36.819032 ] } },
{ "type": "Feature", "properties": { "ID": 1655162000428, "正式名称": "ふれあい薬局　千石町店", "機関区分": 5, "都道府県コード": 16, "市区町村コード": 201, "所在地": "富山県富山市千石町２丁目８番１号", "緯度": 36.686627, "経度": 137.208651, "url": "https://www.iryou.teikyouseido.mhlw.go.jp/znk-web/juminkanja/S2430/initialize?prefCd=16&kikanCd=5162000428&kikanKbn=5", "url2": "http://www.fureai.tv", "内容": "ふれあい薬局　千石町店【5:薬局】富山県富山市千石町２丁目８番１号" }, "geometry": { "type": "Point", "coordinates": [ 137.208651, 36.686627 ] } },
{ "type": "Feature", "properties": { "ID": 1655162000430, "正式名称": "クスリのアオキ富山県立中央病院前薬局", "機関区分": 5, "都道府県コード": 16, "市区町村コード": 201, "所在地": "富山県富山市西長江三丁目１番５号", "緯度": 36.691173, "経度": 137.236955, "url": "https://www.iryou.teikyouseido.mhlw.go.jp/znk-web/juminkanja/S2430/initialize?prefCd=16&kikanCd=5162000430&kikanKbn=5", "url2": "https://www.kusuri-aoki.co.jp/", "内容": "クスリのアオキ富山県立中央病院前薬局【5:薬局】富山県富山市西長江三丁目１番５号" }, "geometry": { "type": "Point", "coordinates": [ 137.236955, 36.691173 ] } },
{ "type": "Feature", "properties": { "ID": 1655162000431, "正式名称": "チューリップ中新湊薬局", "機関区分": 5, "都道府県コード": 16, "市区町村コード": 211, "所在地": "富山県射水市中新湊７－１８", "緯度": 36.77717, "経度": 137.08824, "url": "https://www.iryou.teikyouseido.mhlw.go.jp/znk-web/juminkanja/S2430/initialize?prefCd=16&kikanCd=5162000431&kikanKbn=5", "url2": "https://www.tulip-tz.co.jp/storeinfo/store_nakashinminato.html", "内容": "チューリップ中新湊薬局【5:薬局】富山県射水市中新湊７－１８" }, "geometry": { "type": "Point", "coordinates": [ 137.08824, 36.77717 ] } },
{ "type": "Feature", "properties": { "ID": 1655162000432, "正式名称": "クスリのアオキ大沢野薬局", "機関区分": 5, "都道府県コード": 16, "市区町村コード": 201, "所在地": "富山県富山市上大久保１０５０番１", "緯度": 36.593914, "経度": 137.210239, "url": "https://www.iryou.teikyouseido.mhlw.go.jp/znk-web/juminkanja/S2430/initialize?prefCd=16&kikanCd=5162000432&kikanKbn=5", "url2": "https://www.kusuri-aoki.co.jp/", "内容": "クスリのアオキ大沢野薬局【5:薬局】富山県富山市上大久保１０５０番１" }, "geometry": { "type": "Point", "coordinates": [ 137.210239, 36.593914 ] } },
{ "type": "Feature", "properties": { "ID": 1655162000433, "正式名称": "ファミリー調剤薬局とっこ店", "機関区分": 5, "都道府県コード": 16, "市区町村コード": 342, "所在地": "富山県下新川郡入善町東狐１０３５番地", "緯度": 36.921217, "経度": 137.462591, "url": "https://www.iryou.teikyouseido.mhlw.go.jp/znk-web/juminkanja/S2430/initialize?prefCd=16&kikanCd=5162000433&kikanKbn=5", "url2": "http://tokko.info", "内容": "ファミリー調剤薬局とっこ店【5:薬局】富山県下新川郡入善町東狐１０３５番地" }, "geometry": { "type": "Point", "coordinates": [ 137.462591, 36.921217 ] } },
{ "type": "Feature", "properties": { "ID": 1655162000434, "正式名称": "ハート薬局高岡店", "機関区分": 5, "都道府県コード": 16, "市区町村コード": 202, "所在地": "富山県高岡市佐野１０８３－３", "緯度": 36.729118, "経度": 136.993139, "url": "https://www.iryou.teikyouseido.mhlw.go.jp/znk-web/juminkanja/S2430/initialize?prefCd=16&kikanCd=5162000434&kikanKbn=5", "url2": "https://www.heart-pharmacy.jp/", "内容": "ハート薬局高岡店【5:薬局】富山県高岡市佐野１０８３－３" }, "geometry": { "type": "Point", "coordinates": [ 136.993139, 36.729118 ] } },
{ "type": "Feature", "properties": { "ID": 1655162000435, "正式名称": "たんぽぽ薬局不二越店", "機関区分": 5, "都道府県コード": 16, "市区町村コード": 201, "所在地": "富山県富山市東石金町１１番６２号", "緯度": 36.684183, "経度": 137.241204, "url": "https://www.iryou.teikyouseido.mhlw.go.jp/znk-web/juminkanja/S2430/initialize?prefCd=16&kikanCd=5162000435&kikanKbn=5", "url2": "http://www.tanpopo-ph.co.jp", "内容": "たんぽぽ薬局不二越店【5:薬局】富山県富山市東石金町１１番６２号" }, "geometry": { "type": "Point", "coordinates": [ 137.241204, 36.684183 ] } },
{ "type": "Feature", "properties": { "ID": 1655162000437, "正式名称": "富山総合薬局　上赤江店", "機関区分": 5, "都道府県コード": 16, "市区町村コード": 201, "所在地": "富山県富山市上赤江町２－１１８５－６", "緯度": 36.711263, "経度": 137.232037, "url": "https://www.iryou.teikyouseido.mhlw.go.jp/znk-web/juminkanja/S2430/initialize?prefCd=16&kikanCd=5162000437&kikanKbn=5", "url2": "http://www.toyama-sougou.jp/", "内容": "富山総合薬局　上赤江店【5:薬局】富山県富山市上赤江町２－１１８５－６" }, "geometry": { "type": "Point", "coordinates": [ 137.232037, 36.711263 ] } },
{ "type": "Feature", "properties": { "ID": 1655162000438, "正式名称": "チューリップ二塚薬局", "機関区分": 5, "都道府県コード": 16, "市区町村コード": 202, "所在地": "富山県高岡市二塚４１１番地４", "緯度": 36.721092, "経度": 137.014416, "url": "https://www.iryou.teikyouseido.mhlw.go.jp/znk-web/juminkanja/S2430/initialize?prefCd=16&kikanCd=5162000438&kikanKbn=5", "url2": "https://www.tulip-tz.co.jp/storeinfo/store_futazuka.html", "内容": "チューリップ二塚薬局【5:薬局】富山県高岡市二塚４１１番地４" }, "geometry": { "type": "Point", "coordinates": [ 137.014416, 36.721092 ] } },
{ "type": "Feature", "properties": { "ID": 1655162000439, "正式名称": "クスリのアオキ堀川薬局", "機関区分": 5, "都道府県コード": 16, "市区町村コード": 201, "所在地": "富山県富山市堀川本郷１５番１２", "緯度": 36.656444, "経度": 137.233066, "url": "https://www.iryou.teikyouseido.mhlw.go.jp/znk-web/juminkanja/S2430/initialize?prefCd=16&kikanCd=5162000439&kikanKbn=5", "url2": "https://www.kusuri-aoki.co.jp/", "内容": "クスリのアオキ堀川薬局【5:薬局】富山県富山市堀川本郷１５番１２" }, "geometry": { "type": "Point", "coordinates": [ 137.233066, 36.656444 ] } },
{ "type": "Feature", "properties": { "ID": 1655162000441, "正式名称": "ファーマライズ薬局　魚津店", "機関区分": 5, "都道府県コード": 16, "市区町村コード": 204, "所在地": "富山県魚津市友道１８１７－１０", "緯度": 36.812755, "経度": 137.403546, "url": "https://www.iryou.teikyouseido.mhlw.go.jp/znk-web/juminkanja/S2430/initialize?prefCd=16&kikanCd=5162000441&kikanKbn=5", "url2": "http://www.pharmarise.com/company/store/store.php?store_id=211", "内容": "ファーマライズ薬局　魚津店【5:薬局】富山県魚津市友道１８１７－１０" }, "geometry": { "type": "Point", "coordinates": [ 137.403546, 36.812755 ] } },
{ "type": "Feature", "properties": { "ID": 1655162000445, "正式名称": "フロンティア薬局富大前店", "機関区分": 5, "都道府県コード": 16, "市区町村コード": 201, "所在地": "富山県富山市杉谷３１４７－１", "緯度": 36.682997, "経度": 137.14341, "url": "https://www.iryou.teikyouseido.mhlw.go.jp/znk-web/juminkanja/S2430/initialize?prefCd=16&kikanCd=5162000445&kikanKbn=5", "url2": "http://www.frontier-ph.com/", "内容": "フロンティア薬局富大前店【5:薬局】富山県富山市杉谷３１４７－１" }, "geometry": { "type": "Point", "coordinates": [ 137.14341, 36.682997 ] } },
{ "type": "Feature", "properties": { "ID": 1655162000446, "正式名称": "共創未来　荒川薬局", "機関区分": 5, "都道府県コード": 16, "市区町村コード": 201, "所在地": "富山県富山市荒川５丁目５番１号", "緯度": 36.696626, "経度": 137.248425, "url": "https://www.iryou.teikyouseido.mhlw.go.jp/znk-web/juminkanja/S2430/initialize?prefCd=16&kikanCd=5162000446&kikanKbn=5", "url2": "https://www.phmirai.co.jp/shops/detail.php?id=236", "内容": "共創未来　荒川薬局【5:薬局】富山県富山市荒川５丁目５番１号" }, "geometry": { "type": "Point", "coordinates": [ 137.248425, 36.696626 ] } },
{ "type": "Feature", "properties": { "ID": 1655162000447, "正式名称": "鈴木薬局", "機関区分": 5, "都道府県コード": 16, "市区町村コード": 205, "所在地": "富山県氷見市堀田４６５－１", "緯度": 36.814276, "経度": 136.97872, "url": "https://www.iryou.teikyouseido.mhlw.go.jp/znk-web/juminkanja/S2430/initialize?prefCd=16&kikanCd=5162000447&kikanKbn=5", "url2": "https://appli.e-classa.net/suzukiyakkyoku", "内容": "鈴木薬局【5:薬局】富山県氷見市堀田４６５－１" }, "geometry": { "type": "Point", "coordinates": [ 136.97872, 36.814276 ] } },
{ "type": "Feature", "properties": { "ID": 1655162000448, "正式名称": "クスリのアオキ根塚薬局", "機関区分": 5, "都道府県コード": 16, "市区町村コード": 201, "所在地": "富山県富山市根塚町３丁目１０番５", "緯度": 36.674267, "経度": 137.206763, "url": "https://www.iryou.teikyouseido.mhlw.go.jp/znk-web/juminkanja/S2430/initialize?prefCd=16&kikanCd=5162000448&kikanKbn=5", "url2": "https://www.kusuri-aoki.co.jp/", "内容": "クスリのアオキ根塚薬局【5:薬局】富山県富山市根塚町３丁目１０番５" }, "geometry": { "type": "Point", "coordinates": [ 137.206763, 36.674267 ] } },
{ "type": "Feature", "properties": { "ID": 1655162000449, "正式名称": "クスリのアオキ高岡駅南薬局", "機関区分": 5, "都道府県コード": 16, "市区町村コード": 202, "所在地": "富山県高岡市駅南一丁目１１番１７号", "緯度": 36.739009, "経度": 137.016638, "url": "https://www.iryou.teikyouseido.mhlw.go.jp/znk-web/juminkanja/S2430/initialize?prefCd=16&kikanCd=5162000449&kikanKbn=5", "url2": "http://www.kusuri-aoki.co.jp/", "内容": "クスリのアオキ高岡駅南薬局【5:薬局】富山県高岡市駅南一丁目１１番１７号" }, "geometry": { "type": "Point", "coordinates": [ 137.016638, 36.739009 ] } },
{ "type": "Feature", "properties": { "ID": 1655162000450, "正式名称": "クスリのアオキ　西長江薬局", "機関区分": 5, "都道府県コード": 16, "市区町村コード": 201, "所在地": "富山県富山市西長江四丁目１番４７号", "緯度": 36.691127, "経度": 137.237593, "url": "https://www.iryou.teikyouseido.mhlw.go.jp/znk-web/juminkanja/S2430/initialize?prefCd=16&kikanCd=5162000450&kikanKbn=5", "url2": "https://www.kusuri-aoki.co.jp/", "内容": "クスリのアオキ　西長江薬局【5:薬局】富山県富山市西長江四丁目１番４７号" }, "geometry": { "type": "Point", "coordinates": [ 137.237593, 36.691127 ] } },
{ "type": "Feature", "properties": { "ID": 1655162000454, "正式名称": "チューリップ法音寺薬局", "機関区分": 5, "都道府県コード": 16, "市区町村コード": 322, "所在地": "富山県中新川郡上市町法音寺２－３", "緯度": 36.699045, "経度": 137.360999, "url": "https://www.iryou.teikyouseido.mhlw.go.jp/znk-web/juminkanja/S2430/initialize?prefCd=16&kikanCd=5162000454&kikanKbn=5", "url2": "https://www.tulip-tz.co.jp/storeinfo/store_houonji.html", "内容": "チューリップ法音寺薬局【5:薬局】富山県中新川郡上市町法音寺２－３" }, "geometry": { "type": "Point", "coordinates": [ 137.360999, 36.699045 ] } },
{ "type": "Feature", "properties": { "ID": 1655162000458, "正式名称": "西尾薬局　上飯野店", "機関区分": 5, "都道府県コード": 16, "市区町村コード": 201, "所在地": "富山県富山市上飯野２９－３", "緯度": 36.710429, "経度": 137.250549, "url": "https://www.iryou.teikyouseido.mhlw.go.jp/znk-web/juminkanja/S2430/initialize?prefCd=16&kikanCd=5162000458&kikanKbn=5", "url2": "http://www.alterna-inc.jp/", "内容": "西尾薬局　上飯野店【5:薬局】富山県富山市上飯野２９－３" }, "geometry": { "type": "Point", "coordinates": [ 137.250549, 36.710429 ] } },
{ "type": "Feature", "properties": { "ID": 1655162000461, "正式名称": "スギひかり薬局豊町店", "機関区分": 5, "都道府県コード": 16, "市区町村コード": 208, "所在地": "富山県砺波市豊町一丁目１４番３号", "緯度": 36.630073, "経度": 136.951786, "url": "https://www.iryou.teikyouseido.mhlw.go.jp/znk-web/juminkanja/S2430/initialize?prefCd=16&kikanCd=5162000461&kikanKbn=5", "url2": "http://hikari-pharma.com", "内容": "スギひかり薬局豊町店【5:薬局】富山県砺波市豊町一丁目１４番３号" }, "geometry": { "type": "Point", "coordinates": [ 136.951786, 36.630073 ] } },
{ "type": "Feature", "properties": { "ID": 1655162000462, "正式名称": "たちぱぱ薬局エナックス", "機関区分": 5, "都道府県コード": 16, "市区町村コード": 208, "所在地": "富山県砺波市山王町２番１４号", "緯度": 36.637294, "経度": 136.955174, "url": "https://www.iryou.teikyouseido.mhlw.go.jp/znk-web/juminkanja/S2430/initialize?prefCd=16&kikanCd=5162000462&kikanKbn=5", "url2": null, "内容": "たちぱぱ薬局エナックス【5:薬局】富山県砺波市山王町２番１４号" }, "geometry": { "type": "Point", "coordinates": [ 136.955174, 36.637294 ] } },
{ "type": "Feature", "properties": { "ID": 1655162000463, "正式名称": "スギひかり薬局四屋店", "機関区分": 5, "都道府県コード": 16, "市区町村コード": 202, "所在地": "富山県高岡市上四屋３番１１号", "緯度": 36.758893, "経度": 137.00347, "url": "https://www.iryou.teikyouseido.mhlw.go.jp/znk-web/juminkanja/S2430/initialize?prefCd=16&kikanCd=5162000463&kikanKbn=5", "url2": "http://hikari-pharma.com", "内容": "スギひかり薬局四屋店【5:薬局】富山県高岡市上四屋３番１１号" }, "geometry": { "type": "Point", "coordinates": [ 137.00347, 36.758893 ] } },
{ "type": "Feature", "properties": { "ID": 1655162000465, "正式名称": "薬局あこーれ", "機関区分": 5, "都道府県コード": 16, "市区町村コード": 201, "所在地": "富山県富山市荒川２丁目３－１", "緯度": 36.696626, "経度": 137.248425, "url": "https://www.iryou.teikyouseido.mhlw.go.jp/znk-web/juminkanja/S2430/initialize?prefCd=16&kikanCd=5162000465&kikanKbn=5", "url2": "http://fiore-fiore.co.jp", "内容": "薬局あこーれ【5:薬局】富山県富山市荒川２丁目３－１" }, "geometry": { "type": "Point", "coordinates": [ 137.248425, 36.696626 ] } },
{ "type": "Feature", "properties": { "ID": 1655162000471, "正式名称": "クスリのアオキ立山薬局", "機関区分": 5, "都道府県コード": 16, "市区町村コード": 323, "所在地": "富山県中新川郡立山町大石原７５番", "緯度": 36.667852, "経度": 137.301922, "url": "https://www.iryou.teikyouseido.mhlw.go.jp/znk-web/juminkanja/S2430/initialize?prefCd=16&kikanCd=5162000471&kikanKbn=5", "url2": "https://www.kusuri-aoki.co.jp/", "内容": "クスリのアオキ立山薬局【5:薬局】富山県中新川郡立山町大石原７５番" }, "geometry": { "type": "Point", "coordinates": [ 137.301922, 36.667852 ] } },
{ "type": "Feature", "properties": { "ID": 1655162000472, "正式名称": "クスリのアオキ魚津東薬局", "機関区分": 5, "都道府県コード": 16, "市区町村コード": 204, "所在地": "富山県魚津市仏田高畠３３０３番地３", "緯度": 36.833864, "経度": 137.414572, "url": "https://www.iryou.teikyouseido.mhlw.go.jp/znk-web/juminkanja/S2430/initialize?prefCd=16&kikanCd=5162000472&kikanKbn=5", "url2": "https://www.kusuri-aoki.co.jp/", "内容": "クスリのアオキ魚津東薬局【5:薬局】富山県魚津市仏田高畠３３０３番地３" }, "geometry": { "type": "Point", "coordinates": [ 137.414572, 36.833864 ] } },
{ "type": "Feature", "properties": { "ID": 1655162000473, "正式名称": "ファーマライズ薬局　氷見店", "機関区分": 5, "都道府県コード": 16, "市区町村コード": 205, "所在地": "富山県氷見市鞍川１１１８－１", "緯度": 36.858382, "経度": 136.972941, "url": "https://www.iryou.teikyouseido.mhlw.go.jp/znk-web/juminkanja/S2430/initialize?prefCd=16&kikanCd=5162000473&kikanKbn=5", "url2": "https://www.pharmarise.com/company/store/store.php?store_id=216", "内容": "ファーマライズ薬局　氷見店【5:薬局】富山県氷見市鞍川１１１８－１" }, "geometry": { "type": "Point", "coordinates": [ 136.972941, 36.858382 ] } },
{ "type": "Feature", "properties": { "ID": 1655162000474, "正式名称": "たんぽぽ薬局氷見店", "機関区分": 5, "都道府県コード": 16, "市区町村コード": 205, "所在地": "富山県氷見市鞍川１１１７－２", "緯度": 36.858382, "経度": 136.972941, "url": "https://www.iryou.teikyouseido.mhlw.go.jp/znk-web/juminkanja/S2430/initialize?prefCd=16&kikanCd=5162000474&kikanKbn=5", "url2": "http://www.tanpopo-ph.co.jp/", "内容": "たんぽぽ薬局氷見店【5:薬局】富山県氷見市鞍川１１１７－２" }, "geometry": { "type": "Point", "coordinates": [ 136.972941, 36.858382 ] } },
{ "type": "Feature", "properties": { "ID": 1655162000475, "正式名称": "こぐま薬局", "機関区分": 5, "都道府県コード": 16, "市区町村コード": 209, "所在地": "富山県小矢部市野寺７４番地１", "緯度": 36.663762, "経度": 136.888207, "url": "https://www.iryou.teikyouseido.mhlw.go.jp/znk-web/juminkanja/S2430/initialize?prefCd=16&kikanCd=5162000475&kikanKbn=5", "url2": null, "内容": "こぐま薬局【5:薬局】富山県小矢部市野寺７４番地１" }, "geometry": { "type": "Point", "coordinates": [ 136.888207, 36.663762 ] } },
{ "type": "Feature", "properties": { "ID": 1655162000479, "正式名称": "クスリのアオキ中曽根薬局", "機関区分": 5, "都道府県コード": 16, "市区町村コード": 202, "所在地": "富山県高岡市中曽根２３４３番地", "緯度": 36.76831, "経度": 137.075575, "url": "https://www.iryou.teikyouseido.mhlw.go.jp/znk-web/juminkanja/S2430/initialize?prefCd=16&kikanCd=5162000479&kikanKbn=5", "url2": "http://www.kusuri-aoki.co.jp/", "内容": "クスリのアオキ中曽根薬局【5:薬局】富山県高岡市中曽根２３４３番地" }, "geometry": { "type": "Point", "coordinates": [ 137.075575, 36.76831 ] } },
{ "type": "Feature", "properties": { "ID": 1655162000482, "正式名称": "鵜坂わだ薬局", "機関区分": 5, "都道府県コード": 16, "市区町村コード": 201, "所在地": "富山県富山市婦中町分田７６－１", "緯度": 36.671239, "経度": 137.183571, "url": "https://www.iryou.teikyouseido.mhlw.go.jp/znk-web/juminkanja/S2430/initialize?prefCd=16&kikanCd=5162000482&kikanKbn=5", "url2": "http://www.e-classa.net/usakawada-yakkyoku/index.html", "内容": "鵜坂わだ薬局【5:薬局】富山県富山市婦中町分田７６－１" }, "geometry": { "type": "Point", "coordinates": [ 137.183571, 36.671239 ] } },
{ "type": "Feature", "properties": { "ID": 1655162000483, "正式名称": "あおば薬局石金店", "機関区分": 5, "都道府県コード": 16, "市区町村コード": 201, "所在地": "富山県富山市石金３－１－１０", "緯度": 36.688016, "経度": 137.235538, "url": "https://www.iryou.teikyouseido.mhlw.go.jp/znk-web/juminkanja/S2430/initialize?prefCd=16&kikanCd=5162000483&kikanKbn=5", "url2": "http://www.add-vantage.jp", "内容": "あおば薬局石金店【5:薬局】富山県富山市石金３－１－１０" }, "geometry": { "type": "Point", "coordinates": [ 137.235538, 36.688016 ] } },
{ "type": "Feature", "properties": { "ID": 1655162000484, "正式名称": "チューリップ泉ヶ丘薬局", "機関区分": 5, "都道府県コード": 16, "市区町村コード": 202, "所在地": "富山県高岡市佐野８６６番３", "緯度": 36.718758, "経度": 136.991279, "url": "https://www.iryou.teikyouseido.mhlw.go.jp/znk-web/juminkanja/S2430/initialize?prefCd=16&kikanCd=5162000484&kikanKbn=5", "url2": "https://www.tulip-tz.co.jp/storeinfo/store_izumigaoka.html", "内容": "チューリップ泉ヶ丘薬局【5:薬局】富山県高岡市佐野８６６番３" }, "geometry": { "type": "Point", "coordinates": [ 136.991279, 36.718758 ] } },
{ "type": "Feature", "properties": { "ID": 1655162000486, "正式名称": "グリーン黒河薬局", "機関区分": 5, "都道府県コード": 16, "市区町村コード": 211, "所在地": "富山県射水市黒河字尺目２６９３番地１", "緯度": 36.70479, "経度": 137.110103, "url": "https://www.iryou.teikyouseido.mhlw.go.jp/znk-web/juminkanja/S2430/initialize?prefCd=16&kikanCd=5162000486&kikanKbn=5", "url2": "http://www.green-tz.com", "内容": "グリーン黒河薬局【5:薬局】富山県射水市黒河字尺目２６９３番地１" }, "geometry": { "type": "Point", "coordinates": [ 137.110103, 36.70479 ] } },
{ "type": "Feature", "properties": { "ID": 1655162000490, "正式名称": "あおば薬局　中川原店", "機関区分": 5, "都道府県コード": 16, "市区町村コード": 201, "所在地": "富山県富山市中川原４３番地１０", "緯度": 36.674101, "経度": 137.244454, "url": "https://www.iryou.teikyouseido.mhlw.go.jp/znk-web/juminkanja/S2430/initialize?prefCd=16&kikanCd=5162000490&kikanKbn=5", "url2": "http://www.add-vantage.jp", "内容": "あおば薬局　中川原店【5:薬局】富山県富山市中川原４３番地１０" }, "geometry": { "type": "Point", "coordinates": [ 137.244454, 36.674101 ] } },
{ "type": "Feature", "properties": { "ID": 1655162000491, "正式名称": "ウエルシア薬局　富山奥田店", "機関区分": 5, "都道府県コード": 16, "市区町村コード": 201, "所在地": "富山県富山市奥田町３番１２号", "緯度": 36.712053, "経度": 137.221685, "url": "https://www.iryou.teikyouseido.mhlw.go.jp/znk-web/juminkanja/S2430/initialize?prefCd=16&kikanCd=5162000491&kikanKbn=5", "url2": "https://store.welcia.co.jp/welcia/spot/detail?code=8611D", "内容": "ウエルシア薬局　富山奥田店【5:薬局】富山県富山市奥田町３番１２号" }, "geometry": { "type": "Point", "coordinates": [ 137.221685, 36.712053 ] } },
{ "type": "Feature", "properties": { "ID": 1655162000493, "正式名称": "共創未来　高田薬局", "機関区分": 5, "都道府県コード": 16, "市区町村コード": 201, "所在地": "富山県富山市高田６３－１", "緯度": 36.685487, "経度": 137.185098, "url": "https://www.iryou.teikyouseido.mhlw.go.jp/znk-web/juminkanja/S2430/initialize?prefCd=16&kikanCd=5162000493&kikanKbn=5", "url2": null, "内容": "共創未来　高田薬局【5:薬局】富山県富山市高田６３－１" }, "geometry": { "type": "Point", "coordinates": [ 137.185098, 36.685487 ] } },
{ "type": "Feature", "properties": { "ID": 1655162000495, "正式名称": "チューリップらいと薬局", "機関区分": 5, "都道府県コード": 16, "市区町村コード": 204, "所在地": "富山県魚津市大光寺２７５番地１３", "緯度": 36.810931, "経度": 137.41084, "url": "https://www.iryou.teikyouseido.mhlw.go.jp/znk-web/juminkanja/S2430/initialize?prefCd=16&kikanCd=5162000495&kikanKbn=5", "url2": "https://www.tulip-tz.co.jp/storeinfo/store_raito.html", "内容": "チューリップらいと薬局【5:薬局】富山県魚津市大光寺２７５番地１３" }, "geometry": { "type": "Point", "coordinates": [ 137.41084, 36.810931 ] } },
{ "type": "Feature", "properties": { "ID": 1655162000496, "正式名称": "ウエルシア薬局　富山天正寺店", "機関区分": 5, "都道府県コード": 16, "市区町村コード": 201, "所在地": "富山県富山市天正寺１２７６", "緯度": 36.682125, "経度": 137.251735, "url": "https://www.iryou.teikyouseido.mhlw.go.jp/znk-web/juminkanja/S2430/initialize?prefCd=16&kikanCd=5162000496&kikanKbn=5", "url2": "http://www.welcia-yakkyoku.co.jp/", "内容": "ウエルシア薬局　富山天正寺店【5:薬局】富山県富山市天正寺１２７６" }, "geometry": { "type": "Point", "coordinates": [ 137.251735, 36.682125 ] } },
{ "type": "Feature", "properties": { "ID": 1655162000497, "正式名称": "ウエルシア薬局　富山上飯野店", "機関区分": 5, "都道府県コード": 16, "市区町村コード": 201, "所在地": "富山県富山市上飯野字道下２－７", "緯度": 36.710827, "経度": 137.249097, "url": "https://www.iryou.teikyouseido.mhlw.go.jp/znk-web/juminkanja/S2430/initialize?prefCd=16&kikanCd=5162000497&kikanKbn=5", "url2": "https://store.welcia.co.jp/welcia/spot/detail?code=8603D", "内容": "ウエルシア薬局　富山上飯野店【5:薬局】富山県富山市上飯野字道下２－７" }, "geometry": { "type": "Point", "coordinates": [ 137.249097, 36.710827 ] } },
{ "type": "Feature", "properties": { "ID": 1655162000498, "正式名称": "クスリのアオキ魚津経田薬局", "機関区分": 5, "都道府県コード": 16, "市区町村コード": 204, "所在地": "富山県魚津市寿町４番７号", "緯度": 36.856473, "経度": 137.413293, "url": "https://www.iryou.teikyouseido.mhlw.go.jp/znk-web/juminkanja/S2430/initialize?prefCd=16&kikanCd=5162000498&kikanKbn=5", "url2": "https://www.kusuri-aoki.co.jp/", "内容": "クスリのアオキ魚津経田薬局【5:薬局】富山県魚津市寿町４番７号" }, "geometry": { "type": "Point", "coordinates": [ 137.413293, 36.856473 ] } },
{ "type": "Feature", "properties": { "ID": 1655162000499, "正式名称": "クスリのアオキ吉島薬局", "機関区分": 5, "都道府県コード": 16, "市区町村コード": 204, "所在地": "富山県魚津市北鬼江３１１番１", "緯度": 36.829032, "経度": 137.406156, "url": "https://www.iryou.teikyouseido.mhlw.go.jp/znk-web/juminkanja/S2430/initialize?prefCd=16&kikanCd=5162000499&kikanKbn=5", "url2": "http://www.kusuri-aoki/co.jp/", "内容": "クスリのアオキ吉島薬局【5:薬局】富山県魚津市北鬼江３１１番１" }, "geometry": { "type": "Point", "coordinates": [ 137.406156, 36.829032 ] } },
{ "type": "Feature", "properties": { "ID": 1655162000500, "正式名称": "ハート薬局天正寺店", "機関区分": 5, "都道府県コード": 16, "市区町村コード": 201, "所在地": "富山県富山市天正寺２０２番１", "緯度": 36.682461, "経度": 137.252231, "url": "https://www.iryou.teikyouseido.mhlw.go.jp/znk-web/juminkanja/S2430/initialize?prefCd=16&kikanCd=5162000500&kikanKbn=5", "url2": "https://www.heart-pharmacy.jp/", "内容": "ハート薬局天正寺店【5:薬局】富山県富山市天正寺２０２番１" }, "geometry": { "type": "Point", "coordinates": [ 137.252231, 36.682461 ] } },
{ "type": "Feature", "properties": { "ID": 1655162000501, "正式名称": "クスリのアオキ新富薬局", "機関区分": 5, "都道府県コード": 16, "市区町村コード": 208, "所在地": "富山県砺波市新富町５番４７号", "緯度": 36.639405, "経度": 136.947758, "url": "https://www.iryou.teikyouseido.mhlw.go.jp/znk-web/juminkanja/S2430/initialize?prefCd=16&kikanCd=5162000501&kikanKbn=5", "url2": "https://www.kusuri-aoki.co.jp", "内容": "クスリのアオキ新富薬局【5:薬局】富山県砺波市新富町５番４７号" }, "geometry": { "type": "Point", "coordinates": [ 136.947758, 36.639405 ] } },
{ "type": "Feature", "properties": { "ID": 1655162000502, "正式名称": "薬局あるこ", "機関区分": 5, "都道府県コード": 16, "市区町村コード": 201, "所在地": "富山県富山市本郷町２３３－２", "緯度": 36.667324, "経度": 137.232511, "url": "https://www.iryou.teikyouseido.mhlw.go.jp/znk-web/juminkanja/S2430/initialize?prefCd=16&kikanCd=5162000502&kikanKbn=5", "url2": "http://fiore-fiore.co.jp", "内容": "薬局あるこ【5:薬局】富山県富山市本郷町２３３－２" }, "geometry": { "type": "Point", "coordinates": [ 137.232511, 36.667324 ] } },
{ "type": "Feature", "properties": { "ID": 1655162000505, "正式名称": "クスリのアオキ柳原薬局", "機関区分": 5, "都道府県コード": 16, "市区町村コード": 206, "所在地": "富山県滑川市柳原２１番４", "緯度": 36.766232, "経度": 137.354691, "url": "https://www.iryou.teikyouseido.mhlw.go.jp/znk-web/juminkanja/S2430/initialize?prefCd=16&kikanCd=5162000505&kikanKbn=5", "url2": "http://www.kusuri-aoki.co.jp/", "内容": "クスリのアオキ柳原薬局【5:薬局】富山県滑川市柳原２１番４" }, "geometry": { "type": "Point", "coordinates": [ 137.354691, 36.766232 ] } },
{ "type": "Feature", "properties": { "ID": 1655162000507, "正式名称": "グリーン辰巳町薬局", "機関区分": 5, "都道府県コード": 16, "市区町村コード": 201, "所在地": "富山県富山市辰巳町２丁目５－６", "緯度": 36.686071, "経度": 137.222122, "url": "https://www.iryou.teikyouseido.mhlw.go.jp/znk-web/juminkanja/S2430/initialize?prefCd=16&kikanCd=5162000507&kikanKbn=5", "url2": "http://www.green-tz.com", "内容": "グリーン辰巳町薬局【5:薬局】富山県富山市辰巳町２丁目５－６" }, "geometry": { "type": "Point", "coordinates": [ 137.222122, 36.686071 ] } },
{ "type": "Feature", "properties": { "ID": 1655162000508, "正式名称": "ウエルシア薬局氷見諏訪野店", "機関区分": 5, "都道府県コード": 16, "市区町村コード": 205, "所在地": "富山県氷見市諏訪野９－１５", "緯度": 36.86302, "経度": 136.976135, "url": "https://www.iryou.teikyouseido.mhlw.go.jp/znk-web/juminkanja/S2430/initialize?prefCd=16&kikanCd=5162000508&kikanKbn=5", "url2": null, "内容": "ウエルシア薬局氷見諏訪野店【5:薬局】富山県氷見市諏訪野９－１５" }, "geometry": { "type": "Point", "coordinates": [ 136.976135, 36.86302 ] } },
{ "type": "Feature", "properties": { "ID": 1655162000510, "正式名称": "ウエルシア薬局富山呉羽店", "機関区分": 5, "都道府県コード": 16, "市区町村コード": 201, "所在地": "富山県富山市茶屋町６１４－１２", "緯度": 36.708429, "経度": 137.177375, "url": "https://www.iryou.teikyouseido.mhlw.go.jp/znk-web/juminkanja/S2430/initialize?prefCd=16&kikanCd=5162000510&kikanKbn=5", "url2": null, "内容": "ウエルシア薬局富山呉羽店【5:薬局】富山県富山市茶屋町６１４－１２" }, "geometry": { "type": "Point", "coordinates": [ 137.177375, 36.708429 ] } },
{ "type": "Feature", "properties": { "ID": 1655162000511, "正式名称": "共創未来　太田口薬局", "機関区分": 5, "都道府県コード": 16, "市区町村コード": 201, "所在地": "富山県富山市中野新町一丁目１番１２号", "緯度": 36.683775, "経度": 137.21482, "url": "https://www.iryou.teikyouseido.mhlw.go.jp/znk-web/juminkanja/S2430/initialize?prefCd=16&kikanCd=5162000511&kikanKbn=5", "url2": "http://www.phmirai.co.jp/shops/detail.php?id=230", "内容": "共創未来　太田口薬局【5:薬局】富山県富山市中野新町一丁目１番１２号" }, "geometry": { "type": "Point", "coordinates": [ 137.21482, 36.683775 ] } },
{ "type": "Feature", "properties": { "ID": 1655162000512, "正式名称": "扇町薬局", "機関区分": 5, "都道府県コード": 16, "市区町村コード": 202, "所在地": "富山県高岡市扇町１丁目３－１４", "緯度": 36.745728, "経度": 136.99325, "url": "https://www.iryou.teikyouseido.mhlw.go.jp/znk-web/juminkanja/S2430/initialize?prefCd=16&kikanCd=5162000512&kikanKbn=5", "url2": "https://www.e-classa.net/ougimachi-mychemist/index.html", "内容": "扇町薬局【5:薬局】富山県高岡市扇町１丁目３－１４" }, "geometry": { "type": "Point", "coordinates": [ 136.99325, 36.745728 ] } },
{ "type": "Feature", "properties": { "ID": 1655162000513, "正式名称": "チューリップ富山南薬局", "機関区分": 5, "都道府県コード": 16, "市区町村コード": 201, "所在地": "富山県富山市上袋３５３番地　上武ビル", "緯度": 36.658602, "経度": 137.215124, "url": "https://www.iryou.teikyouseido.mhlw.go.jp/znk-web/juminkanja/S2430/initialize?prefCd=16&kikanCd=5162000513&kikanKbn=5", "url2": "https://www.tulip-tz.co.jp/storeinfo/store_toyamaminami.html", "内容": "チューリップ富山南薬局【5:薬局】富山県富山市上袋３５３番地　上武ビル" }, "geometry": { "type": "Point", "coordinates": [ 137.215124, 36.658602 ] } },
{ "type": "Feature", "properties": { "ID": 1655162000516, "正式名称": "共創未来　堀川薬局", "機関区分": 5, "都道府県コード": 16, "市区町村コード": 201, "所在地": "富山県富山市堀川小泉町一丁目５番４号", "緯度": 36.677598, "経度": 137.221612, "url": "https://www.iryou.teikyouseido.mhlw.go.jp/znk-web/juminkanja/S2430/initialize?prefCd=16&kikanCd=5162000516&kikanKbn=5", "url2": "http://www.phmirai.co.jp", "内容": "共創未来　堀川薬局【5:薬局】富山県富山市堀川小泉町一丁目５番４号" }, "geometry": { "type": "Point", "coordinates": [ 137.221612, 36.677598 ] } },
{ "type": "Feature", "properties": { "ID": 1655162000517, "正式名称": "ハート薬局下奥井店", "機関区分": 5, "都道府県コード": 16, "市区町村コード": 201, "所在地": "富山県富山市下奥井一丁目２２番１０号", "緯度": 36.710958, "経度": 137.226676, "url": "https://www.iryou.teikyouseido.mhlw.go.jp/znk-web/juminkanja/S2430/initialize?prefCd=16&kikanCd=5162000517&kikanKbn=5", "url2": "https://www.heart-pharmacy.jp/", "内容": "ハート薬局下奥井店【5:薬局】富山県富山市下奥井一丁目２２番１０号" }, "geometry": { "type": "Point", "coordinates": [ 137.226676, 36.710958 ] } },
{ "type": "Feature", "properties": { "ID": 1655162000518, "正式名称": "ウエルシア薬局滑川吾妻店", "機関区分": 5, "都道府県コード": 16, "市区町村コード": 206, "所在地": "富山県滑川市吾妻町５１１", "緯度": 36.767343, "経度": 137.342192, "url": "https://www.iryou.teikyouseido.mhlw.go.jp/znk-web/juminkanja/S2430/initialize?prefCd=16&kikanCd=5162000518&kikanKbn=5", "url2": "https://www.welcia.co.jp/ja/index.html", "内容": "ウエルシア薬局滑川吾妻店【5:薬局】富山県滑川市吾妻町５１１" }, "geometry": { "type": "Point", "coordinates": [ 137.342192, 36.767343 ] } },
{ "type": "Feature", "properties": { "ID": 1655162000519, "正式名称": "Ｖ・ｄｒｕｇ　くまの薬局", "機関区分": 5, "都道府県コード": 16, "市区町村コード": 201, "所在地": "富山県富山市若竹町２－１２０－８", "緯度": 36.634549, "経度": 137.219986, "url": "https://www.iryou.teikyouseido.mhlw.go.jp/znk-web/juminkanja/S2430/initialize?prefCd=16&kikanCd=5162000519&kikanKbn=5", "url2": "https://www.vdrug.co.jp/store/12573/", "内容": "Ｖ・ｄｒｕｇ　くまの薬局【5:薬局】富山県富山市若竹町２－１２０－８" }, "geometry": { "type": "Point", "coordinates": [ 137.219986, 36.634549 ] } },
{ "type": "Feature", "properties": { "ID": 1655162000522, "正式名称": "ウエルシア薬局射水本開発店", "機関区分": 5, "都道府県コード": 16, "市区町村コード": 211, "所在地": "富山県射水市本開発字代官免１３０－８", "緯度": 36.729202, "経度": 137.083196, "url": "https://www.iryou.teikyouseido.mhlw.go.jp/znk-web/juminkanja/S2430/initialize?prefCd=16&kikanCd=5162000522&kikanKbn=5", "url2": "https://store.welcia.co.jp/welcia/spot/detail?code=8682D", "内容": "ウエルシア薬局射水本開発店【5:薬局】富山県射水市本開発字代官免１３０－８" }, "geometry": { "type": "Point", "coordinates": [ 137.083196, 36.729202 ] } },
{ "type": "Feature", "properties": { "ID": 1655162000523, "正式名称": "チューリップ立町薬局", "機関区分": 5, "都道府県コード": 16, "市区町村コード": 211, "所在地": "富山県射水市立町５－４", "緯度": 36.779337, "経度": 137.088601, "url": "https://www.iryou.teikyouseido.mhlw.go.jp/znk-web/juminkanja/S2430/initialize?prefCd=16&kikanCd=5162000523&kikanKbn=5", "url2": "https://www.tulip-tz.co.jp/storeinfo/store_tatemachi.html", "内容": "チューリップ立町薬局【5:薬局】富山県射水市立町５－４" }, "geometry": { "type": "Point", "coordinates": [ 137.088601, 36.779337 ] } },
{ "type": "Feature", "properties": { "ID": 1655162000524, "正式名称": "クスリのアオキひばり薬局", "機関区分": 5, "都道府県コード": 16, "市区町村コード": 211, "所在地": "富山県射水市戸破２１２１－５", "緯度": 36.717121, "経度": 137.096576, "url": "https://www.iryou.teikyouseido.mhlw.go.jp/znk-web/juminkanja/S2430/initialize?prefCd=16&kikanCd=5162000524&kikanKbn=5", "url2": "https://www.kusuri-aoki.co.jp/", "内容": "クスリのアオキひばり薬局【5:薬局】富山県射水市戸破２１２１－５" }, "geometry": { "type": "Point", "coordinates": [ 137.096576, 36.717121 ] } },
{ "type": "Feature", "properties": { "ID": 1655162000525, "正式名称": "クスリのアオキ岩瀬東薬局", "機関区分": 5, "都道府県コード": 16, "市区町村コード": 201, "所在地": "富山県富山市中田一丁目２番３０", "緯度": 36.745399, "経度": 137.24434, "url": "https://www.iryou.teikyouseido.mhlw.go.jp/znk-web/juminkanja/S2430/initialize?prefCd=16&kikanCd=5162000525&kikanKbn=5", "url2": "https://www.kusuri-aoki.co.jp/", "内容": "クスリのアオキ岩瀬東薬局【5:薬局】富山県富山市中田一丁目２番３０" }, "geometry": { "type": "Point", "coordinates": [ 137.24434, 36.745399 ] } },
{ "type": "Feature", "properties": { "ID": 1655162000526, "正式名称": "Ｖ・ｄｒｕｇ　富山花園薬局", "機関区分": 5, "都道府県コード": 16, "市区町村コード": 201, "所在地": "富山県富山市花園町三丁目８番地３号", "緯度": 36.681072, "経度": 137.208596, "url": "https://www.iryou.teikyouseido.mhlw.go.jp/znk-web/juminkanja/S2430/initialize?prefCd=16&kikanCd=5162000526&kikanKbn=5", "url2": "http://www.chubuyakuhin.co.jp", "内容": "Ｖ・ｄｒｕｇ　富山花園薬局【5:薬局】富山県富山市花園町三丁目８番地３号" }, "geometry": { "type": "Point", "coordinates": [ 137.208596, 36.681072 ] } },
{ "type": "Feature", "properties": { "ID": 1655162000527, "正式名称": "ウエルシア薬局富山赤田店", "機関区分": 5, "都道府県コード": 16, "市区町村コード": 201, "所在地": "富山県富山市赤田７９０－１", "緯度": 36.653103, "経度": 137.220541, "url": "https://www.iryou.teikyouseido.mhlw.go.jp/znk-web/juminkanja/S2430/initialize?prefCd=16&kikanCd=5162000527&kikanKbn=5", "url2": "https://stores.welcia.co.jp/8671D", "内容": "ウエルシア薬局富山赤田店【5:薬局】富山県富山市赤田７９０－１" }, "geometry": { "type": "Point", "coordinates": [ 137.220541, 36.653103 ] } },
{ "type": "Feature", "properties": { "ID": 1655162000528, "正式名称": "すみれ薬局緑町店", "機関区分": 5, "都道府県コード": 16, "市区町村コード": 201, "所在地": "富山県富山市緑町一丁目１－８", "緯度": 36.691738, "経度": 137.22851, "url": "https://www.iryou.teikyouseido.mhlw.go.jp/znk-web/juminkanja/S2430/initialize?prefCd=16&kikanCd=5162000528&kikanKbn=5", "url2": "http://sumire_midori.meron-net.jp/", "内容": "すみれ薬局緑町店【5:薬局】富山県富山市緑町一丁目１－８" }, "geometry": { "type": "Point", "coordinates": [ 137.22851, 36.691738 ] } },
{ "type": "Feature", "properties": { "ID": 1655162000529, "正式名称": "クスリのアオキ呉羽薬局", "機関区分": 5, "都道府県コード": 16, "市区町村コード": 201, "所在地": "富山県富山市呉羽町字草田２４７４番", "緯度": 36.714874, "経度": 137.15957, "url": "https://www.iryou.teikyouseido.mhlw.go.jp/znk-web/juminkanja/S2430/initialize?prefCd=16&kikanCd=5162000529&kikanKbn=5", "url2": "http://www.kusuri-aoki.co.jp/", "内容": "クスリのアオキ呉羽薬局【5:薬局】富山県富山市呉羽町字草田２４７４番" }, "geometry": { "type": "Point", "coordinates": [ 137.15957, 36.714874 ] } },
{ "type": "Feature", "properties": { "ID": 1655162000530, "正式名称": "さくら薬局　富山北の森店", "機関区分": 5, "都道府県コード": 16, "市区町村コード": 201, "所在地": "富山県富山市森３丁目３番１８号", "緯度": 36.746287, "経度": 137.236479, "url": "https://www.iryou.teikyouseido.mhlw.go.jp/znk-web/juminkanja/S2430/initialize?prefCd=16&kikanCd=5162000530&kikanKbn=5", "url2": "https://www.kraft-net.co.jp/sakura/store/3687/", "内容": "さくら薬局　富山北の森店【5:薬局】富山県富山市森３丁目３番１８号" }, "geometry": { "type": "Point", "coordinates": [ 137.236479, 36.746287 ] } },
{ "type": "Feature", "properties": { "ID": 1655162000531, "正式名称": "薬局マツモトキヨシ福光店", "機関区分": 5, "都道府県コード": 16, "市区町村コード": 210, "所在地": "富山県南砺市福光８８８番地１", "緯度": 36.557995, "経度": 136.870324, "url": "https://www.iryou.teikyouseido.mhlw.go.jp/znk-web/juminkanja/S2430/initialize?prefCd=16&kikanCd=5162000531&kikanKbn=5", "url2": null, "内容": "薬局マツモトキヨシ福光店【5:薬局】富山県南砺市福光８８８番地１" }, "geometry": { "type": "Point", "coordinates": [ 136.870324, 36.557995 ] } },
{ "type": "Feature", "properties": { "ID": 1655162000532, "正式名称": "ウエルシア薬局高岡戸出店", "機関区分": 5, "都道府県コード": 16, "市区町村コード": 202, "所在地": "富山県高岡市戸出町４－１１－５", "緯度": 36.685595, "経度": 136.975393, "url": "https://www.iryou.teikyouseido.mhlw.go.jp/znk-web/juminkanja/S2430/initialize?prefCd=16&kikanCd=5162000532&kikanKbn=5", "url2": "https://store.welcia.co.jp/welcia/spot/detail?code=8676D", "内容": "ウエルシア薬局高岡戸出店【5:薬局】富山県高岡市戸出町４－１１－５" }, "geometry": { "type": "Point", "coordinates": [ 136.975393, 36.685595 ] } },
{ "type": "Feature", "properties": { "ID": 1655162000533, "正式名称": "共創未来　東三日市店薬局", "機関区分": 5, "都道府県コード": 16, "市区町村コード": 207, "所在地": "富山県黒部市三日市３４７０番地", "緯度": 36.877333, "経度": 137.447428, "url": "https://www.iryou.teikyouseido.mhlw.go.jp/znk-web/juminkanja/S2430/initialize?prefCd=16&kikanCd=5162000533&kikanKbn=5", "url2": "http://www.phmirai.co.jp/", "内容": "共創未来　東三日市店薬局【5:薬局】富山県黒部市三日市３４７０番地" }, "geometry": { "type": "Point", "coordinates": [ 137.447428, 36.877333 ] } },
{ "type": "Feature", "properties": { "ID": 1655162000535, "正式名称": "クスリのアオキ入善薬局", "機関区分": 5, "都道府県コード": 16, "市区町村コード": 342, "所在地": "富山県下新川郡入善町椚山１３５９番地１", "緯度": 36.940338, "経度": 137.514364, "url": "https://www.iryou.teikyouseido.mhlw.go.jp/znk-web/juminkanja/S2430/initialize?prefCd=16&kikanCd=5162000535&kikanKbn=5", "url2": "http://www.kusuri-aoki.co.jp/", "内容": "クスリのアオキ入善薬局【5:薬局】富山県下新川郡入善町椚山１３５９番地１" }, "geometry": { "type": "Point", "coordinates": [ 137.514364, 36.940338 ] } },
{ "type": "Feature", "properties": { "ID": 1655162000539, "正式名称": "ファーマライズ薬局　福光店", "機関区分": 5, "都道府県コード": 16, "市区町村コード": 210, "所在地": "富山県南砺市福光１００６－４", "緯度": 36.558374, "経度": 136.869543, "url": "https://www.iryou.teikyouseido.mhlw.go.jp/znk-web/juminkanja/S2430/initialize?prefCd=16&kikanCd=5162000539&kikanKbn=5", "url2": "http://www.pharmarise.com/", "内容": "ファーマライズ薬局　福光店【5:薬局】富山県南砺市福光１００６－４" }, "geometry": { "type": "Point", "coordinates": [ 136.869543, 36.558374 ] } },
{ "type": "Feature", "properties": { "ID": 1655162000542, "正式名称": "チューリップ南星薬局", "機関区分": 5, "都道府県コード": 16, "市区町村コード": 202, "所在地": "富山県高岡市木津５４５番１", "緯度": 36.73877, "経度": 136.999157, "url": "https://www.iryou.teikyouseido.mhlw.go.jp/znk-web/juminkanja/S2430/initialize?prefCd=16&kikanCd=5162000542&kikanKbn=5", "url2": "https://www.tulip-tz.co.jp/storeinfo/store_nansei.html", "内容": "チューリップ南星薬局【5:薬局】富山県高岡市木津５４５番１" }, "geometry": { "type": "Point", "coordinates": [ 136.999157, 36.73877 ] } },
{ "type": "Feature", "properties": { "ID": 1655162000543, "正式名称": "瑠璃光薬局　秋吉店", "機関区分": 5, "都道府県コード": 16, "市区町村コード": 201, "所在地": "富山県富山市秋吉１１３－１０", "緯度": 36.681613, "経度": 137.24628, "url": "https://www.iryou.teikyouseido.mhlw.go.jp/znk-web/juminkanja/S2430/initialize?prefCd=16&kikanCd=5162000543&kikanKbn=5", "url2": "www//rurikou.jp", "内容": "瑠璃光薬局　秋吉店【5:薬局】富山県富山市秋吉１１３－１０" }, "geometry": { "type": "Point", "coordinates": [ 137.24628, 36.681613 ] } },
{ "type": "Feature", "properties": { "ID": 1655162000544, "正式名称": "ハートフル戸出薬局", "機関区分": 5, "都道府県コード": 16, "市区町村コード": 202, "所在地": "富山県高岡市戸出町３－２４－５１", "緯度": 36.675207, "経度": 136.977241, "url": "https://www.iryou.teikyouseido.mhlw.go.jp/znk-web/juminkanja/S2430/initialize?prefCd=16&kikanCd=5162000544&kikanKbn=5", "url2": null, "内容": "ハートフル戸出薬局【5:薬局】富山県高岡市戸出町３－２４－５１" }, "geometry": { "type": "Point", "coordinates": [ 136.977241, 36.675207 ] } },
{ "type": "Feature", "properties": { "ID": 1655162000546, "正式名称": "たんぽぽ薬局　南砺中央店", "機関区分": 5, "都道府県コード": 16, "市区町村コード": 210, "所在地": "富山県南砺市梅野２番地４", "緯度": 36.541616, "経度": 136.902364, "url": "https://www.iryou.teikyouseido.mhlw.go.jp/znk-web/juminkanja/S2430/initialize?prefCd=16&kikanCd=5162000546&kikanKbn=5", "url2": "http://www.tanpopo-ph.co.jp", "内容": "たんぽぽ薬局　南砺中央店【5:薬局】富山県南砺市梅野２番地４" }, "geometry": { "type": "Point", "coordinates": [ 136.902364, 36.541616 ] } },
{ "type": "Feature", "properties": { "ID": 1655162000547, "正式名称": "クスリのアオキうおのみ薬局", "機関区分": 5, "都道府県コード": 16, "市区町村コード": 206, "所在地": "富山県滑川市魚躬字膏薬１２２９番１７２", "緯度": 36.755343, "経度": 137.315673, "url": "https://www.iryou.teikyouseido.mhlw.go.jp/znk-web/juminkanja/S2430/initialize?prefCd=16&kikanCd=5162000547&kikanKbn=5", "url2": "https://www.kusuri-aoki.co.jp/", "内容": "クスリのアオキうおのみ薬局【5:薬局】富山県滑川市魚躬字膏薬１２２９番１７２" }, "geometry": { "type": "Point", "coordinates": [ 137.315673, 36.755343 ] } },
{ "type": "Feature", "properties": { "ID": 1655162000548, "正式名称": "ウエルシア調剤薬局大沢野店", "機関区分": 5, "都道府県コード": 16, "市区町村コード": 201, "所在地": "富山県富山市上大久保牛ヶ花割１５８６－３", "緯度": 36.591214, "経度": 137.211478, "url": "https://www.iryou.teikyouseido.mhlw.go.jp/znk-web/juminkanja/S2430/initialize?prefCd=16&kikanCd=5162000548&kikanKbn=5", "url2": "https://store.welcia.co.jp/welcia/spot/detail?code=8683C", "内容": "ウエルシア調剤薬局大沢野店【5:薬局】富山県富山市上大久保牛ヶ花割１５８６－３" }, "geometry": { "type": "Point", "coordinates": [ 137.211478, 36.591214 ] } },
{ "type": "Feature", "properties": { "ID": 1655162000549, "正式名称": "ウエルシア薬局高岡京田店", "機関区分": 5, "都道府県コード": 16, "市区町村コード": 202, "所在地": "富山県高岡市京田６２４番地２", "緯度": 36.727825, "経度": 137.017019, "url": "https://www.iryou.teikyouseido.mhlw.go.jp/znk-web/juminkanja/S2430/initialize?prefCd=16&kikanCd=5162000549&kikanKbn=5", "url2": null, "内容": "ウエルシア薬局高岡京田店【5:薬局】富山県高岡市京田６２４番地２" }, "geometry": { "type": "Point", "coordinates": [ 137.017019, 36.727825 ] } },
{ "type": "Feature", "properties": { "ID": 1655162000550, "正式名称": "クスリのアオキ氷見幸町薬局", "機関区分": 5, "都道府県コード": 16, "市区町村コード": 205, "所在地": "富山県氷見市幸町７番２２号", "緯度": 36.858928, "経度": 136.981637, "url": "https://www.iryou.teikyouseido.mhlw.go.jp/znk-web/juminkanja/S2430/initialize?prefCd=16&kikanCd=5162000550&kikanKbn=5", "url2": "https://www.kusuri-aoki.co.jp/", "内容": "クスリのアオキ氷見幸町薬局【5:薬局】富山県氷見市幸町７番２２号" }, "geometry": { "type": "Point", "coordinates": [ 136.981637, 36.858928 ] } },
{ "type": "Feature", "properties": { "ID": 1655162000551, "正式名称": "ウエルシア薬局富山八尾店", "機関区分": 5, "都道府県コード": 16, "市区町村コード": 201, "所在地": "富山県富山市八尾町井田５５４９", "緯度": 36.593444, "経度": 137.1487, "url": "https://www.iryou.teikyouseido.mhlw.go.jp/znk-web/juminkanja/S2430/initialize?prefCd=16&kikanCd=5162000551&kikanKbn=5", "url2": "https://store.welcia.co.jp/welcia/spot/detail?code=8679D", "内容": "ウエルシア薬局富山八尾店【5:薬局】富山県富山市八尾町井田５５４９" }, "geometry": { "type": "Point", "coordinates": [ 137.1487, 36.593444 ] } },
{ "type": "Feature", "properties": { "ID": 1655162000553, "正式名称": "共創未来　安野屋薬局", "機関区分": 5, "都道府県コード": 16, "市区町村コード": 201, "所在地": "富山県富山市安野屋町二丁目２番２０号", "緯度": 36.69281, "経度": 137.204763, "url": "https://www.iryou.teikyouseido.mhlw.go.jp/znk-web/juminkanja/S2430/initialize?prefCd=16&kikanCd=5162000553&kikanKbn=5", "url2": "http://www.phmirai.co.jp/shops/detail.php?id=373", "内容": "共創未来　安野屋薬局【5:薬局】富山県富山市安野屋町二丁目２番２０号" }, "geometry": { "type": "Point", "coordinates": [ 137.204763, 36.69281 ] } },
{ "type": "Feature", "properties": { "ID": 1655162000554, "正式名称": "ウエルシア薬局高岡佐野店", "機関区分": 5, "都道府県コード": 16, "市区町村コード": 202, "所在地": "富山県高岡市佐野１１８９－１", "緯度": 36.727409, "経度": 136.999523, "url": "https://www.iryou.teikyouseido.mhlw.go.jp/znk-web/juminkanja/S2430/initialize?prefCd=16&kikanCd=5162000554&kikanKbn=5", "url2": "https://www.welcia-yakkyoku.co.jp/", "内容": "ウエルシア薬局高岡佐野店【5:薬局】富山県高岡市佐野１１８９－１" }, "geometry": { "type": "Point", "coordinates": [ 136.999523, 36.727409 ] } },
{ "type": "Feature", "properties": { "ID": 1655162000555, "正式名称": "クスリのアオキ小矢部中央薬局", "機関区分": 5, "都道府県コード": 16, "市区町村コード": 209, "所在地": "富山県小矢部市本町５番３２号", "緯度": 36.674158, "経度": 136.868563, "url": "https://www.iryou.teikyouseido.mhlw.go.jp/znk-web/juminkanja/S2430/initialize?prefCd=16&kikanCd=5162000555&kikanKbn=5", "url2": "https://www.kusuri-aoki.co.jp/", "内容": "クスリのアオキ小矢部中央薬局【5:薬局】富山県小矢部市本町５番３２号" }, "geometry": { "type": "Point", "coordinates": [ 136.868563, 36.674158 ] } },
{ "type": "Feature", "properties": { "ID": 1655162000556, "正式名称": "クスリのアオキ堀高薬局", "機関区分": 5, "都道府県コード": 16, "市区町村コード": 207, "所在地": "富山県黒部市堀高９５番１", "緯度": 36.879676, "経度": 137.440042, "url": "https://www.iryou.teikyouseido.mhlw.go.jp/znk-web/juminkanja/S2430/initialize?prefCd=16&kikanCd=5162000556&kikanKbn=5", "url2": "https://www.kusuri-aoki.co.jp/", "内容": "クスリのアオキ堀高薬局【5:薬局】富山県黒部市堀高９５番１" }, "geometry": { "type": "Point", "coordinates": [ 137.440042, 36.879676 ] } },
{ "type": "Feature", "properties": { "ID": 1655162000557, "正式名称": "薬局マツモトキヨシ氷見くらかわ店", "機関区分": 5, "都道府県コード": 16, "市区町村コード": 205, "所在地": "富山県氷見市鞍川１０９６", "緯度": 36.855957, "経度": 136.969615, "url": "https://www.iryou.teikyouseido.mhlw.go.jp/znk-web/juminkanja/S2430/initialize?prefCd=16&kikanCd=5162000557&kikanKbn=5", "url2": null, "内容": "薬局マツモトキヨシ氷見くらかわ店【5:薬局】富山県氷見市鞍川１０９６" }, "geometry": { "type": "Point", "coordinates": [ 136.969615, 36.855957 ] } },
{ "type": "Feature", "properties": { "ID": 1655162000558, "正式名称": "瑠璃光薬局向新庄店", "機関区分": 5, "都道府県コード": 16, "市区町村コード": 201, "所在地": "富山県富山市向新庄町２－３－１３", "緯度": 36.702708, "経度": 137.266819, "url": "https://www.iryou.teikyouseido.mhlw.go.jp/znk-web/juminkanja/S2430/initialize?prefCd=16&kikanCd=5162000558&kikanKbn=5", "url2": "www//rurikou.jp/", "内容": "瑠璃光薬局向新庄店【5:薬局】富山県富山市向新庄町２－３－１３" }, "geometry": { "type": "Point", "coordinates": [ 137.266819, 36.702708 ] } },
{ "type": "Feature", "properties": { "ID": 1655162000559, "正式名称": "さくら薬局　永楽店", "機関区分": 5, "都道府県コード": 16, "市区町村コード": 202, "所在地": "富山県高岡市永楽町４－１２", "緯度": 36.742797, "経度": 136.99559, "url": "https://www.iryou.teikyouseido.mhlw.go.jp/znk-web/juminkanja/S2430/initialize?prefCd=16&kikanCd=5162000559&kikanKbn=5", "url2": "https://www.kraft-net.co.jp/sakura/store/3326/", "内容": "さくら薬局　永楽店【5:薬局】富山県高岡市永楽町４－１２" }, "geometry": { "type": "Point", "coordinates": [ 136.99559, 36.742797 ] } },
{ "type": "Feature", "properties": { "ID": 1655162000561, "正式名称": "オリーブ薬局", "機関区分": 5, "都道府県コード": 16, "市区町村コード": 201, "所在地": "富山県富山市石坂２５５３番地１０", "緯度": 36.710946, "経度": 137.199993, "url": "https://www.iryou.teikyouseido.mhlw.go.jp/znk-web/juminkanja/S2430/initialize?prefCd=16&kikanCd=5162000561&kikanKbn=5", "url2": "https://www.amall.co.jp/store/120", "内容": "オリーブ薬局【5:薬局】富山県富山市石坂２５５３番地１０" }, "geometry": { "type": "Point", "coordinates": [ 137.199993, 36.710946 ] } },
{ "type": "Feature", "properties": { "ID": 1655162000562, "正式名称": "クスリのアオキ八尾薬局", "機関区分": 5, "都道府県コード": 16, "市区町村コード": 201, "所在地": "富山県富山市八尾町井田５７７番地", "緯度": 36.599004, "経度": 137.150622, "url": "https://www.iryou.teikyouseido.mhlw.go.jp/znk-web/juminkanja/S2430/initialize?prefCd=16&kikanCd=5162000562&kikanKbn=5", "url2": "https://www.kusuri-aoki.co.jp/", "内容": "クスリのアオキ八尾薬局【5:薬局】富山県富山市八尾町井田５７７番地" }, "geometry": { "type": "Point", "coordinates": [ 137.150622, 36.599004 ] } },
{ "type": "Feature", "properties": { "ID": 1655162000563, "正式名称": "西尾薬局　富崎店", "機関区分": 5, "都道府県コード": 16, "市区町村コード": 201, "所在地": "富山県富山市婦中町富崎１０１７－３", "緯度": 36.641696, "経度": 137.122388, "url": "https://www.iryou.teikyouseido.mhlw.go.jp/znk-web/juminkanja/S2430/initialize?prefCd=16&kikanCd=5162000563&kikanKbn=5", "url2": null, "内容": "西尾薬局　富崎店【5:薬局】富山県富山市婦中町富崎１０１７－３" }, "geometry": { "type": "Point", "coordinates": [ 137.122388, 36.641696 ] } },
{ "type": "Feature", "properties": { "ID": 1655162000566, "正式名称": "なでしこ薬局", "機関区分": 5, "都道府県コード": 16, "市区町村コード": 211, "所在地": "富山県射水市戸破３８６４－１", "緯度": 36.721077, "経度": 137.099506, "url": "https://www.iryou.teikyouseido.mhlw.go.jp/znk-web/juminkanja/S2430/initialize?prefCd=16&kikanCd=5162000566&kikanKbn=5", "url2": "https://assist-ast.jp", "内容": "なでしこ薬局【5:薬局】富山県射水市戸破３８６４－１" }, "geometry": { "type": "Point", "coordinates": [ 137.099506, 36.721077 ] } },
{ "type": "Feature", "properties": { "ID": 1655162000567, "正式名称": "ハート薬局　呉羽店", "機関区分": 5, "都道府県コード": 16, "市区町村コード": 201, "所在地": "富山県富山市吉作３７１－５６", "緯度": 36.709307, "経度": 137.163964, "url": "https://www.iryou.teikyouseido.mhlw.go.jp/znk-web/juminkanja/S2430/initialize?prefCd=16&kikanCd=5162000567&kikanKbn=5", "url2": "https://www.heart-pharmacy.jp/", "内容": "ハート薬局　呉羽店【5:薬局】富山県富山市吉作３７１－５６" }, "geometry": { "type": "Point", "coordinates": [ 137.163964, 36.709307 ] } },
{ "type": "Feature", "properties": { "ID": 1655162000569, "正式名称": "ハート薬局　神通本町店", "機関区分": 5, "都道府県コード": 16, "市区町村コード": 201, "所在地": "富山県富山市神通本町一丁目９番１３号", "緯度": 36.701151, "経度": 137.208141, "url": "https://www.iryou.teikyouseido.mhlw.go.jp/znk-web/juminkanja/S2430/initialize?prefCd=16&kikanCd=5162000569&kikanKbn=5", "url2": "https://www.heart-pharmacy.jp", "内容": "ハート薬局　神通本町店【5:薬局】富山県富山市神通本町一丁目９番１３号" }, "geometry": { "type": "Point", "coordinates": [ 137.208141, 36.701151 ] } },
{ "type": "Feature", "properties": { "ID": 1655162000573, "正式名称": "Ｖ・ｄｒｕｇ　中曽根薬局", "機関区分": 5, "都道府県コード": 16, "市区町村コード": 202, "所在地": "富山県高岡市中曽根２８１４番地", "緯度": 36.769983, "経度": 137.072478, "url": "https://www.iryou.teikyouseido.mhlw.go.jp/znk-web/juminkanja/S2430/initialize?prefCd=16&kikanCd=5162000573&kikanKbn=5", "url2": "https://vdrug.co.jp/pharmacy/", "内容": "Ｖ・ｄｒｕｇ　中曽根薬局【5:薬局】富山県高岡市中曽根２８１４番地" }, "geometry": { "type": "Point", "coordinates": [ 137.072478, 36.769983 ] } },
{ "type": "Feature", "properties": { "ID": 1655162000574, "正式名称": "イオン薬局となみ店", "機関区分": 5, "都道府県コード": 16, "市区町村コード": 208, "所在地": "富山県砺波市中神一丁目１７４", "緯度": 36.642484, "経度": 136.943825, "url": "https://www.iryou.teikyouseido.mhlw.go.jp/znk-web/juminkanja/S2430/initialize?prefCd=16&kikanCd=5162000574&kikanKbn=5", "url2": null, "内容": "イオン薬局となみ店【5:薬局】富山県砺波市中神一丁目１７４" }, "geometry": { "type": "Point", "coordinates": [ 136.943825, 36.642484 ] } },
{ "type": "Feature", "properties": { "ID": 1655162000582, "正式名称": "クスリのアオキ木津薬局", "機関区分": 5, "都道府県コード": 16, "市区町村コード": 202, "所在地": "富山県高岡市木津１４２６番地１", "緯度": 36.73718, "経度": 137.000385, "url": "https://www.iryou.teikyouseido.mhlw.go.jp/znk-web/juminkanja/S2430/initialize?prefCd=16&kikanCd=5162000582&kikanKbn=5", "url2": "http://www.kusuri-aoki.co.jp/", "内容": "クスリのアオキ木津薬局【5:薬局】富山県高岡市木津１４２６番地１" }, "geometry": { "type": "Point", "coordinates": [ 137.000385, 36.73718 ] } },
{ "type": "Feature", "properties": { "ID": 1655162000583, "正式名称": "Ｖ・ｄｒｕｇ　高岡羽広薬局", "機関区分": 5, "都道府県コード": 16, "市区町村コード": 202, "所在地": "富山県高岡市羽広二丁目１番６号", "緯度": 36.743433, "経度": 136.993771, "url": "https://www.iryou.teikyouseido.mhlw.go.jp/znk-web/juminkanja/S2430/initialize?prefCd=16&kikanCd=5162000583&kikanKbn=5", "url2": "http://www.chubuyakuhin.co.jp", "内容": "Ｖ・ｄｒｕｇ　高岡羽広薬局【5:薬局】富山県高岡市羽広二丁目１番６号" }, "geometry": { "type": "Point", "coordinates": [ 136.993771, 36.743433 ] } },
{ "type": "Feature", "properties": { "ID": 1655162000584, "正式名称": "どんぐり薬局", "機関区分": 5, "都道府県コード": 16, "市区町村コード": 202, "所在地": "富山県高岡市赤祖父５９３番２", "緯度": 36.726915, "経度": 137.023401, "url": "https://www.iryou.teikyouseido.mhlw.go.jp/znk-web/juminkanja/S2430/initialize?prefCd=16&kikanCd=5162000584&kikanKbn=5", "url2": "https://assist-ast.jp", "内容": "どんぐり薬局【5:薬局】富山県高岡市赤祖父５９３番２" }, "geometry": { "type": "Point", "coordinates": [ 137.023401, 36.726915 ] } },
{ "type": "Feature", "properties": { "ID": 1655162000585, "正式名称": "クスリのアオキ福野薬局", "機関区分": 5, "都道府県コード": 16, "市区町村コード": 210, "所在地": "富山県南砺市二日町１６００－１", "緯度": 36.595398, "経度": 136.923094, "url": "https://www.iryou.teikyouseido.mhlw.go.jp/znk-web/juminkanja/S2430/initialize?prefCd=16&kikanCd=5162000585&kikanKbn=5", "url2": "https://www.kusuri-aoki.co.jp/", "内容": "クスリのアオキ福野薬局【5:薬局】富山県南砺市二日町１６００－１" }, "geometry": { "type": "Point", "coordinates": [ 136.923094, 36.595398 ] } },
{ "type": "Feature", "properties": { "ID": 1655162000586, "正式名称": "コストコホールセール射水倉庫店　薬局", "機関区分": 5, "都道府県コード": 16, "市区町村コード": 211, "所在地": "富山県射水市上野１００１番地", "緯度": 36.691364, "経度": 137.088385, "url": "https://www.iryou.teikyouseido.mhlw.go.jp/znk-web/juminkanja/S2430/initialize?prefCd=16&kikanCd=5162000586&kikanKbn=5", "url2": null, "内容": "コストコホールセール射水倉庫店　薬局【5:薬局】富山県射水市上野１００１番地" }, "geometry": { "type": "Point", "coordinates": [ 137.088385, 36.691364 ] } },
{ "type": "Feature", "properties": { "ID": 1655162000588, "正式名称": "チューリップ立山薬局", "機関区分": 5, "都道府県コード": 16, "市区町村コード": 323, "所在地": "富山県中新川郡立山町日俣３２３番地１", "緯度": 36.650354, "経度": 137.313194, "url": "https://www.iryou.teikyouseido.mhlw.go.jp/znk-web/juminkanja/S2430/initialize?prefCd=16&kikanCd=5162000588&kikanKbn=5", "url2": "https://www.tulip-tz.co.jp/storeinfo/store_tateyama.html", "内容": "チューリップ立山薬局【5:薬局】富山県中新川郡立山町日俣３２３番地１" }, "geometry": { "type": "Point", "coordinates": [ 137.313194, 36.650354 ] } },
{ "type": "Feature", "properties": { "ID": 1655162000589, "正式名称": "クスリのアオキ下奥井薬局", "機関区分": 5, "都道府県コード": 16, "市区町村コード": 201, "所在地": "富山県富山市下奥井一丁目１番２６号", "緯度": 36.714169, "経度": 137.223461, "url": "https://www.iryou.teikyouseido.mhlw.go.jp/znk-web/juminkanja/S2430/initialize?prefCd=16&kikanCd=5162000589&kikanKbn=5", "url2": "https://www.kusuri-aoki.co.jp/", "内容": "クスリのアオキ下奥井薬局【5:薬局】富山県富山市下奥井一丁目１番２６号" }, "geometry": { "type": "Point", "coordinates": [ 137.223461, 36.714169 ] } },
{ "type": "Feature", "properties": { "ID": 1655162000590, "正式名称": "瑠璃光薬局　弥生町店", "機関区分": 5, "都道府県コード": 16, "市区町村コード": 201, "所在地": "富山県富山市弥生町二丁目４番２３号", "緯度": 36.696241, "経度": 137.225337, "url": "https://www.iryou.teikyouseido.mhlw.go.jp/znk-web/juminkanja/S2430/initialize?prefCd=16&kikanCd=5162000590&kikanKbn=5", "url2": "http://www.rurikou.jp/", "内容": "瑠璃光薬局　弥生町店【5:薬局】富山県富山市弥生町二丁目４番２３号" }, "geometry": { "type": "Point", "coordinates": [ 137.225337, 36.696241 ] } },
{ "type": "Feature", "properties": { "ID": 1655162000594, "正式名称": "あんず薬局　入善店", "機関区分": 5, "都道府県コード": 16, "市区町村コード": 342, "所在地": "富山県下新川郡入善町青島４０２番１", "緯度": 36.927316, "経度": 137.510755, "url": "https://www.iryou.teikyouseido.mhlw.go.jp/znk-web/juminkanja/S2430/initialize?prefCd=16&kikanCd=5162000594&kikanKbn=5", "url2": "https://www.facebook.com/apricot.anzu.pharmacy", "内容": "あんず薬局　入善店【5:薬局】富山県下新川郡入善町青島４０２番１" }, "geometry": { "type": "Point", "coordinates": [ 137.510755, 36.927316 ] } },
{ "type": "Feature", "properties": { "ID": 1655162000596, "正式名称": "クスリのアオキ伏木薬局", "機関区分": 5, "都道府県コード": 16, "市区町村コード": 202, "所在地": "富山県高岡市伏木１－１－５", "緯度": 36.782645, "経度": 137.044524, "url": "https://www.iryou.teikyouseido.mhlw.go.jp/znk-web/juminkanja/S2430/initialize?prefCd=16&kikanCd=5162000596&kikanKbn=5", "url2": "www.kusuri-aoki.co.jp", "内容": "クスリのアオキ伏木薬局【5:薬局】富山県高岡市伏木１－１－５" }, "geometry": { "type": "Point", "coordinates": [ 137.044524, 36.782645 ] } },
{ "type": "Feature", "properties": { "ID": 1655162000598, "正式名称": "クスリのアオキ杉木薬局", "機関区分": 5, "都道府県コード": 16, "市区町村コード": 208, "所在地": "富山県砺波市杉木五丁目７８番地", "緯度": 36.648405, "経度": 136.956725, "url": "https://www.iryou.teikyouseido.mhlw.go.jp/znk-web/juminkanja/S2430/initialize?prefCd=16&kikanCd=5162000598&kikanKbn=5", "url2": "https://www.kusuri-aoki.co.jp/", "内容": "クスリのアオキ杉木薬局【5:薬局】富山県砺波市杉木五丁目７８番地" }, "geometry": { "type": "Point", "coordinates": [ 136.956725, 36.648405 ] } },
{ "type": "Feature", "properties": { "ID": 1655162000599, "正式名称": "グリーン本郷薬局", "機関区分": 5, "都道府県コード": 16, "市区町村コード": 201, "所在地": "富山県富山市本郷新１３－５", "緯度": 36.667347, "経度": 137.229698, "url": "https://www.iryou.teikyouseido.mhlw.go.jp/znk-web/juminkanja/S2430/initialize?prefCd=16&kikanCd=5162000599&kikanKbn=5", "url2": "http://www.green-tz.com", "内容": "グリーン本郷薬局【5:薬局】富山県富山市本郷新１３－５" }, "geometry": { "type": "Point", "coordinates": [ 137.229698, 36.667347 ] } },
{ "type": "Feature", "properties": { "ID": 1655162000600, "正式名称": "アルプ薬局新園店", "機関区分": 5, "都道府県コード": 16, "市区町村コード": 201, "所在地": "富山県富山市新庄町１５８番地１－２", "緯度": 36.695825, "経度": 137.257951, "url": "https://www.iryou.teikyouseido.mhlw.go.jp/znk-web/juminkanja/S2430/initialize?prefCd=16&kikanCd=5162000600&kikanKbn=5", "url2": "http://www.alp-grp.jp/", "内容": "アルプ薬局新園店【5:薬局】富山県富山市新庄町１５８番地１－２" }, "geometry": { "type": "Point", "coordinates": [ 137.257951, 36.695825 ] } },
{ "type": "Feature", "properties": { "ID": 1655162000603, "正式名称": "すぎのき薬局", "機関区分": 5, "都道府県コード": 16, "市区町村コード": 208, "所在地": "富山県砺波市杉木３丁目２０５番地２", "緯度": 36.64844, "経度": 136.955429, "url": "https://www.iryou.teikyouseido.mhlw.go.jp/znk-web/juminkanja/S2430/initialize?prefCd=16&kikanCd=5162000603&kikanKbn=5", "url2": "http://hans-pharmacy.co.jp/", "内容": "すぎのき薬局【5:薬局】富山県砺波市杉木３丁目２０５番地２" }, "geometry": { "type": "Point", "coordinates": [ 136.955429, 36.64844 ] } },
{ "type": "Feature", "properties": { "ID": 1655162000604, "正式名称": "ハート薬局　広田店", "機関区分": 5, "都道府県コード": 16, "市区町村コード": 201, "所在地": "富山県富山市鍋田１７番８号", "緯度": 36.714864, "経度": 137.245249, "url": "https://www.iryou.teikyouseido.mhlw.go.jp/znk-web/juminkanja/S2430/initialize?prefCd=16&kikanCd=5162000604&kikanKbn=5", "url2": "https://www.heart-pharmacy.jp/", "内容": "ハート薬局　広田店【5:薬局】富山県富山市鍋田１７番８号" }, "geometry": { "type": "Point", "coordinates": [ 137.245249, 36.714864 ] } },
{ "type": "Feature", "properties": { "ID": 1655162000605, "正式名称": "駅南あさがお薬局", "機関区分": 5, "都道府県コード": 16, "市区町村コード": 202, "所在地": "富山県高岡市駅南３－１－１０", "緯度": 36.73844, "経度": 137.016752, "url": "https://www.iryou.teikyouseido.mhlw.go.jp/znk-web/juminkanja/S2430/initialize?prefCd=16&kikanCd=5162000605&kikanKbn=5", "url2": "https://www.amall.co.jp/store/142", "内容": "駅南あさがお薬局【5:薬局】富山県高岡市駅南３－１－１０" }, "geometry": { "type": "Point", "coordinates": [ 137.016752, 36.73844 ] } },
{ "type": "Feature", "properties": { "ID": 1655162000606, "正式名称": "ウエルシア薬局高岡姫野店", "機関区分": 5, "都道府県コード": 16, "市区町村コード": 202, "所在地": "富山県高岡市姫野字竹倉５１６番１", "緯度": 36.770813, "経度": 137.086841, "url": "https://www.iryou.teikyouseido.mhlw.go.jp/znk-web/juminkanja/S2430/initialize?prefCd=16&kikanCd=5162000606&kikanKbn=5", "url2": "https://store.welcia.co.jp/welcia/spot/detail?code=8690D", "内容": "ウエルシア薬局高岡姫野店【5:薬局】富山県高岡市姫野字竹倉５１６番１" }, "geometry": { "type": "Point", "coordinates": [ 137.086841, 36.770813 ] } },
{ "type": "Feature", "properties": { "ID": 1655162000607, "正式名称": "やくとファーマシー大島", "機関区分": 5, "都道府県コード": 16, "市区町村コード": 211, "所在地": "富山県射水市赤井４０－１", "緯度": 36.731294, "経度": 137.067048, "url": "https://www.iryou.teikyouseido.mhlw.go.jp/znk-web/juminkanja/S2430/initialize?prefCd=16&kikanCd=5162000607&kikanKbn=5", "url2": "http://www.yakuto.net/shop.html", "内容": "やくとファーマシー大島【5:薬局】富山県射水市赤井４０－１" }, "geometry": { "type": "Point", "coordinates": [ 137.067048, 36.731294 ] } },
{ "type": "Feature", "properties": { "ID": 1655162000608, "正式名称": "スギひかり薬局栄町店", "機関区分": 5, "都道府県コード": 16, "市区町村コード": 208, "所在地": "富山県砺波市栄町１１９番", "緯度": 36.646372, "経度": 136.959136, "url": "https://www.iryou.teikyouseido.mhlw.go.jp/znk-web/juminkanja/S2430/initialize?prefCd=16&kikanCd=5162000608&kikanKbn=5", "url2": "http://www.hikari-pharma.com", "内容": "スギひかり薬局栄町店【5:薬局】富山県砺波市栄町１１９番" }, "geometry": { "type": "Point", "coordinates": [ 136.959136, 36.646372 ] } },
{ "type": "Feature", "properties": { "ID": 1655162000609, "正式名称": "共創未来新牧野薬局", "機関区分": 5, "都道府県コード": 16, "市区町村コード": 207, "所在地": "富山県黒部市新牧野２２７番地１", "緯度": 36.86636, "経度": 137.445388, "url": "https://www.iryou.teikyouseido.mhlw.go.jp/znk-web/juminkanja/S2430/initialize?prefCd=16&kikanCd=5162000609&kikanKbn=5", "url2": "https://phmirai.co.jp/store/498/", "内容": "共創未来新牧野薬局【5:薬局】富山県黒部市新牧野２２７番地１" }, "geometry": { "type": "Point", "coordinates": [ 137.445388, 36.86636 ] } },
{ "type": "Feature", "properties": { "ID": 1655162000610, "正式名称": "ウエルシア薬局かみいち総合病院前店", "機関区分": 5, "都道府県コード": 16, "市区町村コード": 322, "所在地": "富山県中新川郡上市町横法音寺１３番３", "緯度": 36.70016, "経度": 137.361542, "url": "https://www.iryou.teikyouseido.mhlw.go.jp/znk-web/juminkanja/S2430/initialize?prefCd=16&kikanCd=5162000610&kikanKbn=5", "url2": "https://store.welcia.co.jp/welcia/spot/detail?code=8693D", "内容": "ウエルシア薬局かみいち総合病院前店【5:薬局】富山県中新川郡上市町横法音寺１３番３" }, "geometry": { "type": "Point", "coordinates": [ 137.361542, 36.70016 ] } },
{ "type": "Feature", "properties": { "ID": 1655162000612, "正式名称": "高屋敷はなの木薬局", "機関区分": 5, "都道府県コード": 16, "市区町村コード": 201, "所在地": "富山県富山市高屋敷６５番地３", "緯度": 36.666035, "経度": 137.249449, "url": "https://www.iryou.teikyouseido.mhlw.go.jp/znk-web/juminkanja/S2430/initialize?prefCd=16&kikanCd=5162000612&kikanKbn=5", "url2": "https://www.hananoki-ymt.com/", "内容": "高屋敷はなの木薬局【5:薬局】富山県富山市高屋敷６５番地３" }, "geometry": { "type": "Point", "coordinates": [ 137.249449, 36.666035 ] } },
{ "type": "Feature", "properties": { "ID": 1655162000613, "正式名称": "ハート薬局　城川原店", "機関区分": 5, "都道府県コード": 16, "市区町村コード": 201, "所在地": "富山県富山市城川原一丁目１７番２６号", "緯度": 36.731326, "経度": 137.227682, "url": "https://www.iryou.teikyouseido.mhlw.go.jp/znk-web/juminkanja/S2430/initialize?prefCd=16&kikanCd=5162000613&kikanKbn=5", "url2": "https://www.heart-pharmacy.jp/", "内容": "ハート薬局　城川原店【5:薬局】富山県富山市城川原一丁目１７番２６号" }, "geometry": { "type": "Point", "coordinates": [ 137.227682, 36.731326 ] } },
{ "type": "Feature", "properties": { "ID": 1655162000614, "正式名称": "クスリのアオキ新大門薬局", "機関区分": 5, "都道府県コード": 16, "市区町村コード": 211, "所在地": "富山県射水市大門９７番地１", "緯度": 36.732391, "経度": 137.049628, "url": "https://www.iryou.teikyouseido.mhlw.go.jp/znk-web/juminkanja/S2430/initialize?prefCd=16&kikanCd=5162000614&kikanKbn=5", "url2": "https://www.kusuri-aoki.co.jp/", "内容": "クスリのアオキ新大門薬局【5:薬局】富山県射水市大門９７番地１" }, "geometry": { "type": "Point", "coordinates": [ 137.049628, 36.732391 ] } },
{ "type": "Feature", "properties": { "ID": 1655162000615, "正式名称": "アイリス薬局", "機関区分": 5, "都道府県コード": 16, "市区町村コード": 206, "所在地": "富山県滑川市下小泉町１１７番１", "緯度": 36.762998, "経度": 137.343365, "url": "https://www.iryou.teikyouseido.mhlw.go.jp/znk-web/juminkanja/S2430/initialize?prefCd=16&kikanCd=5162000615&kikanKbn=5", "url2": "https://www.amall.co.jp/store/181", "内容": "アイリス薬局【5:薬局】富山県滑川市下小泉町１１７番１" }, "geometry": { "type": "Point", "coordinates": [ 137.343365, 36.762998 ] } },
{ "type": "Feature", "properties": { "ID": 1655162000616, "正式名称": "フロンティア薬局西長江店", "機関区分": 5, "都道府県コード": 16, "市区町村コード": 201, "所在地": "富山県富山市西長江一丁目６－３５", "緯度": 36.692728, "経度": 137.236264, "url": "https://www.iryou.teikyouseido.mhlw.go.jp/znk-web/juminkanja/S2430/initialize?prefCd=16&kikanCd=5162000616&kikanKbn=5", "url2": "http://www.frontier-ph.com/", "内容": "フロンティア薬局西長江店【5:薬局】富山県富山市西長江一丁目６－３５" }, "geometry": { "type": "Point", "coordinates": [ 137.236264, 36.692728 ] } },
{ "type": "Feature", "properties": { "ID": 1655162000617, "正式名称": "タケザワ薬局", "機関区分": 5, "都道府県コード": 16, "市区町村コード": 202, "所在地": "富山県高岡市戸出町４丁目３番地２８号", "緯度": 36.684016, "経度": 136.975537, "url": "https://www.iryou.teikyouseido.mhlw.go.jp/znk-web/juminkanja/S2430/initialize?prefCd=16&kikanCd=5162000617&kikanKbn=5", "url2": "https://takezawaph.jimdo.com/", "内容": "タケザワ薬局【5:薬局】富山県高岡市戸出町４丁目３番地２８号" }, "geometry": { "type": "Point", "coordinates": [ 136.975537, 36.684016 ] } },
{ "type": "Feature", "properties": { "ID": 1655162000618, "正式名称": "クスリのアオキ藤木薬局", "機関区分": 5, "都道府県コード": 16, "市区町村コード": 201, "所在地": "富山県富山市藤木１８７０番地１", "緯度": 36.683702, "経度": 137.26857, "url": "https://www.iryou.teikyouseido.mhlw.go.jp/znk-web/juminkanja/S2430/initialize?prefCd=16&kikanCd=5162000618&kikanKbn=5", "url2": "https://www.kusuri-aoki.co.jp/", "内容": "クスリのアオキ藤木薬局【5:薬局】富山県富山市藤木１８７０番地１" }, "geometry": { "type": "Point", "coordinates": [ 137.26857, 36.683702 ] } },
{ "type": "Feature", "properties": { "ID": 1655162000620, "正式名称": "ながえ薬局", "機関区分": 5, "都道府県コード": 16, "市区町村コード": 201, "所在地": "富山県富山市長江１丁目５番１７号", "緯度": 36.690048, "経度": 137.245685, "url": "https://www.iryou.teikyouseido.mhlw.go.jp/znk-web/juminkanja/S2430/initialize?prefCd=16&kikanCd=5162000620&kikanKbn=5", "url2": "http://hans-pharmacy.co.jp/", "内容": "ながえ薬局【5:薬局】富山県富山市長江１丁目５番１７号" }, "geometry": { "type": "Point", "coordinates": [ 137.245685, 36.690048 ] } },
{ "type": "Feature", "properties": { "ID": 1655162000624, "正式名称": "せせらぎ薬局", "機関区分": 5, "都道府県コード": 16, "市区町村コード": 202, "所在地": "富山県高岡市福岡町大滝２９", "緯度": 36.708669, "経度": 136.927568, "url": "https://www.iryou.teikyouseido.mhlw.go.jp/znk-web/juminkanja/S2430/initialize?prefCd=16&kikanCd=5162000624&kikanKbn=5", "url2": "https://assist-ast.jp", "内容": "せせらぎ薬局【5:薬局】富山県高岡市福岡町大滝２９" }, "geometry": { "type": "Point", "coordinates": [ 136.927568, 36.708669 ] } },
{ "type": "Feature", "properties": { "ID": 1655162000626, "正式名称": "チューリップ杉木薬局", "機関区分": 5, "都道府県コード": 16, "市区町村コード": 208, "所在地": "富山県砺波市杉木二丁目１２２番地", "緯度": 36.646623, "経度": 136.952284, "url": "https://www.iryou.teikyouseido.mhlw.go.jp/znk-web/juminkanja/S2430/initialize?prefCd=16&kikanCd=5162000626&kikanKbn=5", "url2": "https://www.tulip-tz.co.jp/storeinfo/store_suginoki.html", "内容": "チューリップ杉木薬局【5:薬局】富山県砺波市杉木二丁目１２２番地" }, "geometry": { "type": "Point", "coordinates": [ 136.952284, 36.646623 ] } },
{ "type": "Feature", "properties": { "ID": 1655162000629, "正式名称": "ちよだ薬局", "機関区分": 5, "都道府県コード": 16, "市区町村コード": 201, "所在地": "富山県富山市千代田町１－３１", "緯度": 36.718414, "経度": 137.224145, "url": "https://www.iryou.teikyouseido.mhlw.go.jp/znk-web/juminkanja/S2430/initialize?prefCd=16&kikanCd=5162000629&kikanKbn=5", "url2": "https://fiore-fiore.co.jp/", "内容": "ちよだ薬局【5:薬局】富山県富山市千代田町１－３１" }, "geometry": { "type": "Point", "coordinates": [ 137.224145, 36.718414 ] } },
{ "type": "Feature", "properties": { "ID": 1655162000630, "正式名称": "クスリのアオキ山室薬局", "機関区分": 5, "都道府県コード": 16, "市区町村コード": 201, "所在地": "富山県富山市山室２２６番地５", "緯度": 36.671417, "経度": 137.23889, "url": "https://www.iryou.teikyouseido.mhlw.go.jp/znk-web/juminkanja/S2430/initialize?prefCd=16&kikanCd=5162000630&kikanKbn=5", "url2": "https://www.kusuri-aoki.co.jp/", "内容": "クスリのアオキ山室薬局【5:薬局】富山県富山市山室２２６番地５" }, "geometry": { "type": "Point", "coordinates": [ 137.23889, 36.671417 ] } },
{ "type": "Feature", "properties": { "ID": 1655162000631, "正式名称": "クスリのアオキ高岡新成薬局", "機関区分": 5, "都道府県コード": 16, "市区町村コード": 202, "所在地": "富山県高岡市新成町４番１号", "緯度": 36.760548, "経度": 137.014551, "url": "https://www.iryou.teikyouseido.mhlw.go.jp/znk-web/juminkanja/S2430/initialize?prefCd=16&kikanCd=5162000631&kikanKbn=5", "url2": "https://www.kusuri-aoki.co.jp/", "内容": "クスリのアオキ高岡新成薬局【5:薬局】富山県高岡市新成町４番１号" }, "geometry": { "type": "Point", "coordinates": [ 137.014551, 36.760548 ] } },
{ "type": "Feature", "properties": { "ID": 1655162000632, "正式名称": "クスリのアオキ小杉薬局", "機関区分": 5, "都道府県コード": 16, "市区町村コード": 211, "所在地": "富山県射水市戸破１６６０番", "緯度": 36.714705, "経度": 137.096448, "url": "https://www.iryou.teikyouseido.mhlw.go.jp/znk-web/juminkanja/S2430/initialize?prefCd=16&kikanCd=5162000632&kikanKbn=5", "url2": "https://www.kusuri-aoki.co.jp/", "内容": "クスリのアオキ小杉薬局【5:薬局】富山県射水市戸破１６６０番" }, "geometry": { "type": "Point", "coordinates": [ 137.096448, 36.714705 ] } },
{ "type": "Feature", "properties": { "ID": 1655162000635, "正式名称": "アラキ薬局", "機関区分": 5, "都道府県コード": 16, "市区町村コード": 209, "所在地": "富山県小矢部市石動町３－４", "緯度": 36.674314, "経度": 136.864472, "url": "https://www.iryou.teikyouseido.mhlw.go.jp/znk-web/juminkanja/S2430/initialize?prefCd=16&kikanCd=5162000635&kikanKbn=5", "url2": null, "内容": "アラキ薬局【5:薬局】富山県小矢部市石動町３－４" }, "geometry": { "type": "Point", "coordinates": [ 136.864472, 36.674314 ] } },
{ "type": "Feature", "properties": { "ID": 1655162000639, "正式名称": "中田グリーン薬局", "機関区分": 5, "都道府県コード": 16, "市区町村コード": 202, "所在地": "富山県高岡市下麻生４９７－１", "緯度": 36.685558, "経度": 137.019304, "url": "https://www.iryou.teikyouseido.mhlw.go.jp/znk-web/juminkanja/S2430/initialize?prefCd=16&kikanCd=5162000639&kikanKbn=5", "url2": "http://www.green-tz.com", "内容": "中田グリーン薬局【5:薬局】富山県高岡市下麻生４９７－１" }, "geometry": { "type": "Point", "coordinates": [ 137.019304, 36.685558 ] } },
{ "type": "Feature", "properties": { "ID": 1655162000641, "正式名称": "ひまり薬局", "機関区分": 5, "都道府県コード": 16, "市区町村コード": 201, "所在地": "富山県富山市経堂２丁目８５", "緯度": 36.688347, "経度": 137.254416, "url": "https://www.iryou.teikyouseido.mhlw.go.jp/znk-web/juminkanja/S2430/initialize?prefCd=16&kikanCd=5162000641&kikanKbn=5", "url2": "https://okusuri-honpo.jp/", "内容": "ひまり薬局【5:薬局】富山県富山市経堂２丁目８５" }, "geometry": { "type": "Point", "coordinates": [ 137.254416, 36.688347 ] } },
{ "type": "Feature", "properties": { "ID": 1655162000642, "正式名称": "ドラッグセイムス富山西田地方薬局", "機関区分": 5, "都道府県コード": 16, "市区町村コード": 201, "所在地": "富山県富山市西田地方町二丁目１１－１", "緯度": 36.681329, "経度": 137.20802, "url": "https://www.iryou.teikyouseido.mhlw.go.jp/znk-web/juminkanja/S2430/initialize?prefCd=16&kikanCd=5162000642&kikanKbn=5", "url2": null, "内容": "ドラッグセイムス富山西田地方薬局【5:薬局】富山県富山市西田地方町二丁目１１－１" }, "geometry": { "type": "Point", "coordinates": [ 137.20802, 36.681329 ] } },
{ "type": "Feature", "properties": { "ID": 1655162000644, "正式名称": "スギひかり薬局定塚店", "機関区分": 5, "都道府県コード": 16, "市区町村コード": 202, "所在地": "富山県高岡市定塚６番７号", "緯度": 36.743498, "経度": 137.019557, "url": "https://www.iryou.teikyouseido.mhlw.go.jp/znk-web/juminkanja/S2430/initialize?prefCd=16&kikanCd=5162000644&kikanKbn=5", "url2": "http://hikari-pharma.com", "内容": "スギひかり薬局定塚店【5:薬局】富山県高岡市定塚６番７号" }, "geometry": { "type": "Point", "coordinates": [ 137.019557, 36.743498 ] } },
{ "type": "Feature", "properties": { "ID": 1655162000645, "正式名称": "クスリのアオキ泊駅前薬局", "機関区分": 5, "都道府県コード": 16, "市区町村コード": 343, "所在地": "富山県下新川郡朝日町平柳１２４７番１", "緯度": 36.953039, "経度": 137.555609, "url": "https://www.iryou.teikyouseido.mhlw.go.jp/znk-web/juminkanja/S2430/initialize?prefCd=16&kikanCd=5162000645&kikanKbn=5", "url2": "https://www.kusuri-aoki.co.jp/", "内容": "クスリのアオキ泊駅前薬局【5:薬局】富山県下新川郡朝日町平柳１２４７番１" }, "geometry": { "type": "Point", "coordinates": [ 137.555609, 36.953039 ] } },
{ "type": "Feature", "properties": { "ID": 1655162000649, "正式名称": "チューリップやぶなみ薬局", "機関区分": 5, "都道府県コード": 16, "市区町村コード": 202, "所在地": "富山県高岡市木津２４８６番地", "緯度": 36.735564, "経度": 136.991459, "url": "https://www.iryou.teikyouseido.mhlw.go.jp/znk-web/juminkanja/S2430/initialize?prefCd=16&kikanCd=5162000649&kikanKbn=5", "url2": "https://www.tulip-tz.co.jp/storeinfo/store_yabunami.html", "内容": "チューリップやぶなみ薬局【5:薬局】富山県高岡市木津２４８６番地" }, "geometry": { "type": "Point", "coordinates": [ 136.991459, 36.735564 ] } },
{ "type": "Feature", "properties": { "ID": 1655162000650, "正式名称": "クスリのアオキ　富山新庄薬局", "機関区分": 5, "都道府県コード": 16, "市区町村コード": 201, "所在地": "富山県富山市新庄町三丁目６番５１号", "緯度": 36.696933, "経度": 137.252966, "url": "https://www.iryou.teikyouseido.mhlw.go.jp/znk-web/juminkanja/S2430/initialize?prefCd=16&kikanCd=5162000650&kikanKbn=5", "url2": "https://www.kusuri-aoki.co.jp/", "内容": "クスリのアオキ　富山新庄薬局【5:薬局】富山県富山市新庄町三丁目６番５１号" }, "geometry": { "type": "Point", "coordinates": [ 137.252966, 36.696933 ] } },
{ "type": "Feature", "properties": { "ID": 1655162000651, "正式名称": "クスリのアオキ下飯野薬局", "機関区分": 5, "都道府県コード": 16, "市区町村コード": 201, "所在地": "富山県富山市下飯野２３番地", "緯度": 36.738722, "経度": 137.256407, "url": "https://www.iryou.teikyouseido.mhlw.go.jp/znk-web/juminkanja/S2430/initialize?prefCd=16&kikanCd=5162000651&kikanKbn=5", "url2": "https://www.kusuri-aoki.co.jp/", "内容": "クスリのアオキ下飯野薬局【5:薬局】富山県富山市下飯野２３番地" }, "geometry": { "type": "Point", "coordinates": [ 137.256407, 36.738722 ] } },
{ "type": "Feature", "properties": { "ID": 1655162000652, "正式名称": "グリーン小矢部薬局", "機関区分": 5, "都道府県コード": 16, "市区町村コード": 209, "所在地": "富山県小矢部市今石動町１－１０３７", "緯度": 36.6769, "経度": 136.874761, "url": "https://www.iryou.teikyouseido.mhlw.go.jp/znk-web/juminkanja/S2430/initialize?prefCd=16&kikanCd=5162000652&kikanKbn=5", "url2": "http://www.green-tz.com", "内容": "グリーン小矢部薬局【5:薬局】富山県小矢部市今石動町１－１０３７" }, "geometry": { "type": "Point", "coordinates": [ 136.874761, 36.6769 ] } },
{ "type": "Feature", "properties": { "ID": 1655162000653, "正式名称": "Ｖ・ｄｒｕｇ　大沢野南薬局", "機関区分": 5, "都道府県コード": 16, "市区町村コード": 201, "所在地": "富山県富山市上二杉６０７番", "緯度": 36.590481, "経度": 137.20211, "url": "https://www.iryou.teikyouseido.mhlw.go.jp/znk-web/juminkanja/S2430/initialize?prefCd=16&kikanCd=5162000653&kikanKbn=5", "url2": "http://vdrug.co.jp/pharmacy/", "内容": "Ｖ・ｄｒｕｇ　大沢野南薬局【5:薬局】富山県富山市上二杉６０７番" }, "geometry": { "type": "Point", "coordinates": [ 137.20211, 36.590481 ] } },
{ "type": "Feature", "properties": { "ID": 1655162000654, "正式名称": "たんぽぽ薬局　八尾店", "機関区分": 5, "都道府県コード": 16, "市区町村コード": 201, "所在地": "富山県富山市八尾町福島７－４２", "緯度": 36.59647, "経度": 137.13758, "url": "https://www.iryou.teikyouseido.mhlw.go.jp/znk-web/juminkanja/S2430/initialize?prefCd=16&kikanCd=5162000654&kikanKbn=5", "url2": "http://www.tanpopo-ph.co.jp/", "内容": "たんぽぽ薬局　八尾店【5:薬局】富山県富山市八尾町福島７－４２" }, "geometry": { "type": "Point", "coordinates": [ 137.13758, 36.59647 ] } },
{ "type": "Feature", "properties": { "ID": 1655162000655, "正式名称": "Ｖ・ｄｒｕｇ　黒部石田薬局", "機関区分": 5, "都道府県コード": 16, "市区町村コード": 207, "所在地": "富山県黒部市石田新字岡７３９番地４", "緯度": 36.866297, "経度": 137.421931, "url": "https://www.iryou.teikyouseido.mhlw.go.jp/znk-web/juminkanja/S2430/initialize?prefCd=16&kikanCd=5162000655&kikanKbn=5", "url2": "http://vdrug.co.jp/pharmacy/", "内容": "Ｖ・ｄｒｕｇ　黒部石田薬局【5:薬局】富山県黒部市石田新字岡７３９番地４" }, "geometry": { "type": "Point", "coordinates": [ 137.421931, 36.866297 ] } },
{ "type": "Feature", "properties": { "ID": 1655162000656, "正式名称": "クスリのアオキ新野村薬局", "機関区分": 5, "都道府県コード": 16, "市区町村コード": 202, "所在地": "富山県高岡市野村１８４６", "緯度": 36.761248, "経度": 137.04282, "url": "https://www.iryou.teikyouseido.mhlw.go.jp/znk-web/juminkanja/S2430/initialize?prefCd=16&kikanCd=5162000656&kikanKbn=5", "url2": "https://www.kusuri-aoki.co.jp/", "内容": "クスリのアオキ新野村薬局【5:薬局】富山県高岡市野村１８４６" }, "geometry": { "type": "Point", "coordinates": [ 137.04282, 36.761248 ] } },
{ "type": "Feature", "properties": { "ID": 1655162000657, "正式名称": "クスリのアオキ戸出薬局", "機関区分": 5, "都道府県コード": 16, "市区町村コード": 202, "所在地": "富山県高岡市戸出町５丁目１番１号", "緯度": 36.686077, "経度": 136.973532, "url": "https://www.iryou.teikyouseido.mhlw.go.jp/znk-web/juminkanja/S2430/initialize?prefCd=16&kikanCd=5162000657&kikanKbn=5", "url2": "https://www.kusuri-aoki.co.jp/", "内容": "クスリのアオキ戸出薬局【5:薬局】富山県高岡市戸出町５丁目１番１号" }, "geometry": { "type": "Point", "coordinates": [ 136.973532, 36.686077 ] } },
{ "type": "Feature", "properties": { "ID": 1655162000660, "正式名称": "スギ薬局　西長江店", "機関区分": 5, "都道府県コード": 16, "市区町村コード": 201, "所在地": "富山県富山市西長江四丁目５番２５号", "緯度": 36.687359, "経度": 137.239673, "url": "https://www.iryou.teikyouseido.mhlw.go.jp/znk-web/juminkanja/S2430/initialize?prefCd=16&kikanCd=5162000660&kikanKbn=5", "url2": "https://www.sugi-net.jp/tenpo/detail/1562.html", "内容": "スギ薬局　西長江店【5:薬局】富山県富山市西長江四丁目５番２５号" }, "geometry": { "type": "Point", "coordinates": [ 137.239673, 36.687359 ] } },
{ "type": "Feature", "properties": { "ID": 1655162000661, "正式名称": "スギひかり薬局堀川店", "機関区分": 5, "都道府県コード": 16, "市区町村コード": 201, "所在地": "富山県富山市東中野町三丁目５番１９号", "緯度": 36.679644, "経度": 137.22221, "url": "https://www.iryou.teikyouseido.mhlw.go.jp/znk-web/juminkanja/S2430/initialize?prefCd=16&kikanCd=5162000661&kikanKbn=5", "url2": "http://hikari-pharma.com", "内容": "スギひかり薬局堀川店【5:薬局】富山県富山市東中野町三丁目５番１９号" }, "geometry": { "type": "Point", "coordinates": [ 137.22221, 36.679644 ] } },
{ "type": "Feature", "properties": { "ID": 1655162000662, "正式名称": "五番町薬局", "機関区分": 5, "都道府県コード": 16, "市区町村コード": 201, "所在地": "富山県富山市五番町１－１５", "緯度": 36.687722, "経度": 137.219914, "url": "https://www.iryou.teikyouseido.mhlw.go.jp/znk-web/juminkanja/S2430/initialize?prefCd=16&kikanCd=5162000662&kikanKbn=5", "url2": "http://www.medipham-izumi.co.jp/", "内容": "五番町薬局【5:薬局】富山県富山市五番町１－１５" }, "geometry": { "type": "Point", "coordinates": [ 137.219914, 36.687722 ] } },
{ "type": "Feature", "properties": { "ID": 1655162000663, "正式名称": "スギ薬局　小杉店", "機関区分": 5, "都道府県コード": 16, "市区町村コード": 201, "所在地": "富山県富山市小杉２００３番地", "緯度": 36.651202, "経度": 137.232207, "url": "https://www.iryou.teikyouseido.mhlw.go.jp/znk-web/juminkanja/S2430/initialize?prefCd=16&kikanCd=5162000663&kikanKbn=5", "url2": "http://www.drug-sugi.co.jp/", "内容": "スギ薬局　小杉店【5:薬局】富山県富山市小杉２００３番地" }, "geometry": { "type": "Point", "coordinates": [ 137.232207, 36.651202 ] } },
{ "type": "Feature", "properties": { "ID": 1655162000664, "正式名称": "五福しらとり薬局", "機関区分": 5, "都道府県コード": 16, "市区町村コード": 201, "所在地": "富山県富山市五福１３６８番１", "緯度": 36.697363, "経度": 137.194651, "url": "https://www.iryou.teikyouseido.mhlw.go.jp/znk-web/juminkanja/S2430/initialize?prefCd=16&kikanCd=5162000664&kikanKbn=5", "url2": "https://www.amall.co.jp/store/130", "内容": "五福しらとり薬局【5:薬局】富山県富山市五福１３６８番１" }, "geometry": { "type": "Point", "coordinates": [ 137.194651, 36.697363 ] } },
{ "type": "Feature", "properties": { "ID": 1655162000665, "正式名称": "クスリのアオキ上四屋薬局", "機関区分": 5, "都道府県コード": 16, "市区町村コード": 202, "所在地": "富山県高岡市上四屋２番２０号", "緯度": 36.758378, "経度": 137.005104, "url": "https://www.iryou.teikyouseido.mhlw.go.jp/znk-web/juminkanja/S2430/initialize?prefCd=16&kikanCd=5162000665&kikanKbn=5", "url2": "https://www.kusuri-aoki.co.jp/", "内容": "クスリのアオキ上四屋薬局【5:薬局】富山県高岡市上四屋２番２０号" }, "geometry": { "type": "Point", "coordinates": [ 137.005104, 36.758378 ] } },
{ "type": "Feature", "properties": { "ID": 1655162000667, "正式名称": "クスリのアオキ高岡広小路薬局", "機関区分": 5, "都道府県コード": 16, "市区町村コード": 202, "所在地": "富山県高岡市広小路２番３号", "緯度": 36.75259, "経度": 137.023446, "url": "https://www.iryou.teikyouseido.mhlw.go.jp/znk-web/juminkanja/S2430/initialize?prefCd=16&kikanCd=5162000667&kikanKbn=5", "url2": "https://www.kusuri-aoki.co.jp/", "内容": "クスリのアオキ高岡広小路薬局【5:薬局】富山県高岡市広小路２番３号" }, "geometry": { "type": "Point", "coordinates": [ 137.023446, 36.75259 ] } },
{ "type": "Feature", "properties": { "ID": 1655162000668, "正式名称": "スギ薬局　下冨居店", "機関区分": 5, "都道府県コード": 16, "市区町村コード": 201, "所在地": "富山県富山市下冨居二丁目１３番８５号", "緯度": 36.717073, "経度": 137.234436, "url": "https://www.iryou.teikyouseido.mhlw.go.jp/znk-web/juminkanja/S2430/initialize?prefCd=16&kikanCd=5162000668&kikanKbn=5", "url2": "http://www.drug-sugi.co.jp/", "内容": "スギ薬局　下冨居店【5:薬局】富山県富山市下冨居二丁目１３番８５号" }, "geometry": { "type": "Point", "coordinates": [ 137.234436, 36.717073 ] } },
{ "type": "Feature", "properties": { "ID": 1655162000669, "正式名称": "スギひかり薬局秋吉店", "機関区分": 5, "都道府県コード": 16, "市区町村コード": 201, "所在地": "富山県富山市秋吉１１２番地３", "緯度": 36.683082, "経度": 137.246922, "url": "https://www.iryou.teikyouseido.mhlw.go.jp/znk-web/juminkanja/S2430/initialize?prefCd=16&kikanCd=5162000669&kikanKbn=5", "url2": "http://hikari-pharma.com", "内容": "スギひかり薬局秋吉店【5:薬局】富山県富山市秋吉１１２番地３" }, "geometry": { "type": "Point", "coordinates": [ 137.246922, 36.683082 ] } },
{ "type": "Feature", "properties": { "ID": 1655162000672, "正式名称": "たんぽぽ薬局　常盤町店", "機関区分": 5, "都道府県コード": 16, "市区町村コード": 206, "所在地": "富山県滑川市常盤町６２２番地", "緯度": 36.769743, "経度": 137.34465, "url": "https://www.iryou.teikyouseido.mhlw.go.jp/znk-web/juminkanja/S2430/initialize?prefCd=16&kikanCd=5162000672&kikanKbn=5", "url2": "https://www.tanpopo-ph.co.jp/", "内容": "たんぽぽ薬局　常盤町店【5:薬局】富山県滑川市常盤町６２２番地" }, "geometry": { "type": "Point", "coordinates": [ 137.34465, 36.769743 ] } },
{ "type": "Feature", "properties": { "ID": 1655162000673, "正式名称": "Ｖ・ｄｒｕｇ　滑川病院前薬局", "機関区分": 5, "都道府県コード": 16, "市区町村コード": 206, "所在地": "富山県滑川市常盤町６１９番地１", "緯度": 36.769823, "経度": 137.344307, "url": "https://www.iryou.teikyouseido.mhlw.go.jp/znk-web/juminkanja/S2430/initialize?prefCd=16&kikanCd=5162000673&kikanKbn=5", "url2": "https://vdrug.co.jp/pharmacy/", "内容": "Ｖ・ｄｒｕｇ　滑川病院前薬局【5:薬局】富山県滑川市常盤町６１９番地１" }, "geometry": { "type": "Point", "coordinates": [ 137.344307, 36.769823 ] } },
{ "type": "Feature", "properties": { "ID": 1655162000675, "正式名称": "たんぽぽ薬局　滑川店", "機関区分": 5, "都道府県コード": 16, "市区町村コード": 206, "所在地": "富山県滑川市常盤町６１３番地", "緯度": 36.769637, "経度": 137.34521, "url": "https://www.iryou.teikyouseido.mhlw.go.jp/znk-web/juminkanja/S2430/initialize?prefCd=16&kikanCd=5162000675&kikanKbn=5", "url2": "https://www.tanpopo-ph.co.jp/", "内容": "たんぽぽ薬局　滑川店【5:薬局】富山県滑川市常盤町６１３番地" }, "geometry": { "type": "Point", "coordinates": [ 137.34521, 36.769637 ] } },
{ "type": "Feature", "properties": { "ID": 1655162000676, "正式名称": "ウエルシア薬局魚津吉島西店", "機関区分": 5, "都道府県コード": 16, "市区町村コード": 204, "所在地": "富山県魚津市吉島１３００", "緯度": 36.823739, "経度": 137.421068, "url": "https://www.iryou.teikyouseido.mhlw.go.jp/znk-web/juminkanja/S2430/initialize?prefCd=16&kikanCd=5162000676&kikanKbn=5", "url2": "https://store.welcia.co.jp/welcia/spot/detail?code=8705D", "内容": "ウエルシア薬局魚津吉島西店【5:薬局】富山県魚津市吉島１３００" }, "geometry": { "type": "Point", "coordinates": [ 137.421068, 36.823739 ] } },
{ "type": "Feature", "properties": { "ID": 1655162000678, "正式名称": "かえで薬局", "機関区分": 5, "都道府県コード": 16, "市区町村コード": 205, "所在地": "富山県氷見市窪６６７番１", "緯度": 36.844076, "経度": 136.991661, "url": "https://www.iryou.teikyouseido.mhlw.go.jp/znk-web/juminkanja/S2430/initialize?prefCd=16&kikanCd=5162000678&kikanKbn=5", "url2": "https://assist-ast.jp", "内容": "かえで薬局【5:薬局】富山県氷見市窪６６７番１" }, "geometry": { "type": "Point", "coordinates": [ 136.991661, 36.844076 ] } },
{ "type": "Feature", "properties": { "ID": 1655162000679, "正式名称": "瑠璃光薬局　氷見店", "機関区分": 5, "都道府県コード": 16, "市区町村コード": 205, "所在地": "富山県氷見市丸の内６－２０", "緯度": 36.857615, "経度": 136.984511, "url": "https://www.iryou.teikyouseido.mhlw.go.jp/znk-web/juminkanja/S2430/initialize?prefCd=16&kikanCd=5162000679&kikanKbn=5", "url2": "www//rurikou.jp", "内容": "瑠璃光薬局　氷見店【5:薬局】富山県氷見市丸の内６－２０" }, "geometry": { "type": "Point", "coordinates": [ 136.984511, 36.857615 ] } },
{ "type": "Feature", "properties": { "ID": 1655162000680, "正式名称": "Ｖ・ｄｒｕｇ　射水鷲塚薬局", "機関区分": 5, "都道府県コード": 16, "市区町村コード": 211, "所在地": "富山県射水市鷲塚５７番地７", "緯度": 36.717948, "経度": 137.119854, "url": "https://www.iryou.teikyouseido.mhlw.go.jp/znk-web/juminkanja/S2430/initialize?prefCd=16&kikanCd=5162000680&kikanKbn=5", "url2": "http://www.vdrug.co.jp", "内容": "Ｖ・ｄｒｕｇ　射水鷲塚薬局【5:薬局】富山県射水市鷲塚５７番地７" }, "geometry": { "type": "Point", "coordinates": [ 137.119854, 36.717948 ] } },
{ "type": "Feature", "properties": { "ID": 1655162000682, "正式名称": "そうごう薬局　東岩瀬店", "機関区分": 5, "都道府県コード": 16, "市区町村コード": 201, "所在地": "富山県富山市高畠町一丁目１３番３５号", "緯度": 36.749115, "経度": 137.231105, "url": "https://www.iryou.teikyouseido.mhlw.go.jp/znk-web/juminkanja/S2430/initialize?prefCd=16&kikanCd=5162000682&kikanKbn=5", "url2": "https://shop.sogo-pharmacy.jp/detail/825/", "内容": "そうごう薬局　東岩瀬店【5:薬局】富山県富山市高畠町一丁目１３番３５号" }, "geometry": { "type": "Point", "coordinates": [ 137.231105, 36.749115 ] } },
{ "type": "Feature", "properties": { "ID": 1655162000683, "正式名称": "スギ薬局　砺波総合病院前店", "機関区分": 5, "都道府県コード": 16, "市区町村コード": 208, "所在地": "富山県砺波市杉木１－８０－１", "緯度": 36.642883, "経度": 136.950916, "url": "https://www.iryou.teikyouseido.mhlw.go.jp/znk-web/juminkanja/S2430/initialize?prefCd=16&kikanCd=5162000683&kikanKbn=5", "url2": "http://.drug-sugi.co.jp/", "内容": "スギ薬局　砺波総合病院前店【5:薬局】富山県砺波市杉木１－８０－１" }, "geometry": { "type": "Point", "coordinates": [ 136.950916, 36.642883 ] } },
{ "type": "Feature", "properties": { "ID": 1655162000684, "正式名称": "ゆたか薬局", "機関区分": 5, "都道府県コード": 16, "市区町村コード": 201, "所在地": "富山県富山市悪王寺２２５－２", "緯度": 36.631266, "経度": 137.216772, "url": "https://www.iryou.teikyouseido.mhlw.go.jp/znk-web/juminkanja/S2430/initialize?prefCd=16&kikanCd=5162000684&kikanKbn=5", "url2": null, "内容": "ゆたか薬局【5:薬局】富山県富山市悪王寺２２５－２" }, "geometry": { "type": "Point", "coordinates": [ 137.216772, 36.631266 ] } },
{ "type": "Feature", "properties": { "ID": 1655162000689, "正式名称": "スギひかり薬局大辻店", "機関区分": 5, "都道府県コード": 16, "市区町村コード": 208, "所在地": "富山県砺波市大辻６０１番地", "緯度": 36.628298, "経度": 136.952692, "url": "https://www.iryou.teikyouseido.mhlw.go.jp/znk-web/juminkanja/S2430/initialize?prefCd=16&kikanCd=5162000689&kikanKbn=5", "url2": "http://hikari-pharma.com", "内容": "スギひかり薬局大辻店【5:薬局】富山県砺波市大辻６０１番地" }, "geometry": { "type": "Point", "coordinates": [ 136.952692, 36.628298 ] } },
{ "type": "Feature", "properties": { "ID": 1655162000690, "正式名称": "ウエルシア薬局富山立山店", "機関区分": 5, "都道府県コード": 16, "市区町村コード": 323, "所在地": "富山県中新川郡立山町前沢２５９０番５", "緯度": 36.662548, "経度": 137.312962, "url": "https://www.iryou.teikyouseido.mhlw.go.jp/znk-web/juminkanja/S2430/initialize?prefCd=16&kikanCd=5162000690&kikanKbn=5", "url2": "https://www.welcia-yakkyoku.co.jp/", "内容": "ウエルシア薬局富山立山店【5:薬局】富山県中新川郡立山町前沢２５９０番５" }, "geometry": { "type": "Point", "coordinates": [ 137.312962, 36.662548 ] } },
{ "type": "Feature", "properties": { "ID": 1655162000691, "正式名称": "スギひかり薬局木津店", "機関区分": 5, "都道府県コード": 16, "市区町村コード": 202, "所在地": "富山県高岡市木津６２２番地１", "緯度": 36.738708, "経度": 136.995735, "url": "https://www.iryou.teikyouseido.mhlw.go.jp/znk-web/juminkanja/S2430/initialize?prefCd=16&kikanCd=5162000691&kikanKbn=5", "url2": "http://hikari-pharma.com", "内容": "スギひかり薬局木津店【5:薬局】富山県高岡市木津６２２番地１" }, "geometry": { "type": "Point", "coordinates": [ 136.995735, 36.738708 ] } },
{ "type": "Feature", "properties": { "ID": 1655162000692, "正式名称": "スギひかり薬局問屋町店", "機関区分": 5, "都道府県コード": 16, "市区町村コード": 202, "所在地": "富山県高岡市下伏間江２０番地４", "緯度": 36.726786, "経度": 137.028265, "url": "https://www.iryou.teikyouseido.mhlw.go.jp/znk-web/juminkanja/S2430/initialize?prefCd=16&kikanCd=5162000692&kikanKbn=5", "url2": "http://hikari-pharma.com", "内容": "スギひかり薬局問屋町店【5:薬局】富山県高岡市下伏間江２０番地４" }, "geometry": { "type": "Point", "coordinates": [ 137.028265, 36.726786 ] } },
{ "type": "Feature", "properties": { "ID": 1655162000693, "正式名称": "スギ薬局　高岡中央店", "機関区分": 5, "都道府県コード": 16, "市区町村コード": 202, "所在地": "富山県高岡市あわら町７番５５号", "緯度": 36.75558, "経度": 137.023587, "url": "https://www.iryou.teikyouseido.mhlw.go.jp/znk-web/juminkanja/S2430/initialize?prefCd=16&kikanCd=5162000693&kikanKbn=5", "url2": "http://www.drug-sugi.co.jp/", "内容": "スギ薬局　高岡中央店【5:薬局】富山県高岡市あわら町７番５５号" }, "geometry": { "type": "Point", "coordinates": [ 137.023587, 36.75558 ] } },
{ "type": "Feature", "properties": { "ID": 1655162000695, "正式名称": "ひまわり薬局　上経田店", "機関区分": 5, "都道府県コード": 16, "市区町村コード": 322, "所在地": "富山県中新川郡上市町上経田２－２－１", "緯度": 36.705466, "経度": 137.346917, "url": "https://www.iryou.teikyouseido.mhlw.go.jp/znk-web/juminkanja/S2430/initialize?prefCd=16&kikanCd=5162000695&kikanKbn=5", "url2": "https://www.moriki-group.info/", "内容": "ひまわり薬局　上経田店【5:薬局】富山県中新川郡上市町上経田２－２－１" }, "geometry": { "type": "Point", "coordinates": [ 137.346917, 36.705466 ] } },
{ "type": "Feature", "properties": { "ID": 1655162000696, "正式名称": "アイン薬局富山西店", "機関区分": 5, "都道府県コード": 16, "市区町村コード": 201, "所在地": "富山県富山市婦中町下轡田１０１９", "緯度": 36.659797, "経度": 137.17453, "url": "https://www.iryou.teikyouseido.mhlw.go.jp/znk-web/juminkanja/S2430/initialize?prefCd=16&kikanCd=5162000696&kikanKbn=5", "url2": "https://www.ainj.co.jp/", "内容": "アイン薬局富山西店【5:薬局】富山県富山市婦中町下轡田１０１９" }, "geometry": { "type": "Point", "coordinates": [ 137.17453, 36.659797 ] } },
{ "type": "Feature", "properties": { "ID": 1655162000697, "正式名称": "ウエルシア薬局黒部三日市店", "機関区分": 5, "都道府県コード": 16, "市区町村コード": 207, "所在地": "富山県黒部市三日市１２７２番地１", "緯度": 36.872208, "経度": 137.446932, "url": "https://www.iryou.teikyouseido.mhlw.go.jp/znk-web/juminkanja/S2430/initialize?prefCd=16&kikanCd=5162000697&kikanKbn=5", "url2": "http://www.welcia-yakkyoku.co.jp/", "内容": "ウエルシア薬局黒部三日市店【5:薬局】富山県黒部市三日市１２７２番地１" }, "geometry": { "type": "Point", "coordinates": [ 137.446932, 36.872208 ] } },
{ "type": "Feature", "properties": { "ID": 1655162000698, "正式名称": "オーク薬局呉羽本町店", "機関区分": 5, "都道府県コード": 16, "市区町村コード": 201, "所在地": "富山県富山市呉羽町３０２２番５", "緯度": 36.713774, "経度": 137.162669, "url": "https://www.iryou.teikyouseido.mhlw.go.jp/znk-web/juminkanja/S2430/initialize?prefCd=16&kikanCd=5162000698&kikanKbn=5", "url2": "https://www.rebila.jp/", "内容": "オーク薬局呉羽本町店【5:薬局】富山県富山市呉羽町３０２２番５" }, "geometry": { "type": "Point", "coordinates": [ 137.162669, 36.713774 ] } },
{ "type": "Feature", "properties": { "ID": 1655162000699, "正式名称": "ウエルシア薬局魚津住吉店", "機関区分": 5, "都道府県コード": 16, "市区町村コード": 204, "所在地": "富山県魚津市住吉５８７番地１　１階", "緯度": 36.805344, "経度": 137.406476, "url": "https://www.iryou.teikyouseido.mhlw.go.jp/znk-web/juminkanja/S2430/initialize?prefCd=16&kikanCd=5162000699&kikanKbn=5", "url2": "https://store.welcia.co.jp/welcia/spot/detail?code=8721D", "内容": "ウエルシア薬局魚津住吉店【5:薬局】富山県魚津市住吉５８７番地１　１階" }, "geometry": { "type": "Point", "coordinates": [ 137.406476, 36.805344 ] } },
{ "type": "Feature", "properties": { "ID": 1655162000702, "正式名称": "アルプ薬局富山針原店", "機関区分": 5, "都道府県コード": 16, "市区町村コード": 201, "所在地": "富山県富山市針原中町３３７番地４－２", "緯度": 36.724784, "経度": 137.26479, "url": "https://www.iryou.teikyouseido.mhlw.go.jp/znk-web/juminkanja/S2430/initialize?prefCd=16&kikanCd=5162000702&kikanKbn=5", "url2": "http://www.alp-grp.jp/", "内容": "アルプ薬局富山針原店【5:薬局】富山県富山市針原中町３３７番地４－２" }, "geometry": { "type": "Point", "coordinates": [ 137.26479, 36.724784 ] } },
{ "type": "Feature", "properties": { "ID": 1655162000703, "正式名称": "Ｖ・ｄｒｕｇ　富山二俣薬局", "機関区分": 5, "都道府県コード": 16, "市区町村コード": 201, "所在地": "富山県富山市二俣３７０－１", "緯度": 36.647187, "経度": 137.214662, "url": "https://www.iryou.teikyouseido.mhlw.go.jp/znk-web/juminkanja/S2430/initialize?prefCd=16&kikanCd=5162000703&kikanKbn=5", "url2": "http://www.chubuyakuhin.co.jp", "内容": "Ｖ・ｄｒｕｇ　富山二俣薬局【5:薬局】富山県富山市二俣３７０－１" }, "geometry": { "type": "Point", "coordinates": [ 137.214662, 36.647187 ] } },
{ "type": "Feature", "properties": { "ID": 1655162000705, "正式名称": "クスリのアオキ経堂薬局", "機関区分": 5, "都道府県コード": 16, "市区町村コード": 201, "所在地": "富山県富山市経堂三丁目７番２２号", "緯度": 36.689705, "経度": 137.252358, "url": "https://www.iryou.teikyouseido.mhlw.go.jp/znk-web/juminkanja/S2430/initialize?prefCd=16&kikanCd=5162000705&kikanKbn=5", "url2": "https://www.kusuri-aoki.co.jp/", "内容": "クスリのアオキ経堂薬局【5:薬局】富山県富山市経堂三丁目７番２２号" }, "geometry": { "type": "Point", "coordinates": [ 137.252358, 36.689705 ] } },
{ "type": "Feature", "properties": { "ID": 1655162000706, "正式名称": "クスリのアオキ本郷薬局", "機関区分": 5, "都道府県コード": 16, "市区町村コード": 201, "所在地": "富山県富山市本郷町３６０番地１", "緯度": 36.661288, "経度": 137.237137, "url": "https://www.iryou.teikyouseido.mhlw.go.jp/znk-web/juminkanja/S2430/initialize?prefCd=16&kikanCd=5162000706&kikanKbn=5", "url2": null, "内容": "クスリのアオキ本郷薬局【5:薬局】富山県富山市本郷町３６０番地１" }, "geometry": { "type": "Point", "coordinates": [ 137.237137, 36.661288 ] } },
{ "type": "Feature", "properties": { "ID": 1655162000707, "正式名称": "ウエルシア薬局砺波十年明店", "機関区分": 5, "都道府県コード": 16, "市区町村コード": 208, "所在地": "富山県砺波市十年明８４番地", "緯度": 36.652412, "経度": 136.964746, "url": "https://www.iryou.teikyouseido.mhlw.go.jp/znk-web/juminkanja/S2430/initialize?prefCd=16&kikanCd=5162000707&kikanKbn=5", "url2": "https://stores.welcia.co.jp/8706D", "内容": "ウエルシア薬局砺波十年明店【5:薬局】富山県砺波市十年明８４番地" }, "geometry": { "type": "Point", "coordinates": [ 136.964746, 36.652412 ] } },
{ "type": "Feature", "properties": { "ID": 1655162000708, "正式名称": "クスリのアオキ柳田薬局", "機関区分": 5, "都道府県コード": 16, "市区町村コード": 205, "所在地": "富山県氷見市柳田１９５０－１", "緯度": 36.83427, "経度": 136.993228, "url": "https://www.iryou.teikyouseido.mhlw.go.jp/znk-web/juminkanja/S2430/initialize?prefCd=16&kikanCd=5162000708&kikanKbn=5", "url2": "https://www.kusuri-aoki.co.jp/", "内容": "クスリのアオキ柳田薬局【5:薬局】富山県氷見市柳田１９５０－１" }, "geometry": { "type": "Point", "coordinates": [ 136.993228, 36.83427 ] } },
{ "type": "Feature", "properties": { "ID": 1655162000709, "正式名称": "クスリのアオキ中川栄薬局", "機関区分": 5, "都道府県コード": 16, "市区町村コード": 202, "所在地": "富山県高岡市中川栄町５番２０号", "緯度": 36.744463, "経度": 137.027785, "url": "https://www.iryou.teikyouseido.mhlw.go.jp/znk-web/juminkanja/S2430/initialize?prefCd=16&kikanCd=5162000709&kikanKbn=5", "url2": "https://www.kusuri-aoki.co.jp/", "内容": "クスリのアオキ中川栄薬局【5:薬局】富山県高岡市中川栄町５番２０号" }, "geometry": { "type": "Point", "coordinates": [ 137.027785, 36.744463 ] } },
{ "type": "Feature", "properties": { "ID": 1655162000712, "正式名称": "ウエルシア薬局黒部生地店", "機関区分": 5, "都道府県コード": 16, "市区町村コード": 207, "所在地": "富山県黒部市生地中区２１７－１", "緯度": 36.8904, "経度": 137.420019, "url": "https://www.iryou.teikyouseido.mhlw.go.jp/znk-web/juminkanja/S2430/initialize?prefCd=16&kikanCd=5162000712&kikanKbn=5", "url2": "https://www.welcia-yakkyoku.co.jp/", "内容": "ウエルシア薬局黒部生地店【5:薬局】富山県黒部市生地中区２１７－１" }, "geometry": { "type": "Point", "coordinates": [ 137.420019, 36.8904 ] } },
{ "type": "Feature", "properties": { "ID": 1655162000716, "正式名称": "クスリのアオキ向新庄薬局", "機関区分": 5, "都道府県コード": 16, "市区町村コード": 201, "所在地": "富山県富山市向新庄町２番４０号", "緯度": 36.702406, "経度": 137.264823, "url": "https://www.iryou.teikyouseido.mhlw.go.jp/znk-web/juminkanja/S2430/initialize?prefCd=16&kikanCd=5162000716&kikanKbn=5", "url2": "https://www.kusuri-aoki.co.jp/", "内容": "クスリのアオキ向新庄薬局【5:薬局】富山県富山市向新庄町２番４０号" }, "geometry": { "type": "Point", "coordinates": [ 137.264823, 36.702406 ] } },
{ "type": "Feature", "properties": { "ID": 1655162000717, "正式名称": "クスリのアオキ下大久保薬局", "機関区分": 5, "都道府県コード": 16, "市区町村コード": 201, "所在地": "富山県富山市下大久保１０９５番地１", "緯度": 36.611416, "経度": 137.208249, "url": "https://www.iryou.teikyouseido.mhlw.go.jp/znk-web/juminkanja/S2430/initialize?prefCd=16&kikanCd=5162000717&kikanKbn=5", "url2": "https://www.kusuri-aoki.co.jp/", "内容": "クスリのアオキ下大久保薬局【5:薬局】富山県富山市下大久保１０９５番地１" }, "geometry": { "type": "Point", "coordinates": [ 137.208249, 36.611416 ] } },
{ "type": "Feature", "properties": { "ID": 1655162000718, "正式名称": "スギ薬局　赤江店", "機関区分": 5, "都道府県コード": 16, "市区町村コード": 201, "所在地": "富山県富山市上赤江町二丁目２番２８号", "緯度": 36.713303, "経度": 137.232006, "url": "https://www.iryou.teikyouseido.mhlw.go.jp/znk-web/juminkanja/S2430/initialize?prefCd=16&kikanCd=5162000718&kikanKbn=5", "url2": "http://www.drug-sugi.co.jp/", "内容": "スギ薬局　赤江店【5:薬局】富山県富山市上赤江町二丁目２番２８号" }, "geometry": { "type": "Point", "coordinates": [ 137.232006, 36.713303 ] } },
{ "type": "Feature", "properties": { "ID": 1655162000720, "正式名称": "クスリのアオキ滑川薬局", "機関区分": 5, "都道府県コード": 16, "市区町村コード": 206, "所在地": "富山県滑川市柳原６１番地５", "緯度": 36.761549, "経度": 137.357655, "url": "https://www.iryou.teikyouseido.mhlw.go.jp/znk-web/juminkanja/S2430/initialize?prefCd=16&kikanCd=5162000720&kikanKbn=5", "url2": "https://www.kusuri-aoki.co.jp/", "内容": "クスリのアオキ滑川薬局【5:薬局】富山県滑川市柳原６１番地５" }, "geometry": { "type": "Point", "coordinates": [ 137.357655, 36.761549 ] } },
{ "type": "Feature", "properties": { "ID": 1655162000722, "正式名称": "スギ薬局　山室店", "機関区分": 5, "都道府県コード": 16, "市区町村コード": 201, "所在地": "富山県富山市中市１２９番地７", "緯度": 36.677514, "経度": 137.234705, "url": "https://www.iryou.teikyouseido.mhlw.go.jp/znk-web/juminkanja/S2430/initialize?prefCd=16&kikanCd=5162000722&kikanKbn=5", "url2": "http://www.drug-sugi.co.jp/", "内容": "スギ薬局　山室店【5:薬局】富山県富山市中市１２９番地７" }, "geometry": { "type": "Point", "coordinates": [ 137.234705, 36.677514 ] } },
{ "type": "Feature", "properties": { "ID": 1655162000725, "正式名称": "Ｖ・ｄｒｕｇ　魚津北鬼江薬局", "機関区分": 5, "都道府県コード": 16, "市区町村コード": 204, "所在地": "富山県魚津市北鬼江２丁目２１番５号", "緯度": 36.829862, "経度": 137.406126, "url": "https://www.iryou.teikyouseido.mhlw.go.jp/znk-web/juminkanja/S2430/initialize?prefCd=16&kikanCd=5162000725&kikanKbn=5", "url2": "http://www.vdrug.co.jp", "内容": "Ｖ・ｄｒｕｇ　魚津北鬼江薬局【5:薬局】富山県魚津市北鬼江２丁目２１番５号" }, "geometry": { "type": "Point", "coordinates": [ 137.406126, 36.829862 ] } },
{ "type": "Feature", "properties": { "ID": 1655162000726, "正式名称": "ドラッグセイムス富山神通本町薬局", "機関区分": 5, "都道府県コード": 16, "市区町村コード": 201, "所在地": "富山県富山市神通本町一丁目３番２１号", "緯度": 36.701958, "経度": 137.209572, "url": "https://www.iryou.teikyouseido.mhlw.go.jp/znk-web/juminkanja/S2430/initialize?prefCd=16&kikanCd=5162000726&kikanKbn=5", "url2": "https://www.moriki-group.info/", "内容": "ドラッグセイムス富山神通本町薬局【5:薬局】富山県富山市神通本町一丁目３番２１号" }, "geometry": { "type": "Point", "coordinates": [ 137.209572, 36.701958 ] } },
{ "type": "Feature", "properties": { "ID": 1655162000727, "正式名称": "オーク薬局水橋店", "機関区分": 5, "都道府県コード": 16, "市区町村コード": 201, "所在地": "富山県富山市水橋肘崎４３３番３", "緯度": 36.730072, "経度": 137.294008, "url": "https://www.iryou.teikyouseido.mhlw.go.jp/znk-web/juminkanja/S2430/initialize?prefCd=16&kikanCd=5162000727&kikanKbn=5", "url2": "https://www.rebila.jp/", "内容": "オーク薬局水橋店【5:薬局】富山県富山市水橋肘崎４３３番３" }, "geometry": { "type": "Point", "coordinates": [ 137.294008, 36.730072 ] } },
{ "type": "Feature", "properties": { "ID": 1655162000728, "正式名称": "オーク薬局秋吉店", "機関区分": 5, "都道府県コード": 16, "市区町村コード": 201, "所在地": "富山県富山市秋吉１３８番地２", "緯度": 36.678544, "経度": 137.245813, "url": "https://www.iryou.teikyouseido.mhlw.go.jp/znk-web/juminkanja/S2430/initialize?prefCd=16&kikanCd=5162000728&kikanKbn=5", "url2": "https://www.rebila.jp/", "内容": "オーク薬局秋吉店【5:薬局】富山県富山市秋吉１３８番地２" }, "geometry": { "type": "Point", "coordinates": [ 137.245813, 36.678544 ] } },
{ "type": "Feature", "properties": { "ID": 1655162000729, "正式名称": "スギ薬局　呉羽店", "機関区分": 5, "都道府県コード": 16, "市区町村コード": 201, "所在地": "富山県富山市茶屋町４６０番地１", "緯度": 36.707073, "経度": 137.177456, "url": "https://www.iryou.teikyouseido.mhlw.go.jp/znk-web/juminkanja/S2430/initialize?prefCd=16&kikanCd=5162000729&kikanKbn=5", "url2": "http://www.drug-sugi.co.jp/", "内容": "スギ薬局　呉羽店【5:薬局】富山県富山市茶屋町４６０番地１" }, "geometry": { "type": "Point", "coordinates": [ 137.177456, 36.707073 ] } },
{ "type": "Feature", "properties": { "ID": 1655162000730, "正式名称": "クスリのアオキ五福薬局", "機関区分": 5, "都道府県コード": 16, "市区町村コード": 201, "所在地": "富山県富山市五福５７２０番地２", "緯度": 36.701328, "経度": 137.197103, "url": "https://www.iryou.teikyouseido.mhlw.go.jp/znk-web/juminkanja/S2430/initialize?prefCd=16&kikanCd=5162000730&kikanKbn=5", "url2": "https://www.kusuri-aoki.co.jp/", "内容": "クスリのアオキ五福薬局【5:薬局】富山県富山市五福５７２０番地２" }, "geometry": { "type": "Point", "coordinates": [ 137.197103, 36.701328 ] } },
{ "type": "Feature", "properties": { "ID": 1655162000731, "正式名称": "チューリップ米沢薬局", "機関区分": 5, "都道府県コード": 16, "市区町村コード": 323, "所在地": "富山県中新川郡立山町米沢８番地１０", "緯度": 36.664279, "経度": 137.319052, "url": "https://www.iryou.teikyouseido.mhlw.go.jp/znk-web/juminkanja/S2430/initialize?prefCd=16&kikanCd=5162000731&kikanKbn=5", "url2": "https://www.tulip-tz.co.jp/storeinfo/store_yonezawa.html", "内容": "チューリップ米沢薬局【5:薬局】富山県中新川郡立山町米沢８番地１０" }, "geometry": { "type": "Point", "coordinates": [ 137.319052, 36.664279 ] } },
{ "type": "Feature", "properties": { "ID": 1655162000733, "正式名称": "アイン薬局済生会高岡病院店", "機関区分": 5, "都道府県コード": 16, "市区町村コード": 202, "所在地": "富山県高岡市二塚３８７番地１", "緯度": 36.720821, "経度": 137.014933, "url": "https://www.iryou.teikyouseido.mhlw.go.jp/znk-web/juminkanja/S2430/initialize?prefCd=16&kikanCd=5162000733&kikanKbn=5", "url2": "https://www.ainj.co.jp/", "内容": "アイン薬局済生会高岡病院店【5:薬局】富山県高岡市二塚３８７番地１" }, "geometry": { "type": "Point", "coordinates": [ 137.014933, 36.720821 ] } },
{ "type": "Feature", "properties": { "ID": 1655162000735, "正式名称": "スギ薬局　魚津本江店", "機関区分": 5, "都道府県コード": 16, "市区町村コード": 204, "所在地": "富山県魚津市本江２５７１番地１", "緯度": 36.819152, "経度": 137.411813, "url": "https://www.iryou.teikyouseido.mhlw.go.jp/znk-web/juminkanja/S2430/initialize?prefCd=16&kikanCd=5162000735&kikanKbn=5", "url2": "https://www.drug-sugi.co.jp/", "内容": "スギ薬局　魚津本江店【5:薬局】富山県魚津市本江２５７１番地１" }, "geometry": { "type": "Point", "coordinates": [ 137.411813, 36.819152 ] } },
{ "type": "Feature", "properties": { "ID": 1655162000736, "正式名称": "永楽町薬局", "機関区分": 5, "都道府県コード": 16, "市区町村コード": 201, "所在地": "富山県富山市永楽町２５－１１", "緯度": 36.703244, "経度": 137.219906, "url": "https://www.iryou.teikyouseido.mhlw.go.jp/znk-web/juminkanja/S2430/initialize?prefCd=16&kikanCd=5162000736&kikanKbn=5", "url2": "https://www.amall.co.jp/store/133", "内容": "永楽町薬局【5:薬局】富山県富山市永楽町２５－１１" }, "geometry": { "type": "Point", "coordinates": [ 137.219906, 36.703244 ] } },
{ "type": "Feature", "properties": { "ID": 1655162000737, "正式名称": "ひまわり薬局砺波店", "機関区分": 5, "都道府県コード": 16, "市区町村コード": 208, "所在地": "富山県砺波市中神三丁目３番地", "緯度": 36.6458, "経度": 136.948876, "url": "https://www.iryou.teikyouseido.mhlw.go.jp/znk-web/juminkanja/S2430/initialize?prefCd=16&kikanCd=5162000737&kikanKbn=5", "url2": "https://tc-pharmacy.com/", "内容": "ひまわり薬局砺波店【5:薬局】富山県砺波市中神三丁目３番地" }, "geometry": { "type": "Point", "coordinates": [ 136.948876, 36.6458 ] } },
{ "type": "Feature", "properties": { "ID": 1655162000741, "正式名称": "スギひかり薬局庄川店", "機関区分": 5, "都道府県コード": 16, "市区町村コード": 208, "所在地": "富山県砺波市庄川町示野４６２－３", "緯度": 36.573813, "経度": 136.980665, "url": "https://www.iryou.teikyouseido.mhlw.go.jp/znk-web/juminkanja/S2430/initialize?prefCd=16&kikanCd=5162000741&kikanKbn=5", "url2": "http://hikari-pharma.com", "内容": "スギひかり薬局庄川店【5:薬局】富山県砺波市庄川町示野４６２－３" }, "geometry": { "type": "Point", "coordinates": [ 136.980665, 36.573813 ] } },
{ "type": "Feature", "properties": { "ID": 1655162000744, "正式名称": "西尾薬局大泉店", "機関区分": 5, "都道府県コード": 16, "市区町村コード": 201, "所在地": "富山県富山市大泉東町二丁目１２番１０", "緯度": 36.680702, "経度": 137.228272, "url": "https://www.iryou.teikyouseido.mhlw.go.jp/znk-web/juminkanja/S2430/initialize?prefCd=16&kikanCd=5162000744&kikanKbn=5", "url2": "http://www.alterna-inc.jp/", "内容": "西尾薬局大泉店【5:薬局】富山県富山市大泉東町二丁目１２番１０" }, "geometry": { "type": "Point", "coordinates": [ 137.228272, 36.680702 ] } },
{ "type": "Feature", "properties": { "ID": 1655162000746, "正式名称": "きときと薬局布瀬店", "機関区分": 5, "都道府県コード": 16, "市区町村コード": 201, "所在地": "富山県富山市布瀬町南一丁目３番地１", "緯度": 36.676932, "経度": 137.200399, "url": "https://www.iryou.teikyouseido.mhlw.go.jp/znk-web/juminkanja/S2430/initialize?prefCd=16&kikanCd=5162000746&kikanKbn=5", "url2": null, "内容": "きときと薬局布瀬店【5:薬局】富山県富山市布瀬町南一丁目３番地１" }, "geometry": { "type": "Point", "coordinates": [ 137.200399, 36.676932 ] } },
{ "type": "Feature", "properties": { "ID": 1655162000747, "正式名称": "クスリのアオキ富山大島薬局", "機関区分": 5, "都道府県コード": 16, "市区町村コード": 201, "所在地": "富山県富山市大島二丁目３９４番地", "緯度": 36.672892, "経度": 137.270183, "url": "https://www.iryou.teikyouseido.mhlw.go.jp/znk-web/juminkanja/S2430/initialize?prefCd=16&kikanCd=5162000747&kikanKbn=5", "url2": "https://www.kusuri-aoki.co.jp/", "内容": "クスリのアオキ富山大島薬局【5:薬局】富山県富山市大島二丁目３９４番地" }, "geometry": { "type": "Point", "coordinates": [ 137.270183, 36.672892 ] } },
{ "type": "Feature", "properties": { "ID": 1655162000748, "正式名称": "クスリのアオキ八尾南薬局", "機関区分": 5, "都道府県コード": 16, "市区町村コード": 201, "所在地": "富山県富山市八尾町井田４９４８番地３", "緯度": 36.593087, "経度": 137.147266, "url": "https://www.iryou.teikyouseido.mhlw.go.jp/znk-web/juminkanja/S2430/initialize?prefCd=16&kikanCd=5162000748&kikanKbn=5", "url2": "https://www.kusuri-aoki.co.jp/", "内容": "クスリのアオキ八尾南薬局【5:薬局】富山県富山市八尾町井田４９４８番地３" }, "geometry": { "type": "Point", "coordinates": [ 137.147266, 36.593087 ] } },
{ "type": "Feature", "properties": { "ID": 1655162000749, "正式名称": "ながさわ薬局", "機関区分": 5, "都道府県コード": 16, "市区町村コード": 202, "所在地": "富山県高岡市伏木矢田上町８－３５", "緯度": 36.787293, "経度": 137.047656, "url": "https://www.iryou.teikyouseido.mhlw.go.jp/znk-web/juminkanja/S2430/initialize?prefCd=16&kikanCd=5162000749&kikanKbn=5", "url2": "https://www.e-classa.net/9330123ngsw-pharmacy", "内容": "ながさわ薬局【5:薬局】富山県高岡市伏木矢田上町８－３５" }, "geometry": { "type": "Point", "coordinates": [ 137.047656, 36.787293 ] } },
{ "type": "Feature", "properties": { "ID": 1655162000750, "正式名称": "クローバーうさか薬局", "機関区分": 5, "都道府県コード": 16, "市区町村コード": 201, "所在地": "富山県富山市婦中町下轡田６６３番地１", "緯度": 36.667562, "経度": 137.17665, "url": "https://www.iryou.teikyouseido.mhlw.go.jp/znk-web/juminkanja/S2430/initialize?prefCd=16&kikanCd=5162000750&kikanKbn=5", "url2": null, "内容": "クローバーうさか薬局【5:薬局】富山県富山市婦中町下轡田６６３番地１" }, "geometry": { "type": "Point", "coordinates": [ 137.17665, 36.667562 ] } },
{ "type": "Feature", "properties": { "ID": 1655162000751, "正式名称": "ありがとう薬局", "機関区分": 5, "都道府県コード": 16, "市区町村コード": 201, "所在地": "富山県富山市稲荷元町１丁目９番１号　クリニックモール稲荷元町１階", "緯度": 36.696588, "経度": 137.226211, "url": "https://www.iryou.teikyouseido.mhlw.go.jp/znk-web/juminkanja/S2430/initialize?prefCd=16&kikanCd=5162000751&kikanKbn=5", "url2": null, "内容": "ありがとう薬局【5:薬局】富山県富山市稲荷元町１丁目９番１号　クリニックモール稲荷元町１階" }, "geometry": { "type": "Point", "coordinates": [ 137.226211, 36.696588 ] } },
{ "type": "Feature", "properties": { "ID": 1655162000752, "正式名称": "クスリのアオキ新根塚薬局", "機関区分": 5, "都道府県コード": 16, "市区町村コード": 201, "所在地": "富山県富山市新根塚町一丁目１番６３号", "緯度": 36.681769, "経度": 137.20283, "url": "https://www.iryou.teikyouseido.mhlw.go.jp/znk-web/juminkanja/S2430/initialize?prefCd=16&kikanCd=5162000752&kikanKbn=5", "url2": "https://www.kusuri-aoki.co.jp/", "内容": "クスリのアオキ新根塚薬局【5:薬局】富山県富山市新根塚町一丁目１番６３号" }, "geometry": { "type": "Point", "coordinates": [ 137.20283, 36.681769 ] } },
{ "type": "Feature", "properties": { "ID": 1655162000753, "正式名称": "クスリのアオキ能町薬局", "機関区分": 5, "都道府県コード": 16, "市区町村コード": 202, "所在地": "富山県高岡市能町９３８番地１", "緯度": 36.771732, "経度": 137.046624, "url": "https://www.iryou.teikyouseido.mhlw.go.jp/znk-web/juminkanja/S2430/initialize?prefCd=16&kikanCd=5162000753&kikanKbn=5", "url2": "https://www.kusuri-aoki.co.jp/", "内容": "クスリのアオキ能町薬局【5:薬局】富山県高岡市能町９３８番地１" }, "geometry": { "type": "Point", "coordinates": [ 137.046624, 36.771732 ] } },
{ "type": "Feature", "properties": { "ID": 1655162000754, "正式名称": "ぽんぽこ調剤薬局", "機関区分": 5, "都道府県コード": 16, "市区町村コード": 201, "所在地": "富山県富山市太郎丸本町一丁目６－２２", "緯度": 36.676745, "経度": 137.212788, "url": "https://www.iryou.teikyouseido.mhlw.go.jp/znk-web/juminkanja/S2430/initialize?prefCd=16&kikanCd=5162000754&kikanKbn=5", "url2": null, "内容": "ぽんぽこ調剤薬局【5:薬局】富山県富山市太郎丸本町一丁目６－２２" }, "geometry": { "type": "Point", "coordinates": [ 137.212788, 36.676745 ] } },
{ "type": "Feature", "properties": { "ID": 1655162000755, "正式名称": "ドラッグセイムス羽根薬局", "機関区分": 5, "都道府県コード": 16, "市区町村コード": 201, "所在地": "富山県富山市羽根１３９９－１", "緯度": 36.677607, "経度": 137.184978, "url": "https://www.iryou.teikyouseido.mhlw.go.jp/znk-web/juminkanja/S2430/initialize?prefCd=16&kikanCd=5162000755&kikanKbn=5", "url2": "https://www.moriki-group.info/", "内容": "ドラッグセイムス羽根薬局【5:薬局】富山県富山市羽根１３９９－１" }, "geometry": { "type": "Point", "coordinates": [ 137.184978, 36.677607 ] } },
{ "type": "Feature", "properties": { "ID": 1655162000756, "正式名称": "山崎薬局", "機関区分": 5, "都道府県コード": 16, "市区町村コード": 211, "所在地": "富山県射水市大門２６９", "緯度": 36.73433, "経度": 137.046789, "url": "https://www.iryou.teikyouseido.mhlw.go.jp/znk-web/juminkanja/S2430/initialize?prefCd=16&kikanCd=5162000756&kikanKbn=5", "url2": null, "内容": "山崎薬局【5:薬局】富山県射水市大門２６９" }, "geometry": { "type": "Point", "coordinates": [ 137.046789, 36.73433 ] } },
{ "type": "Feature", "properties": { "ID": 1655162000758, "正式名称": "瑠璃光薬局　富山駅前店", "機関区分": 5, "都道府県コード": 16, "市区町村コード": 201, "所在地": "富山県富山市新富町一丁目１－４　α－１ビル１階", "緯度": 36.700252, "経度": 137.211764, "url": "https://www.iryou.teikyouseido.mhlw.go.jp/znk-web/juminkanja/S2430/initialize?prefCd=16&kikanCd=5162000758&kikanKbn=5", "url2": "http://www.rurikou.jp", "内容": "瑠璃光薬局　富山駅前店【5:薬局】富山県富山市新富町一丁目１－４　α－１ビル１階" }, "geometry": { "type": "Point", "coordinates": [ 137.211764, 36.700252 ] } },
{ "type": "Feature", "properties": { "ID": 1655162000761, "正式名称": "あんず薬局　滑川店", "機関区分": 5, "都道府県コード": 16, "市区町村コード": 206, "所在地": "富山県滑川市常盤町６２３番地", "緯度": 36.769707, "経度": 137.34479, "url": "https://www.iryou.teikyouseido.mhlw.go.jp/znk-web/juminkanja/S2430/initialize?prefCd=16&kikanCd=5162000761&kikanKbn=5", "url2": "https://www.facebook.com/apricot.anzu.pharmacy", "内容": "あんず薬局　滑川店【5:薬局】富山県滑川市常盤町６２３番地" }, "geometry": { "type": "Point", "coordinates": [ 137.34479, 36.769707 ] } },
{ "type": "Feature", "properties": { "ID": 1655162000764, "正式名称": "クスリのアオキ立野薬局", "機関区分": 5, "都道府県コード": 16, "市区町村コード": 202, "所在地": "富山県高岡市立野７１８番地１", "緯度": 36.728896, "経度": 136.961015, "url": "https://www.iryou.teikyouseido.mhlw.go.jp/znk-web/juminkanja/S2430/initialize?prefCd=16&kikanCd=5162000764&kikanKbn=5", "url2": "https://www.kusuri-aoki.co.jp/", "内容": "クスリのアオキ立野薬局【5:薬局】富山県高岡市立野７１８番地１" }, "geometry": { "type": "Point", "coordinates": [ 136.961015, 36.728896 ] } },
{ "type": "Feature", "properties": { "ID": 1655162000765, "正式名称": "ユーカリ薬局", "機関区分": 5, "都道府県コード": 16, "市区町村コード": 202, "所在地": "富山県高岡市野村８７１－１", "緯度": 36.74998, "経度": 137.038518, "url": "https://www.iryou.teikyouseido.mhlw.go.jp/znk-web/juminkanja/S2430/initialize?prefCd=16&kikanCd=5162000765&kikanKbn=5", "url2": null, "内容": "ユーカリ薬局【5:薬局】富山県高岡市野村８７１－１" }, "geometry": { "type": "Point", "coordinates": [ 137.038518, 36.74998 ] } }
]
}
