{
"type": "FeatureCollection",
"name": "geo_16_2",
"crs": { "type": "name", "properties": { "name": "urn:ogc:def:crs:OGC:1.3:CRS84" } },
"features": [
{ "type": "Feature", "properties": { "ID": 1621160212068, "正式名称": "吉田内科小児科", "機関区分": 2, "都道府県コード": 16, "市区町村コード": 202, "所在地": "富山県高岡市木町１", "緯度": 36.761115, "経度": 137.013497, "url": "https://www.iryou.teikyouseido.mhlw.go.jp/znk-web/juminkanja/S2430/initialize?prefCd=16&kikanCd=1160212068&kikanKbn=2", "url2": null, "内容": "吉田内科小児科【2:診療所】【診療科目:内科_小児科】富山県高岡市木町１" }, "geometry": { "type": "Point", "coordinates": [ 137.013497, 36.761115 ] } },
{ "type": "Feature", "properties": { "ID": 1621610119776, "正式名称": "医療法人社団　舌野クリニック　富山婦人科・小児科　舌野クリニック", "機関区分": 2, "都道府県コード": 16, "市区町村コード": 201, "所在地": "富山県富山市秋吉１３８－１", "緯度": 36.678672, "経度": 137.245887, "url": "https://www.iryou.teikyouseido.mhlw.go.jp/znk-web/juminkanja/S2430/initialize?prefCd=16&kikanCd=1610119776&kikanKbn=2", "url2": "https://www.shitano-clinic.com/", "内容": "医療法人社団　舌野クリニック　富山婦人科・小児科　舌野クリニック【2:診療所】【診療科目:小児科_小児皮膚科_アレルギー科_婦人科_産婦人科（生殖医療）_婦人科_アレルギー科】富山県富山市秋吉１３８－１" }, "geometry": { "type": "Point", "coordinates": [ 137.245887, 36.678672 ] } },
{ "type": "Feature", "properties": { "ID": 1622160110759, "正式名称": "寺田皮ふ科形成外科医院", "機関区分": 2, "都道府県コード": 16, "市区町村コード": 201, "所在地": "富山県富山市白銀町１－８", "緯度": 36.691487, "経度": 137.217372, "url": "https://www.iryou.teikyouseido.mhlw.go.jp/znk-web/juminkanja/S2430/initialize?prefCd=16&kikanCd=2160110759&kikanKbn=2", "url2": "https://www.terada-hifuka.com/", "内容": "寺田皮ふ科形成外科医院【2:診療所】【診療科目:形成外科_皮膚科_美容皮膚科_泌尿器科】富山県富山市白銀町１－８" }, "geometry": { "type": "Point", "coordinates": [ 137.217372, 36.691487 ] } },
{ "type": "Feature", "properties": { "ID": 1622160112516, "正式名称": "野原内科医院", "機関区分": 2, "都道府県コード": 16, "市区町村コード": 201, "所在地": "富山県富山市向新庄２００－２１", "緯度": 36.698043, "経度": 137.265146, "url": "https://www.iryou.teikyouseido.mhlw.go.jp/znk-web/juminkanja/S2430/initialize?prefCd=16&kikanCd=2160112516&kikanKbn=2", "url2": null, "内容": "野原内科医院【2:診療所】【診療科目:内科_内分泌内科_糖尿病・代謝内科】富山県富山市向新庄２００－２１" }, "geometry": { "type": "Point", "coordinates": [ 137.265146, 36.698043 ] } },
{ "type": "Feature", "properties": { "ID": 1622160112755, "正式名称": "堀川篁内科外科医院", "機関区分": 2, "都道府県コード": 16, "市区町村コード": 201, "所在地": "富山県富山市堀川小泉町１丁目１７－７", "緯度": 36.6761, "経度": 137.221567, "url": "https://www.iryou.teikyouseido.mhlw.go.jp/znk-web/juminkanja/S2430/initialize?prefCd=16&kikanCd=2160112755&kikanKbn=2", "url2": null, "内容": "堀川篁内科外科医院【2:診療所】【診療科目:内科_呼吸器内科_循環器内科_消化器内科_胃腸内科_外科_肛門外科_整形外科_心療内科_アレルギー科_リウマチ科】富山県富山市堀川小泉町１丁目１７－７" }, "geometry": { "type": "Point", "coordinates": [ 137.221567, 36.6761 ] } },
{ "type": "Feature", "properties": { "ID": 1622160112789, "正式名称": "医療法人社団　安元整形外科", "機関区分": 2, "都道府県コード": 16, "市区町村コード": 201, "所在地": "富山県富山市茶屋町４１８", "緯度": 36.707652, "経度": 137.178597, "url": "https://www.iryou.teikyouseido.mhlw.go.jp/znk-web/juminkanja/S2430/initialize?prefCd=16&kikanCd=2160112789&kikanKbn=2", "url2": null, "内容": "医療法人社団　安元整形外科【2:診療所】【診療科目:整形外科_リウマチ科_リハビリテーション科】富山県富山市茶屋町４１８" }, "geometry": { "type": "Point", "coordinates": [ 137.178597, 36.707652 ] } },
{ "type": "Feature", "properties": { "ID": 1622160112805, "正式名称": "寺島医院", "機関区分": 2, "都道府県コード": 16, "市区町村コード": 201, "所在地": "富山県富山市下奥井１丁目２３－５０", "緯度": 36.712263, "経度": 137.225565, "url": "https://www.iryou.teikyouseido.mhlw.go.jp/znk-web/juminkanja/S2430/initialize?prefCd=16&kikanCd=2160112805&kikanKbn=2", "url2": null, "内容": "寺島医院【2:診療所】【診療科目:内科_呼吸器内科_アレルギー科】富山県富山市下奥井１丁目２３－５０" }, "geometry": { "type": "Point", "coordinates": [ 137.225565, 36.712263 ] } },
{ "type": "Feature", "properties": { "ID": 1622160112870, "正式名称": "藤田内科医院", "機関区分": 2, "都道府県コード": 16, "市区町村コード": 201, "所在地": "富山県富山市堀川小泉町１丁目１９－３", "緯度": 36.675934, "経度": 137.22265, "url": "https://www.iryou.teikyouseido.mhlw.go.jp/znk-web/juminkanja/S2430/initialize?prefCd=16&kikanCd=2160112870&kikanKbn=2", "url2": null, "内容": "藤田内科医院【2:診療所】【診療科目:内科】富山県富山市堀川小泉町１丁目１９－３" }, "geometry": { "type": "Point", "coordinates": [ 137.22265, 36.675934 ] } },
{ "type": "Feature", "properties": { "ID": 1622160113043, "正式名称": "富山市・医師会急患センター", "機関区分": 2, "都道府県コード": 16, "市区町村コード": 201, "所在地": "富山県富山市今泉北部町２－７６", "緯度": 36.672989, "経度": 137.212151, "url": "https://www.iryou.teikyouseido.mhlw.go.jp/znk-web/juminkanja/S2430/initialize?prefCd=16&kikanCd=2160113043&kikanKbn=2", "url2": null, "内容": "富山市・医師会急患センター【2:診療所】【診療科目:内科_外科_小児科_眼科_耳鼻いんこう科_皮膚科】富山県富山市今泉北部町２－７６" }, "geometry": { "type": "Point", "coordinates": [ 137.212151, 36.672989 ] } },
{ "type": "Feature", "properties": { "ID": 1622160113084, "正式名称": "八田眼科医院", "機関区分": 2, "都道府県コード": 16, "市区町村コード": 201, "所在地": "富山県富山市西長江１丁目１－５", "緯度": 36.694528, "経度": 137.233778, "url": "https://www.iryou.teikyouseido.mhlw.go.jp/znk-web/juminkanja/S2430/initialize?prefCd=16&kikanCd=2160113084&kikanKbn=2", "url2": null, "内容": "八田眼科医院【2:診療所】【診療科目:眼科】富山県富山市西長江１丁目１－５" }, "geometry": { "type": "Point", "coordinates": [ 137.233778, 36.694528 ] } },
{ "type": "Feature", "properties": { "ID": 1622160113126, "正式名称": "岩城内科医院", "機関区分": 2, "都道府県コード": 16, "市区町村コード": 201, "所在地": "富山県富山市茶屋町８５－２", "緯度": 36.710457, "経度": 137.179291, "url": "https://www.iryou.teikyouseido.mhlw.go.jp/znk-web/juminkanja/S2430/initialize?prefCd=16&kikanCd=2160113126&kikanKbn=2", "url2": "https://iwakinaikaiin.com", "内容": "岩城内科医院【2:診療所】【診療科目:内科_循環器内科_消化器内科_小児科】富山県富山市茶屋町８５－２" }, "geometry": { "type": "Point", "coordinates": [ 137.179291, 36.710457 ] } },
{ "type": "Feature", "properties": { "ID": 1622160113241, "正式名称": "和合整形外科医院", "機関区分": 2, "都道府県コード": 16, "市区町村コード": 201, "所在地": "富山県富山市布目１９８１－１", "緯度": 36.746592, "経度": 137.190261, "url": "https://www.iryou.teikyouseido.mhlw.go.jp/znk-web/juminkanja/S2430/initialize?prefCd=16&kikanCd=2160113241&kikanKbn=2", "url2": "http://hp.health.ne.jp/bamboo/index.html", "内容": "和合整形外科医院【2:診療所】【診療科目:内科_整形外科_歯科_リウマチ科_リハビリテーション科】富山県富山市布目１９８１－１" }, "geometry": { "type": "Point", "coordinates": [ 137.190261, 36.746592 ] } },
{ "type": "Feature", "properties": { "ID": 1622160113290, "正式名称": "高橋耳鼻咽喉科医院", "機関区分": 2, "都道府県コード": 16, "市区町村コード": 201, "所在地": "富山県富山市奥田寿町２０－１２", "緯度": 36.705097, "経度": 137.220733, "url": "https://www.iryou.teikyouseido.mhlw.go.jp/znk-web/juminkanja/S2430/initialize?prefCd=16&kikanCd=2160113290&kikanKbn=2", "url2": null, "内容": "高橋耳鼻咽喉科医院【2:診療所】【診療科目:耳鼻いんこう科】富山県富山市奥田寿町２０－１２" }, "geometry": { "type": "Point", "coordinates": [ 137.220733, 36.705097 ] } },
{ "type": "Feature", "properties": { "ID": 1622160113357, "正式名称": "かね医院", "機関区分": 2, "都道府県コード": 16, "市区町村コード": 201, "所在地": "富山県富山市中川原新町６５", "緯度": 36.677823, "経度": 137.241093, "url": "https://www.iryou.teikyouseido.mhlw.go.jp/znk-web/juminkanja/S2430/initialize?prefCd=16&kikanCd=2160113357&kikanKbn=2", "url2": null, "内容": "かね医院【2:診療所】【診療科目:内科】富山県富山市中川原新町６５" }, "geometry": { "type": "Point", "coordinates": [ 137.241093, 36.677823 ] } },
{ "type": "Feature", "properties": { "ID": 1622160113464, "正式名称": "つねだ内科医院", "機関区分": 2, "都道府県コード": 16, "市区町村コード": 201, "所在地": "富山県富山市西中野本町８－１", "緯度": 36.680544, "経度": 137.217067, "url": "https://www.iryou.teikyouseido.mhlw.go.jp/znk-web/juminkanja/S2430/initialize?prefCd=16&kikanCd=2160113464&kikanKbn=2", "url2": null, "内容": "つねだ内科医院【2:診療所】【診療科目:内科_糖尿病内科_循環器内科_アレルギー科】富山県富山市西中野本町８－１" }, "geometry": { "type": "Point", "coordinates": [ 137.217067, 36.680544 ] } },
{ "type": "Feature", "properties": { "ID": 1622160113613, "正式名称": "富山中央診療所", "機関区分": 2, "都道府県コード": 16, "市区町村コード": 201, "所在地": "富山県富山市掛尾町５００", "緯度": 36.663073, "経度": 137.205745, "url": "https://www.iryou.teikyouseido.mhlw.go.jp/znk-web/juminkanja/S2430/initialize?prefCd=16&kikanCd=2160113613&kikanKbn=2", "url2": null, "内容": "富山中央診療所【2:診療所】【診療科目:内科_脳神経内科_精神科】富山県富山市掛尾町５００" }, "geometry": { "type": "Point", "coordinates": [ 137.205745, 36.663073 ] } },
{ "type": "Feature", "properties": { "ID": 1622160113688, "正式名称": "福田医院", "機関区分": 2, "都道府県コード": 16, "市区町村コード": 201, "所在地": "富山県富山市室町通り１－１－２６", "緯度": 36.688377, "経度": 137.219317, "url": "https://www.iryou.teikyouseido.mhlw.go.jp/znk-web/juminkanja/S2430/initialize?prefCd=16&kikanCd=2160113688&kikanKbn=2", "url2": null, "内容": "福田医院【2:診療所】【診療科目:内科_神経内科_精神科】富山県富山市室町通り１－１－２６" }, "geometry": { "type": "Point", "coordinates": [ 137.219317, 36.688377 ] } },
{ "type": "Feature", "properties": { "ID": 1622160113696, "正式名称": "山脇医院", "機関区分": 2, "都道府県コード": 16, "市区町村コード": 201, "所在地": "富山県富山市大町１４－２", "緯度": 36.668184, "経度": 137.227317, "url": "https://www.iryou.teikyouseido.mhlw.go.jp/znk-web/juminkanja/S2430/initialize?prefCd=16&kikanCd=2160113696&kikanKbn=2", "url2": null, "内容": "山脇医院【2:診療所】【診療科目:内科_消化器内科_胃腸内科】富山県富山市大町１４－２" }, "geometry": { "type": "Point", "coordinates": [ 137.227317, 36.668184 ] } },
{ "type": "Feature", "properties": { "ID": 1622160113704, "正式名称": "大野胃腸外科医院・乳腺外科", "機関区分": 2, "都道府県コード": 16, "市区町村コード": 201, "所在地": "富山県富山市赤田７７８", "緯度": 36.656713, "経度": 137.215096, "url": "https://www.iryou.teikyouseido.mhlw.go.jp/znk-web/juminkanja/S2430/initialize?prefCd=16&kikanCd=2160113704&kikanKbn=2", "url2": "https://www.ohnoichougeka-nyusen.com", "内容": "大野胃腸外科医院・乳腺外科【2:診療所】【診療科目:内科_消化器内科_胃腸内科_外科_乳腺外科_肛門外科】富山県富山市赤田７７８" }, "geometry": { "type": "Point", "coordinates": [ 137.215096, 36.656713 ] } },
{ "type": "Feature", "properties": { "ID": 1622160113712, "正式名称": "医療法人社団八木小児科医院", "機関区分": 2, "都道府県コード": 16, "市区町村コード": 201, "所在地": "富山県富山市奥田寿町７－１４", "緯度": 36.706319, "経度": 137.220705, "url": "https://www.iryou.teikyouseido.mhlw.go.jp/znk-web/juminkanja/S2430/initialize?prefCd=16&kikanCd=2160113712&kikanKbn=2", "url2": "http://blog.goo.ne.jp/yagishinn", "内容": "医療法人社団八木小児科医院【2:診療所】【診療科目:小児科】富山県富山市奥田寿町７－１４" }, "geometry": { "type": "Point", "coordinates": [ 137.220705, 36.706319 ] } },
{ "type": "Feature", "properties": { "ID": 1622160113720, "正式名称": "月岡クリニック", "機関区分": 2, "都道府県コード": 16, "市区町村コード": 201, "所在地": "富山県富山市月岡町６－１０８", "緯度": 36.634605, "経度": 137.241651, "url": "https://www.iryou.teikyouseido.mhlw.go.jp/znk-web/juminkanja/S2430/initialize?prefCd=16&kikanCd=2160113720&kikanKbn=2", "url2": "http://www.tukioka-clinic.com", "内容": "月岡クリニック【2:診療所】【診療科目:内科_外科_肛門外科】富山県富山市月岡町６－１０８" }, "geometry": { "type": "Point", "coordinates": [ 137.241651, 36.634605 ] } },
{ "type": "Feature", "properties": { "ID": 1622160113878, "正式名称": "島耳鼻咽喉科医院", "機関区分": 2, "都道府県コード": 16, "市区町村コード": 201, "所在地": "富山県富山市上本町５－２９", "緯度": 36.685533, "経度": 137.216077, "url": "https://www.iryou.teikyouseido.mhlw.go.jp/znk-web/juminkanja/S2430/initialize?prefCd=16&kikanCd=2160113878&kikanKbn=2", "url2": "shima-jibika.com", "内容": "島耳鼻咽喉科医院【2:診療所】【診療科目:耳鼻いんこう科_アレルギー科】富山県富山市上本町５－２９" }, "geometry": { "type": "Point", "coordinates": [ 137.216077, 36.685533 ] } },
{ "type": "Feature", "properties": { "ID": 1622160113944, "正式名称": "山田祐司眼科医院", "機関区分": 2, "都道府県コード": 16, "市区町村コード": 201, "所在地": "富山県富山市堀川小泉町１－１－５", "緯度": 36.678683, "経度": 137.219567, "url": "https://www.iryou.teikyouseido.mhlw.go.jp/znk-web/juminkanja/S2430/initialize?prefCd=16&kikanCd=2160113944&kikanKbn=2", "url2": "http://www.yamada-yuji-ganka.com/", "内容": "山田祐司眼科医院【2:診療所】【診療科目:眼科】富山県富山市堀川小泉町１－１－５" }, "geometry": { "type": "Point", "coordinates": [ 137.219567, 36.678683 ] } },
{ "type": "Feature", "properties": { "ID": 1622160113969, "正式名称": "本江整形外科医院", "機関区分": 2, "都道府県コード": 16, "市区町村コード": 201, "所在地": "富山県富山市奥田新町１７－１", "緯度": 36.704264, "経度": 137.218233, "url": "https://www.iryou.teikyouseido.mhlw.go.jp/znk-web/juminkanja/S2430/initialize?prefCd=16&kikanCd=2160113969&kikanKbn=2", "url2": null, "内容": "本江整形外科医院【2:診療所】【診療科目:内科_外科_整形外科_形成外科_リハビリテーション科】富山県富山市奥田新町１７－１" }, "geometry": { "type": "Point", "coordinates": [ 137.218233, 36.704264 ] } },
{ "type": "Feature", "properties": { "ID": 1622160114058, "正式名称": "富山医療生活協同組合　富山診療所", "機関区分": 2, "都道府県コード": 16, "市区町村コード": 201, "所在地": "富山県富山市千石町２－２－６", "緯度": 36.686811, "経度": 137.208745, "url": "https://www.iryou.teikyouseido.mhlw.go.jp/znk-web/juminkanja/S2430/initialize?prefCd=16&kikanCd=2160114058&kikanKbn=2", "url2": "https://toyama-hcoop.com", "内容": "富山医療生活協同組合　富山診療所【2:診療所】【診療科目:内科】富山県富山市千石町２－２－６" }, "geometry": { "type": "Point", "coordinates": [ 137.208745, 36.686811 ] } },
{ "type": "Feature", "properties": { "ID": 1622160114165, "正式名称": "医療法人社団清省会　元町内科医院", "機関区分": 2, "都道府県コード": 16, "市区町村コード": 201, "所在地": "富山県富山市元町１丁目２－１７", "緯度": 36.688932, "経度": 137.228288, "url": "https://www.iryou.teikyouseido.mhlw.go.jp/znk-web/juminkanja/S2430/initialize?prefCd=16&kikanCd=2160114165&kikanKbn=2", "url2": "http://www.motomachi-naika.com", "内容": "医療法人社団清省会　元町内科医院【2:診療所】【診療科目:内科】富山県富山市元町１丁目２－１７" }, "geometry": { "type": "Point", "coordinates": [ 137.228288, 36.688932 ] } },
{ "type": "Feature", "properties": { "ID": 1622160114215, "正式名称": "里村クリニック", "機関区分": 2, "都道府県コード": 16, "市区町村コード": 201, "所在地": "富山県富山市稲荷元町２丁目１－１２", "緯度": 36.697542, "経度": 137.22926, "url": "https://www.iryou.teikyouseido.mhlw.go.jp/znk-web/juminkanja/S2430/initialize?prefCd=16&kikanCd=2160114215&kikanKbn=2", "url2": null, "内容": "里村クリニック【2:診療所】【診療科目:内科_リハビリテーション科_麻酔科】富山県富山市稲荷元町２丁目１－１２" }, "geometry": { "type": "Point", "coordinates": [ 137.22926, 36.697542 ] } },
{ "type": "Feature", "properties": { "ID": 1622160114413, "正式名称": "北の森耳鼻咽喉科医院", "機関区分": 2, "都道府県コード": 16, "市区町村コード": 201, "所在地": "富山県富山市森３－３－１６", "緯度": 36.747593, "経度": 137.234591, "url": "https://www.iryou.teikyouseido.mhlw.go.jp/znk-web/juminkanja/S2430/initialize?prefCd=16&kikanCd=2160114413&kikanKbn=2", "url2": "https://www.kitanomori.net", "内容": "北の森耳鼻咽喉科医院【2:診療所】【診療科目:耳鼻いんこう科_アレルギー科】富山県富山市森３－３－１６" }, "geometry": { "type": "Point", "coordinates": [ 137.234591, 36.747593 ] } },
{ "type": "Feature", "properties": { "ID": 1622160114462, "正式名称": "本定内科クリニック", "機関区分": 2, "都道府県コード": 16, "市区町村コード": 201, "所在地": "富山県富山市藤木１９６２－２", "緯度": 36.685933, "経度": 137.269674, "url": "https://www.iryou.teikyouseido.mhlw.go.jp/znk-web/juminkanja/S2430/initialize?prefCd=16&kikanCd=2160114462&kikanKbn=2", "url2": null, "内容": "本定内科クリニック【2:診療所】【診療科目:内科_消化器内科_小児科】富山県富山市藤木１９６２－２" }, "geometry": { "type": "Point", "coordinates": [ 137.269674, 36.685933 ] } },
{ "type": "Feature", "properties": { "ID": 1622160114488, "正式名称": "田中眼科医院", "機関区分": 2, "都道府県コード": 16, "市区町村コード": 201, "所在地": "富山県富山市上堀町７１－１", "緯度": 36.656852, "経度": 137.230206, "url": "https://www.iryou.teikyouseido.mhlw.go.jp/znk-web/juminkanja/S2430/initialize?prefCd=16&kikanCd=2160114488&kikanKbn=2", "url2": null, "内容": "田中眼科医院【2:診療所】【診療科目:眼科】富山県富山市上堀町７１－１" }, "geometry": { "type": "Point", "coordinates": [ 137.230206, 36.656852 ] } },
{ "type": "Feature", "properties": { "ID": 1622160114504, "正式名称": "吉田内科クリニック", "機関区分": 2, "都道府県コード": 16, "市区町村コード": 201, "所在地": "富山県富山市吉作３５５", "緯度": 36.710512, "経度": 137.163709, "url": "https://www.iryou.teikyouseido.mhlw.go.jp/znk-web/juminkanja/S2430/initialize?prefCd=16&kikanCd=2160114504&kikanKbn=2", "url2": null, "内容": "吉田内科クリニック【2:診療所】【診療科目:内科_小児科】富山県富山市吉作３５５" }, "geometry": { "type": "Point", "coordinates": [ 137.163709, 36.710512 ] } },
{ "type": "Feature", "properties": { "ID": 1622160114520, "正式名称": "石田眼科医院", "機関区分": 2, "都道府県コード": 16, "市区町村コード": 201, "所在地": "富山県富山市上赤江町２丁目１０番１６号", "緯度": 36.709569, "経度": 137.231232, "url": "https://www.iryou.teikyouseido.mhlw.go.jp/znk-web/juminkanja/S2430/initialize?prefCd=16&kikanCd=2160114520&kikanKbn=2", "url2": null, "内容": "石田眼科医院【2:診療所】【診療科目:眼科】富山県富山市上赤江町２丁目１０番１６号" }, "geometry": { "type": "Point", "coordinates": [ 137.231232, 36.709569 ] } },
{ "type": "Feature", "properties": { "ID": 1622160114553, "正式名称": "長井皮膚科医院", "機関区分": 2, "都道府県コード": 16, "市区町村コード": 201, "所在地": "富山県富山市奥田双葉町１１－１３", "緯度": 36.70793, "経度": 137.22151, "url": "https://www.iryou.teikyouseido.mhlw.go.jp/znk-web/juminkanja/S2430/initialize?prefCd=16&kikanCd=2160114553&kikanKbn=2", "url2": "http://nagaihifuka.com/", "内容": "長井皮膚科医院【2:診療所】【診療科目:皮膚科_美容皮膚科】富山県富山市奥田双葉町１１－１３" }, "geometry": { "type": "Point", "coordinates": [ 137.22151, 36.70793 ] } },
{ "type": "Feature", "properties": { "ID": 1622160114595, "正式名称": "西邨内科医院", "機関区分": 2, "都道府県コード": 16, "市区町村コード": 201, "所在地": "富山県富山市西町９－４", "緯度": 36.687877, "経度": 137.213317, "url": "https://www.iryou.teikyouseido.mhlw.go.jp/znk-web/juminkanja/S2430/initialize?prefCd=16&kikanCd=2160114595&kikanKbn=2", "url2": null, "内容": "西邨内科医院【2:診療所】【診療科目:内科】富山県富山市西町９－４" }, "geometry": { "type": "Point", "coordinates": [ 137.213317, 36.687877 ] } },
{ "type": "Feature", "properties": { "ID": 1622160114603, "正式名称": "すぎき整形外科", "機関区分": 2, "都道府県コード": 16, "市区町村コード": 201, "所在地": "富山県富山市本郷２３７８－６", "緯度": 36.722066, "経度": 137.148849, "url": "https://www.iryou.teikyouseido.mhlw.go.jp/znk-web/juminkanja/S2430/initialize?prefCd=16&kikanCd=2160114603&kikanKbn=2", "url2": null, "内容": "すぎき整形外科【2:診療所】【診療科目:整形外科_リハビリテーション科】富山県富山市本郷２３７８－６" }, "geometry": { "type": "Point", "coordinates": [ 137.148849, 36.722066 ] } },
{ "type": "Feature", "properties": { "ID": 1622160114660, "正式名称": "柴田内科クリニック", "機関区分": 2, "都道府県コード": 16, "市区町村コード": 201, "所在地": "富山県富山市町村２３７－１", "緯度": 36.682294, "経度": 137.252509, "url": "https://www.iryou.teikyouseido.mhlw.go.jp/znk-web/juminkanja/S2430/initialize?prefCd=16&kikanCd=2160114660&kikanKbn=2", "url2": null, "内容": "柴田内科クリニック【2:診療所】【診療科目:内科_循環器内科】富山県富山市町村２３７－１" }, "geometry": { "type": "Point", "coordinates": [ 137.252509, 36.682294 ] } },
{ "type": "Feature", "properties": { "ID": 1622160114769, "正式名称": "舟山医院", "機関区分": 2, "都道府県コード": 16, "市区町村コード": 201, "所在地": "富山県富山市中川原４１－２", "緯度": 36.675712, "経度": 137.253565, "url": "https://www.iryou.teikyouseido.mhlw.go.jp/znk-web/juminkanja/S2430/initialize?prefCd=16&kikanCd=2160114769&kikanKbn=2", "url2": null, "内容": "舟山医院【2:診療所】【診療科目:内科_消化器内科】富山県富山市中川原４１－２" }, "geometry": { "type": "Point", "coordinates": [ 137.253565, 36.675712 ] } },
{ "type": "Feature", "properties": { "ID": 1622160114793, "正式名称": "医療法人社団　川崎内科医院", "機関区分": 2, "都道府県コード": 16, "市区町村コード": 201, "所在地": "富山県富山市月岡東緑町３－１", "緯度": 36.615413, "経度": 137.255762, "url": "https://www.iryou.teikyouseido.mhlw.go.jp/znk-web/juminkanja/S2430/initialize?prefCd=16&kikanCd=2160114793&kikanKbn=2", "url2": "https://kawasakinaika.net", "内容": "医療法人社団　川崎内科医院【2:診療所】【診療科目:内科_循環器内科_小児科】富山県富山市月岡東緑町３－１" }, "geometry": { "type": "Point", "coordinates": [ 137.255762, 36.615413 ] } },
{ "type": "Feature", "properties": { "ID": 1622160114892, "正式名称": "馬瀬小児科医院", "機関区分": 2, "都道府県コード": 16, "市区町村コード": 201, "所在地": "富山県富山市町村２丁目１１５番地", "緯度": 36.679811, "経度": 137.258354, "url": "https://www.iryou.teikyouseido.mhlw.go.jp/znk-web/juminkanja/S2430/initialize?prefCd=16&kikanCd=2160114892&kikanKbn=2", "url2": "https://www.mase-shounika.com/", "内容": "馬瀬小児科医院【2:診療所】【診療科目:小児科】富山県富山市町村２丁目１１５番地" }, "geometry": { "type": "Point", "coordinates": [ 137.258354, 36.679811 ] } },
{ "type": "Feature", "properties": { "ID": 1622160114926, "正式名称": "高野耳鼻咽喉科医院", "機関区分": 2, "都道府県コード": 16, "市区町村コード": 201, "所在地": "富山県富山市石金３－１－３９", "緯度": 36.687294, "経度": 137.23676, "url": "https://www.iryou.teikyouseido.mhlw.go.jp/znk-web/juminkanja/S2430/initialize?prefCd=16&kikanCd=2160114926&kikanKbn=2", "url2": null, "内容": "高野耳鼻咽喉科医院【2:診療所】【診療科目:耳鼻いんこう科_アレルギー科】富山県富山市石金３－１－３９" }, "geometry": { "type": "Point", "coordinates": [ 137.23676, 36.687294 ] } },
{ "type": "Feature", "properties": { "ID": 1622160114934, "正式名称": "医療法人社団　河上内科医院", "機関区分": 2, "都道府県コード": 16, "市区町村コード": 201, "所在地": "富山県富山市舟橋南町６－１５", "緯度": 36.694737, "経度": 137.206818, "url": "https://www.iryou.teikyouseido.mhlw.go.jp/znk-web/juminkanja/S2430/initialize?prefCd=16&kikanCd=2160114934&kikanKbn=2", "url2": null, "内容": "医療法人社団　河上内科医院【2:診療所】【診療科目:内科_胃腸内科】富山県富山市舟橋南町６－１５" }, "geometry": { "type": "Point", "coordinates": [ 137.206818, 36.694737 ] } },
{ "type": "Feature", "properties": { "ID": 1622160114991, "正式名称": "医療法人　舟雅会　藤の木医院", "機関区分": 2, "都道府県コード": 16, "市区町村コード": 201, "所在地": "富山県富山市南新町５－１５", "緯度": 36.68571, "経度": 137.218595, "url": "https://www.iryou.teikyouseido.mhlw.go.jp/znk-web/juminkanja/S2430/initialize?prefCd=16&kikanCd=2160114991&kikanKbn=2", "url2": "https://fujinoki-iin.jp/", "内容": "医療法人　舟雅会　藤の木医院【2:診療所】【診療科目:内科_消化器内科_肛門内科】富山県富山市南新町５－１５" }, "geometry": { "type": "Point", "coordinates": [ 137.218595, 36.68571 ] } },
{ "type": "Feature", "properties": { "ID": 1622160115014, "正式名称": "富山医療生活協同組合　水橋診療所", "機関区分": 2, "都道府県コード": 16, "市区町村コード": 201, "所在地": "富山県富山市水橋舘町５９－１", "緯度": 36.755482, "経度": 137.312167, "url": "https://www.iryou.teikyouseido.mhlw.go.jp/znk-web/juminkanja/S2430/initialize?prefCd=16&kikanCd=2160115014&kikanKbn=2", "url2": "http://www.toyama-hcoop.com/", "内容": "富山医療生活協同組合　水橋診療所【2:診療所】【診療科目:内科】富山県富山市水橋舘町５９－１" }, "geometry": { "type": "Point", "coordinates": [ 137.312167, 36.755482 ] } },
{ "type": "Feature", "properties": { "ID": 1622160115022, "正式名称": "こばやし耳鼻咽喉科クリニック", "機関区分": 2, "都道府県コード": 16, "市区町村コード": 201, "所在地": "富山県富山市五福５２４２－６", "緯度": 36.704541, "経度": 137.196235, "url": "https://www.iryou.teikyouseido.mhlw.go.jp/znk-web/juminkanja/S2430/initialize?prefCd=16&kikanCd=2160115022&kikanKbn=2", "url2": "http://homepage3.nifty.com/entkoba", "内容": "こばやし耳鼻咽喉科クリニック【2:診療所】【診療科目:耳鼻いんこう科_気管食道・耳鼻いんこう科_頭頸部・耳鼻いんこう科_アレルギー科】富山県富山市五福５２４２－６" }, "geometry": { "type": "Point", "coordinates": [ 137.196235, 36.704541 ] } },
{ "type": "Feature", "properties": { "ID": 1622160115030, "正式名称": "新庄内科クリニック", "機関区分": 2, "都道府県コード": 16, "市区町村コード": 201, "所在地": "富山県富山市荒川２－２３－１０", "緯度": 36.697737, "経度": 137.250536, "url": "https://www.iryou.teikyouseido.mhlw.go.jp/znk-web/juminkanja/S2430/initialize?prefCd=16&kikanCd=2160115030&kikanKbn=2", "url2": "http://www.shinjonaikaclinic-toyama.com", "内容": "新庄内科クリニック【2:診療所】【診療科目:内科_呼吸器内科_アレルギー疾患内科_アレルギー科】富山県富山市荒川２－２３－１０" }, "geometry": { "type": "Point", "coordinates": [ 137.250536, 36.697737 ] } },
{ "type": "Feature", "properties": { "ID": 1622160115105, "正式名称": "城石内科クリニック", "機関区分": 2, "都道府県コード": 16, "市区町村コード": 201, "所在地": "富山県富山市桜町２－１－１０　陽光堂ビル４Ｆ", "緯度": 36.698931, "経度": 137.212817, "url": "https://www.iryou.teikyouseido.mhlw.go.jp/znk-web/juminkanja/S2430/initialize?prefCd=16&kikanCd=2160115105&kikanKbn=2", "url2": "www.shiroishi-c.jp/", "内容": "城石内科クリニック【2:診療所】【診療科目:内科_呼吸器内科_循環器内科_消化器内科_小児科_心療内科_アレルギー科_リウマチ科】富山県富山市桜町２－１－１０　陽光堂ビル４Ｆ" }, "geometry": { "type": "Point", "coordinates": [ 137.212817, 36.698931 ] } },
{ "type": "Feature", "properties": { "ID": 1622160115287, "正式名称": "医療法人社団　関クリニック", "機関区分": 2, "都道府県コード": 16, "市区町村コード": 201, "所在地": "富山県富山市久方町９－４１", "緯度": 36.708263, "経度": 137.222427, "url": "https://www.iryou.teikyouseido.mhlw.go.jp/znk-web/juminkanja/S2430/initialize?prefCd=16&kikanCd=2160115287&kikanKbn=2", "url2": null, "内容": "医療法人社団　関クリニック【2:診療所】【診療科目:内科_整形外科_リウマチ科_リハビリテーション科】富山県富山市久方町９－４１" }, "geometry": { "type": "Point", "coordinates": [ 137.222427, 36.708263 ] } },
{ "type": "Feature", "properties": { "ID": 1622160115337, "正式名称": "医療法人社団　ますだ眼科医院", "機関区分": 2, "都道府県コード": 16, "市区町村コード": 201, "所在地": "富山県富山市元町１－２－１１", "緯度": 36.68896, "経度": 137.228538, "url": "https://www.iryou.teikyouseido.mhlw.go.jp/znk-web/juminkanja/S2430/initialize?prefCd=16&kikanCd=2160115337&kikanKbn=2", "url2": null, "内容": "医療法人社団　ますだ眼科医院【2:診療所】【診療科目:眼科】富山県富山市元町１－２－１１" }, "geometry": { "type": "Point", "coordinates": [ 137.228538, 36.68896 ] } },
{ "type": "Feature", "properties": { "ID": 1622160115345, "正式名称": "のがわ皮ふ科クリニック", "機関区分": 2, "都道府県コード": 16, "市区町村コード": 201, "所在地": "富山県富山市今泉１４８－１", "緯度": 36.667684, "経度": 137.214457, "url": "https://www.iryou.teikyouseido.mhlw.go.jp/znk-web/juminkanja/S2430/initialize?prefCd=16&kikanCd=2160115345&kikanKbn=2", "url2": null, "内容": "のがわ皮ふ科クリニック【2:診療所】【診療科目:皮膚科_美容皮膚科】富山県富山市今泉１４８－１" }, "geometry": { "type": "Point", "coordinates": [ 137.214457, 36.667684 ] } },
{ "type": "Feature", "properties": { "ID": 1622160115402, "正式名称": "ぬのせ内科クリニック", "機関区分": 2, "都道府県コード": 16, "市区町村コード": 201, "所在地": "富山県富山市布瀬本町１２－４", "緯度": 36.679127, "経度": 137.198819, "url": "https://www.iryou.teikyouseido.mhlw.go.jp/znk-web/juminkanja/S2430/initialize?prefCd=16&kikanCd=2160115402&kikanKbn=2", "url2": "http://www.nunose-med-cl.com/pc/", "内容": "ぬのせ内科クリニック【2:診療所】【診療科目:内科】富山県富山市布瀬本町１２－４" }, "geometry": { "type": "Point", "coordinates": [ 137.198819, 36.679127 ] } },
{ "type": "Feature", "properties": { "ID": 1622160115444, "正式名称": "医療法人社団友豊会山室クリニック", "機関区分": 2, "都道府県コード": 16, "市区町村コード": 201, "所在地": "富山県富山市山室４４－１", "緯度": 36.673517, "経度": 137.236733, "url": "https://www.iryou.teikyouseido.mhlw.go.jp/znk-web/juminkanja/S2430/initialize?prefCd=16&kikanCd=2160115444&kikanKbn=2", "url2": "http://yamamuroclinic.com/", "内容": "医療法人社団友豊会山室クリニック【2:診療所】【診療科目:内科_糖尿病内科_消化器内科_整形外科_リハビリテーション科】富山県富山市山室４４－１" }, "geometry": { "type": "Point", "coordinates": [ 137.236733, 36.673517 ] } },
{ "type": "Feature", "properties": { "ID": 1622160115451, "正式名称": "種井内科胃腸科クリニック", "機関区分": 2, "都道府県コード": 16, "市区町村コード": 201, "所在地": "富山県富山市清水町５丁目７－１６", "緯度": 36.686571, "経度": 137.223205, "url": "https://www.iryou.teikyouseido.mhlw.go.jp/znk-web/juminkanja/S2430/initialize?prefCd=16&kikanCd=2160115451&kikanKbn=2", "url2": null, "内容": "種井内科胃腸科クリニック【2:診療所】【診療科目:内科_呼吸器内科_循環器内科_消化器内科_胃腸内科_小児科_心療内科_アレルギー科】富山県富山市清水町５丁目７－１６" }, "geometry": { "type": "Point", "coordinates": [ 137.223205, 36.686571 ] } },
{ "type": "Feature", "properties": { "ID": 1622160115477, "正式名称": "島崎クリニック", "機関区分": 2, "都道府県コード": 16, "市区町村コード": 201, "所在地": "富山県富山市小西１１６－３", "緯度": 36.715847, "経度": 137.257701, "url": "https://www.iryou.teikyouseido.mhlw.go.jp/znk-web/juminkanja/S2430/initialize?prefCd=16&kikanCd=2160115477&kikanKbn=2", "url2": "http://www.2322.nsk.ne.jp/~shimazaki/", "内容": "島崎クリニック【2:診療所】【診療科目:内科_胃腸内科_外科_肛門外科】富山県富山市小西１１６－３" }, "geometry": { "type": "Point", "coordinates": [ 137.257701, 36.715847 ] } },
{ "type": "Feature", "properties": { "ID": 1622160115485, "正式名称": "佐伯クリニック", "機関区分": 2, "都道府県コード": 16, "市区町村コード": 201, "所在地": "富山県富山市栃谷２００－２", "緯度": 36.693986, "経度": 137.134129, "url": "https://www.iryou.teikyouseido.mhlw.go.jp/znk-web/juminkanja/S2430/initialize?prefCd=16&kikanCd=2160115485&kikanKbn=2", "url2": "http://www.myclinic.ne.jp/y_saekimedic/", "内容": "佐伯クリニック【2:診療所】【診療科目:内科_消化器内科_アレルギー疾患内科_外科_肛門外科_小児科_心療内科_アレルギー科_リハビリテーション科】富山県富山市栃谷２００－２" }, "geometry": { "type": "Point", "coordinates": [ 137.134129, 36.693986 ] } },
{ "type": "Feature", "properties": { "ID": 1622160115527, "正式名称": "石田ひとみ眼科医院", "機関区分": 2, "都道府県コード": 16, "市区町村コード": 201, "所在地": "富山県富山市高屋敷８３３－１　タカサンビル１Ｆ", "緯度": 36.671351, "経度": 137.243871, "url": "https://www.iryou.teikyouseido.mhlw.go.jp/znk-web/juminkanja/S2430/initialize?prefCd=16&kikanCd=2160115527&kikanKbn=2", "url2": null, "内容": "石田ひとみ眼科医院【2:診療所】【診療科目:眼科】富山県富山市高屋敷８３３－１　タカサンビル１Ｆ" }, "geometry": { "type": "Point", "coordinates": [ 137.243871, 36.671351 ] } },
{ "type": "Feature", "properties": { "ID": 1622160115535, "正式名称": "医療法人社団　城南会　城南内科クリニック", "機関区分": 2, "都道府県コード": 16, "市区町村コード": 201, "所在地": "富山県富山市太郎丸西町１丁目６－６", "緯度": 36.676711, "経度": 137.209235, "url": "https://www.iryou.teikyouseido.mhlw.go.jp/znk-web/juminkanja/S2430/initialize?prefCd=16&kikanCd=2160115535&kikanKbn=2", "url2": null, "内容": "医療法人社団　城南会　城南内科クリニック【2:診療所】【診療科目:内科】富山県富山市太郎丸西町１丁目６－６" }, "geometry": { "type": "Point", "coordinates": [ 137.209235, 36.676711 ] } },
{ "type": "Feature", "properties": { "ID": 1622160115543, "正式名称": "やしま整形外科クリニック", "機関区分": 2, "都道府県コード": 16, "市区町村コード": 201, "所在地": "富山県富山市上飯野１３－１６", "緯度": 36.705625, "経度": 137.250536, "url": "https://www.iryou.teikyouseido.mhlw.go.jp/znk-web/juminkanja/S2430/initialize?prefCd=16&kikanCd=2160115543&kikanKbn=2", "url2": null, "内容": "やしま整形外科クリニック【2:診療所】【診療科目:整形外科_リハビリテーション科】富山県富山市上飯野１３－１６" }, "geometry": { "type": "Point", "coordinates": [ 137.250536, 36.705625 ] } },
{ "type": "Feature", "properties": { "ID": 1622160115576, "正式名称": "橋本医院", "機関区分": 2, "都道府県コード": 16, "市区町村コード": 201, "所在地": "富山県富山市月岡町４丁目６９５", "緯度": 36.623745, "経度": 137.2559, "url": "https://www.iryou.teikyouseido.mhlw.go.jp/znk-web/juminkanja/S2430/initialize?prefCd=16&kikanCd=2160115576&kikanKbn=2", "url2": null, "内容": "橋本医院【2:診療所】【診療科目:内科_糖尿病・代謝内科_循環器内科_小児科】富山県富山市月岡町４丁目６９５" }, "geometry": { "type": "Point", "coordinates": [ 137.2559, 36.623745 ] } },
{ "type": "Feature", "properties": { "ID": 1622160115618, "正式名称": "医療法人社団　加藤泌尿器科医院", "機関区分": 2, "都道府県コード": 16, "市区町村コード": 201, "所在地": "富山県富山市本郷町５９－３", "緯度": 36.668685, "経度": 137.233455, "url": "https://www.iryou.teikyouseido.mhlw.go.jp/znk-web/juminkanja/S2430/initialize?prefCd=16&kikanCd=2160115618&kikanKbn=2", "url2": null, "内容": "医療法人社団　加藤泌尿器科医院【2:診療所】【診療科目:泌尿器科】富山県富山市本郷町５９－３" }, "geometry": { "type": "Point", "coordinates": [ 137.233455, 36.668685 ] } },
{ "type": "Feature", "properties": { "ID": 1622160115659, "正式名称": "野田内科医院", "機関区分": 2, "都道府県コード": 16, "市区町村コード": 201, "所在地": "富山県富山市水橋開発１番地", "緯度": 36.704126, "経度": 137.29081, "url": "https://www.iryou.teikyouseido.mhlw.go.jp/znk-web/juminkanja/S2430/initialize?prefCd=16&kikanCd=2160115659&kikanKbn=2", "url2": null, "内容": "野田内科医院【2:診療所】【診療科目:内科】富山県富山市水橋開発１番地" }, "geometry": { "type": "Point", "coordinates": [ 137.29081, 36.704126 ] } },
{ "type": "Feature", "properties": { "ID": 1622160115675, "正式名称": "まきのクリニック", "機関区分": 2, "都道府県コード": 16, "市区町村コード": 201, "所在地": "富山県富山市本郷町５区１３０－１０", "緯度": 36.662182, "経度": 137.236173, "url": "https://www.iryou.teikyouseido.mhlw.go.jp/znk-web/juminkanja/S2430/initialize?prefCd=16&kikanCd=2160115675&kikanKbn=2", "url2": null, "内容": "まきのクリニック【2:診療所】【診療科目:内科_呼吸器内科_循環器内科_小児科_皮膚科_麻酔科】富山県富山市本郷町５区１３０－１０" }, "geometry": { "type": "Point", "coordinates": [ 137.236173, 36.662182 ] } },
{ "type": "Feature", "properties": { "ID": 1622160115725, "正式名称": "ほり眼科クリニック", "機関区分": 2, "都道府県コード": 16, "市区町村コード": 201, "所在地": "富山県富山市城川原２－１－１１", "緯度": 36.731483, "経度": 137.226592, "url": "https://www.iryou.teikyouseido.mhlw.go.jp/znk-web/juminkanja/S2430/initialize?prefCd=16&kikanCd=2160115725&kikanKbn=2", "url2": null, "内容": "ほり眼科クリニック【2:診療所】【診療科目:眼科】富山県富山市城川原２－１－１１" }, "geometry": { "type": "Point", "coordinates": [ 137.226592, 36.731483 ] } },
{ "type": "Feature", "properties": { "ID": 1622160115766, "正式名称": "谷野岩瀬医院", "機関区分": 2, "都道府県コード": 16, "市区町村コード": 201, "所在地": "富山県富山市岩瀬大町３", "緯度": 36.755731, "経度": 137.228174, "url": "https://www.iryou.teikyouseido.mhlw.go.jp/znk-web/juminkanja/S2430/initialize?prefCd=16&kikanCd=2160115766&kikanKbn=2", "url2": null, "内容": "谷野岩瀬医院【2:診療所】【診療科目:内科_小児科】富山県富山市岩瀬大町３" }, "geometry": { "type": "Point", "coordinates": [ 137.228174, 36.755731 ] } },
{ "type": "Feature", "properties": { "ID": 1622160115774, "正式名称": "片山眼科医院", "機関区分": 2, "都道府県コード": 16, "市区町村コード": 201, "所在地": "富山県富山市五番町３－１", "緯度": 36.68746, "経度": 137.2204, "url": "https://www.iryou.teikyouseido.mhlw.go.jp/znk-web/juminkanja/S2430/initialize?prefCd=16&kikanCd=2160115774&kikanKbn=2", "url2": null, "内容": "片山眼科医院【2:診療所】【診療科目:眼科】富山県富山市五番町３－１" }, "geometry": { "type": "Point", "coordinates": [ 137.2204, 36.68746 ] } },
{ "type": "Feature", "properties": { "ID": 1622160115808, "正式名称": "医療法人社団　和敬会　谷野医院", "機関区分": 2, "都道府県コード": 16, "市区町村コード": 201, "所在地": "富山県富山市総曲輪２－８－２", "緯度": 36.691293, "経度": 137.212845, "url": "https://www.iryou.teikyouseido.mhlw.go.jp/znk-web/juminkanja/S2430/initialize?prefCd=16&kikanCd=2160115808&kikanKbn=2", "url2": "http://www.wakeikai.com", "内容": "医療法人社団　和敬会　谷野医院【2:診療所】【診療科目:内科_精神科_心療内科】富山県富山市総曲輪２－８－２" }, "geometry": { "type": "Point", "coordinates": [ 137.212845, 36.691293 ] } },
{ "type": "Feature", "properties": { "ID": 1622160115865, "正式名称": "医療法人社団　嶋尾こどもクリニック", "機関区分": 2, "都道府県コード": 16, "市区町村コード": 201, "所在地": "富山県富山市北代５２９３", "緯度": 36.715762, "経度": 137.182902, "url": "https://www.iryou.teikyouseido.mhlw.go.jp/znk-web/juminkanja/S2430/initialize?prefCd=16&kikanCd=2160115865&kikanKbn=2", "url2": "https://shimao-child-clinic.com", "内容": "医療法人社団　嶋尾こどもクリニック【2:診療所】【診療科目:小児科】富山県富山市北代５２９３" }, "geometry": { "type": "Point", "coordinates": [ 137.182902, 36.715762 ] } },
{ "type": "Feature", "properties": { "ID": 1622160115873, "正式名称": "医療法人社団若葉会　髙重記念クリニック", "機関区分": 2, "都道府県コード": 16, "市区町村コード": 201, "所在地": "富山県富山市元町２－３－２０", "緯度": 36.689043, "経度": 137.230621, "url": "https://www.iryou.teikyouseido.mhlw.go.jp/znk-web/juminkanja/S2430/initialize?prefCd=16&kikanCd=2160115873&kikanKbn=2", "url2": "http://www.wakabakaimedical.com/", "内容": "医療法人社団若葉会　髙重記念クリニック【2:診療所】【診療科目:内科_呼吸器内科_循環器内科_消化器内科_外科_小児科_アレルギー科】富山県富山市元町２－３－２０" }, "geometry": { "type": "Point", "coordinates": [ 137.230621, 36.689043 ] } },
{ "type": "Feature", "properties": { "ID": 1622160115923, "正式名称": "浅地内科医院", "機関区分": 2, "都道府県コード": 16, "市区町村コード": 201, "所在地": "富山県富山市五福３６８－１", "緯度": 36.703069, "経度": 137.19193, "url": "https://www.iryou.teikyouseido.mhlw.go.jp/znk-web/juminkanja/S2430/initialize?prefCd=16&kikanCd=2160115923&kikanKbn=2", "url2": null, "内容": "浅地内科医院【2:診療所】【診療科目:内科】富山県富山市五福３６８－１" }, "geometry": { "type": "Point", "coordinates": [ 137.19193, 36.703069 ] } },
{ "type": "Feature", "properties": { "ID": 1622160115931, "正式名称": "石金内科医院", "機関区分": 2, "都道府県コード": 16, "市区町村コード": 201, "所在地": "富山県富山市西長江４－８－３０", "緯度": 36.68796, "経度": 137.23651, "url": "https://www.iryou.teikyouseido.mhlw.go.jp/znk-web/juminkanja/S2430/initialize?prefCd=16&kikanCd=2160115931&kikanKbn=2", "url2": null, "内容": "石金内科医院【2:診療所】【診療科目:内科_小児科】富山県富山市西長江４－８－３０" }, "geometry": { "type": "Point", "coordinates": [ 137.23651, 36.68796 ] } },
{ "type": "Feature", "properties": { "ID": 1622160115949, "正式名称": "林外科整形外科医院", "機関区分": 2, "都道府県コード": 16, "市区町村コード": 201, "所在地": "富山県富山市永楽町２９－１２", "緯度": 36.703347, "経度": 137.221983, "url": "https://www.iryou.teikyouseido.mhlw.go.jp/znk-web/juminkanja/S2430/initialize?prefCd=16&kikanCd=2160115949&kikanKbn=2", "url2": null, "内容": "林外科整形外科医院【2:診療所】【診療科目:外科_肛門外科_整形外科_リウマチ科_リハビリテーション科】富山県富山市永楽町２９－１２" }, "geometry": { "type": "Point", "coordinates": [ 137.221983, 36.703347 ] } },
{ "type": "Feature", "properties": { "ID": 1622160115956, "正式名称": "太田内科医院", "機関区分": 2, "都道府県コード": 16, "市区町村コード": 201, "所在地": "富山県富山市辰巳町２－５－４", "緯度": 36.684988, "経度": 137.2219, "url": "https://www.iryou.teikyouseido.mhlw.go.jp/znk-web/juminkanja/S2430/initialize?prefCd=16&kikanCd=2160115956&kikanKbn=2", "url2": null, "内容": "太田内科医院【2:診療所】【診療科目:内科_循環器内科_消化器内科】富山県富山市辰巳町２－５－４" }, "geometry": { "type": "Point", "coordinates": [ 137.2219, 36.684988 ] } },
{ "type": "Feature", "properties": { "ID": 1622160116012, "正式名称": "ふるた皮ふ科ひ尿器科クリニック", "機関区分": 2, "都道府県コード": 16, "市区町村コード": 201, "所在地": "富山県富山市上飯野１３－１４", "緯度": 36.705986, "経度": 137.250341, "url": "https://www.iryou.teikyouseido.mhlw.go.jp/znk-web/juminkanja/S2430/initialize?prefCd=16&kikanCd=2160116012&kikanKbn=2", "url2": "http://www.furuta-clinic.com", "内容": "ふるた皮ふ科ひ尿器科クリニック【2:診療所】【診療科目:皮膚科_泌尿器科】富山県富山市上飯野１３－１４" }, "geometry": { "type": "Point", "coordinates": [ 137.250341, 36.705986 ] } },
{ "type": "Feature", "properties": { "ID": 1622160116038, "正式名称": "家城産婦人科医院", "機関区分": 2, "都道府県コード": 16, "市区町村コード": 201, "所在地": "富山県富山市花園町１－３－３", "緯度": 36.682766, "経度": 137.209679, "url": "https://www.iryou.teikyouseido.mhlw.go.jp/znk-web/juminkanja/S2430/initialize?prefCd=16&kikanCd=2160116038&kikanKbn=2", "url2": "http://ieki.jp/", "内容": "家城産婦人科医院【2:診療所】【診療科目:小児科_産婦人科】富山県富山市花園町１－３－３" }, "geometry": { "type": "Point", "coordinates": [ 137.209679, 36.682766 ] } },
{ "type": "Feature", "properties": { "ID": 1622160116061, "正式名称": "耳鼻咽喉科　あざみ野医院", "機関区分": 2, "都道府県コード": 16, "市区町村コード": 201, "所在地": "富山県富山市二俣４０６－１", "緯度": 36.649242, "経度": 137.214152, "url": "https://www.iryou.teikyouseido.mhlw.go.jp/znk-web/juminkanja/S2430/initialize?prefCd=16&kikanCd=2160116061&kikanKbn=2", "url2": "azamino-jibika.com", "内容": "耳鼻咽喉科　あざみ野医院【2:診療所】【診療科目:耳鼻いんこう科】富山県富山市二俣４０６－１" }, "geometry": { "type": "Point", "coordinates": [ 137.214152, 36.649242 ] } },
{ "type": "Feature", "properties": { "ID": 1622160116079, "正式名称": "中川内科クリニック", "機関区分": 2, "都道府県コード": 16, "市区町村コード": 201, "所在地": "富山県富山市花園町３－６－１", "緯度": 36.6796, "経度": 137.207707, "url": "https://www.iryou.teikyouseido.mhlw.go.jp/znk-web/juminkanja/S2430/initialize?prefCd=16&kikanCd=2160116079&kikanKbn=2", "url2": null, "内容": "中川内科クリニック【2:診療所】【診療科目:内科_呼吸器内科_循環器内科】富山県富山市花園町３－６－１" }, "geometry": { "type": "Point", "coordinates": [ 137.207707, 36.6796 ] } },
{ "type": "Feature", "properties": { "ID": 1622160116087, "正式名称": "わたなべ医院", "機関区分": 2, "都道府県コード": 16, "市区町村コード": 201, "所在地": "富山県富山市有沢１９８－１", "緯度": 36.681988, "経度": 137.189125, "url": "https://www.iryou.teikyouseido.mhlw.go.jp/znk-web/juminkanja/S2430/initialize?prefCd=16&kikanCd=2160116087&kikanKbn=2", "url2": "https://www.watanabekanpo.com", "内容": "わたなべ医院【2:診療所】【診療科目:内科_漢方内科】富山県富山市有沢１９８－１" }, "geometry": { "type": "Point", "coordinates": [ 137.189125, 36.681988 ] } },
{ "type": "Feature", "properties": { "ID": 1622160116095, "正式名称": "むらかみ小児科アレルギークリニック", "機関区分": 2, "都道府県コード": 16, "市区町村コード": 201, "所在地": "富山県富山市上飯野３２－１０", "緯度": 36.710736, "経度": 137.250508, "url": "https://www.iryou.teikyouseido.mhlw.go.jp/znk-web/juminkanja/S2430/initialize?prefCd=16&kikanCd=2160116095&kikanKbn=2", "url2": "https://www.murakami-ped.or.jp", "内容": "むらかみ小児科アレルギークリニック【2:診療所】【診療科目:小児科_アレルギー科】富山県富山市上飯野３２－１０" }, "geometry": { "type": "Point", "coordinates": [ 137.250508, 36.710736 ] } },
{ "type": "Feature", "properties": { "ID": 1622160116111, "正式名称": "堀川内科クリニック", "機関区分": 2, "都道府県コード": 16, "市区町村コード": 201, "所在地": "富山県富山市堀川町２１６－３", "緯度": 36.665907, "経度": 137.220512, "url": "https://www.iryou.teikyouseido.mhlw.go.jp/znk-web/juminkanja/S2430/initialize?prefCd=16&kikanCd=2160116111&kikanKbn=2", "url2": "https://www.horikawa-medical.com/", "内容": "堀川内科クリニック【2:診療所】【診療科目:内科_呼吸器内科_循環器内科_消化器内科】富山県富山市堀川町２１６－３" }, "geometry": { "type": "Point", "coordinates": [ 137.220512, 36.665907 ] } },
{ "type": "Feature", "properties": { "ID": 1622160116145, "正式名称": "呉羽矢後医院", "機関区分": 2, "都道府県コード": 16, "市区町村コード": 201, "所在地": "富山県富山市吉作４２６１－４", "緯度": 36.704596, "経度": 137.162432, "url": "https://www.iryou.teikyouseido.mhlw.go.jp/znk-web/juminkanja/S2430/initialize?prefCd=16&kikanCd=2160116145&kikanKbn=2", "url2": null, "内容": "呉羽矢後医院【2:診療所】【診療科目:内科_胃腸内科_外科】富山県富山市吉作４２６１－４" }, "geometry": { "type": "Point", "coordinates": [ 137.162432, 36.704596 ] } },
{ "type": "Feature", "properties": { "ID": 1622160116186, "正式名称": "たかの整形外科クリニック", "機関区分": 2, "都道府県コード": 16, "市区町村コード": 201, "所在地": "富山県富山市緑町１－３－６", "緯度": 36.692416, "経度": 137.228249, "url": "https://www.iryou.teikyouseido.mhlw.go.jp/znk-web/juminkanja/S2430/initialize?prefCd=16&kikanCd=2160116186&kikanKbn=2", "url2": "https://takano-cl.net/", "内容": "たかの整形外科クリニック【2:診療所】【診療科目:整形外科_リハビリテーション科】富山県富山市緑町１－３－６" }, "geometry": { "type": "Point", "coordinates": [ 137.228249, 36.692416 ] } },
{ "type": "Feature", "properties": { "ID": 1622160116228, "正式名称": "大成整形外科医院", "機関区分": 2, "都道府県コード": 16, "市区町村コード": 201, "所在地": "富山県富山市荒川５丁目２番５１号", "緯度": 36.695682, "経度": 137.25173, "url": "https://www.iryou.teikyouseido.mhlw.go.jp/znk-web/juminkanja/S2430/initialize?prefCd=16&kikanCd=2160116228&kikanKbn=2", "url2": null, "内容": "大成整形外科医院【2:診療所】【診療科目:整形外科_リウマチ科_リハビリテーション科】富山県富山市荒川５丁目２番５１号" }, "geometry": { "type": "Point", "coordinates": [ 137.25173, 36.695682 ] } },
{ "type": "Feature", "properties": { "ID": 1622160116236, "正式名称": "医療法人社団　若輝会　わかぐり内科医院", "機関区分": 2, "都道府県コード": 16, "市区町村コード": 201, "所在地": "富山県富山市呉羽町７０５４", "緯度": 36.710429, "経度": 137.169292, "url": "https://www.iryou.teikyouseido.mhlw.go.jp/znk-web/juminkanja/S2430/initialize?prefCd=16&kikanCd=2160116236&kikanKbn=2", "url2": "https://wakagurinaika.jp/", "内容": "医療法人社団　若輝会　わかぐり内科医院【2:診療所】【診療科目:内科_糖尿病・内分泌内科_循環器内科_消化器内科】富山県富山市呉羽町７０５４" }, "geometry": { "type": "Point", "coordinates": [ 137.169292, 36.710429 ] } },
{ "type": "Feature", "properties": { "ID": 1622160116269, "正式名称": "四方クリニック", "機関区分": 2, "都道府県コード": 16, "市区町村コード": 201, "所在地": "富山県富山市四方北窪盆作２１２０－２", "緯度": 36.755425, "経度": 137.197649, "url": "https://www.iryou.teikyouseido.mhlw.go.jp/znk-web/juminkanja/S2430/initialize?prefCd=16&kikanCd=2160116269&kikanKbn=2", "url2": null, "内容": "四方クリニック【2:診療所】【診療科目:内科_循環器内科_消化器内科】富山県富山市四方北窪盆作２１２０－２" }, "geometry": { "type": "Point", "coordinates": [ 137.197649, 36.755425 ] } },
{ "type": "Feature", "properties": { "ID": 1622160116277, "正式名称": "医療法人社団弘敬会", "機関区分": 2, "都道府県コード": 16, "市区町村コード": 201, "所在地": "富山県富山市呉羽町６３０２－８", "緯度": 36.712706, "経度": 137.168792, "url": "https://www.iryou.teikyouseido.mhlw.go.jp/znk-web/juminkanja/S2430/initialize?prefCd=16&kikanCd=2160116277&kikanKbn=2", "url2": "iki-naika.com", "内容": "医療法人社団弘敬会【2:診療所】【診療科目:内科_糖尿病・代謝内科_呼吸器内科_循環器内科_消化器内科】富山県富山市呉羽町６３０２－８" }, "geometry": { "type": "Point", "coordinates": [ 137.168792, 36.712706 ] } },
{ "type": "Feature", "properties": { "ID": 1622160116285, "正式名称": "加納耳鼻咽喉科医院", "機関区分": 2, "都道府県コード": 16, "市区町村コード": 201, "所在地": "富山県富山市一番町４－１８", "緯度": 36.68838, "経度": 137.211647, "url": "https://www.iryou.teikyouseido.mhlw.go.jp/znk-web/juminkanja/S2430/initialize?prefCd=16&kikanCd=2160116285&kikanKbn=2", "url2": "https://www.kano-jibika.net/", "内容": "加納耳鼻咽喉科医院【2:診療所】【診療科目:耳鼻いんこう科_気管食道・耳鼻いんこう科_頭頸部・耳鼻いんこう科_「音声外来」「摂食嚥下外来」_アレルギー科】富山県富山市一番町４－１８" }, "geometry": { "type": "Point", "coordinates": [ 137.211647, 36.68838 ] } },
{ "type": "Feature", "properties": { "ID": 1622160116327, "正式名称": "さいだ小児科医院", "機関区分": 2, "都道府県コード": 16, "市区町村コード": 201, "所在地": "富山県富山市豊若町１丁目１２－１２", "緯度": 36.73265, "経度": 137.239758, "url": "https://www.iryou.teikyouseido.mhlw.go.jp/znk-web/juminkanja/S2430/initialize?prefCd=16&kikanCd=2160116327&kikanKbn=2", "url2": "https://wwwsaidasyounika.net/", "内容": "さいだ小児科医院【2:診療所】【診療科目:小児科】富山県富山市豊若町１丁目１２－１２" }, "geometry": { "type": "Point", "coordinates": [ 137.239758, 36.73265 ] } },
{ "type": "Feature", "properties": { "ID": 1622160116335, "正式名称": "ほんだクリニック", "機関区分": 2, "都道府県コード": 16, "市区町村コード": 201, "所在地": "富山県富山市丸の内２丁目３－８　桜井ビル２Ｆ", "緯度": 36.691654, "経度": 137.208623, "url": "https://www.iryou.teikyouseido.mhlw.go.jp/znk-web/juminkanja/S2430/initialize?prefCd=16&kikanCd=2160116335&kikanKbn=2", "url2": null, "内容": "ほんだクリニック【2:診療所】【診療科目:精神科_神経科_心療内科】富山県富山市丸の内２丁目３－８　桜井ビル２Ｆ" }, "geometry": { "type": "Point", "coordinates": [ 137.208623, 36.691654 ] } },
{ "type": "Feature", "properties": { "ID": 1622160116384, "正式名称": "医療法人社団　至仁会　みさきクリニック", "機関区分": 2, "都道府県コード": 16, "市区町村コード": 201, "所在地": "富山県富山市梅沢町二丁目７－１３", "緯度": 36.68371, "経度": 137.218428, "url": "https://www.iryou.teikyouseido.mhlw.go.jp/znk-web/juminkanja/S2430/initialize?prefCd=16&kikanCd=2160116384&kikanKbn=2", "url2": "https://misakiclinic.jp/", "内容": "医療法人社団　至仁会　みさきクリニック【2:診療所】【診療科目:内科_児童精神科_精神科_心療内科_老年心療内科】富山県富山市梅沢町二丁目７－１３" }, "geometry": { "type": "Point", "coordinates": [ 137.218428, 36.68371 ] } },
{ "type": "Feature", "properties": { "ID": 1622160116392, "正式名称": "医療法人社団　セキひふ科クリニック", "機関区分": 2, "都道府県コード": 16, "市区町村コード": 201, "所在地": "富山県富山市呉羽町７３３１", "緯度": 36.709429, "経度": 137.174514, "url": "https://www.iryou.teikyouseido.mhlw.go.jp/znk-web/juminkanja/S2430/initialize?prefCd=16&kikanCd=2160116392&kikanKbn=2", "url2": "https://www.sekicli.com", "内容": "医療法人社団　セキひふ科クリニック【2:診療所】【診療科目:皮膚科_アレルギー科】富山県富山市呉羽町７３３１" }, "geometry": { "type": "Point", "coordinates": [ 137.174514, 36.709429 ] } },
{ "type": "Feature", "properties": { "ID": 1622160116400, "正式名称": "八木産婦人科医院", "機関区分": 2, "都道府県コード": 16, "市区町村コード": 201, "所在地": "富山県富山市西四十物町２－１８", "緯度": 36.688793, "経度": 137.208012, "url": "https://www.iryou.teikyouseido.mhlw.go.jp/znk-web/juminkanja/S2430/initialize?prefCd=16&kikanCd=2160116400&kikanKbn=2", "url2": "http://www.yagi-san.jp/", "内容": "八木産婦人科医院【2:診療所】【診療科目:産科_婦人科】富山県富山市西四十物町２－１８" }, "geometry": { "type": "Point", "coordinates": [ 137.208012, 36.688793 ] } },
{ "type": "Feature", "properties": { "ID": 1622160116442, "正式名称": "医療法人社団　ふるもと内科クリニック", "機関区分": 2, "都道府県コード": 16, "市区町村コード": 201, "所在地": "富山県富山市経堂３－１－１３", "緯度": 36.691432, "経度": 137.251703, "url": "https://www.iryou.teikyouseido.mhlw.go.jp/znk-web/juminkanja/S2430/initialize?prefCd=16&kikanCd=2160116442&kikanKbn=2", "url2": null, "内容": "医療法人社団　ふるもと内科クリニック【2:診療所】【診療科目:内科_呼吸器内科_循環器内科_消化器内科】富山県富山市経堂３－１－１３" }, "geometry": { "type": "Point", "coordinates": [ 137.251703, 36.691432 ] } },
{ "type": "Feature", "properties": { "ID": 1622160116459, "正式名称": "早瀬整形外科医院", "機関区分": 2, "都道府県コード": 16, "市区町村コード": 201, "所在地": "富山県富山市奥田本町２－１６", "緯度": 36.714429, "経度": 137.222565, "url": "https://www.iryou.teikyouseido.mhlw.go.jp/znk-web/juminkanja/S2430/initialize?prefCd=16&kikanCd=2160116459&kikanKbn=2", "url2": "http://hayase-ortho-clinic.com", "内容": "早瀬整形外科医院【2:診療所】【診療科目:整形外科_リハビリテーション科】富山県富山市奥田本町２－１６" }, "geometry": { "type": "Point", "coordinates": [ 137.222565, 36.714429 ] } },
{ "type": "Feature", "properties": { "ID": 1622160116483, "正式名称": "平田眼科医院", "機関区分": 2, "都道府県コード": 16, "市区町村コード": 201, "所在地": "富山県富山市上飯野１３－１９", "緯度": 36.705986, "経度": 137.250008, "url": "https://www.iryou.teikyouseido.mhlw.go.jp/znk-web/juminkanja/S2430/initialize?prefCd=16&kikanCd=2160116483&kikanKbn=2", "url2": null, "内容": "平田眼科医院【2:診療所】【診療科目:眼科】富山県富山市上飯野１３－１９" }, "geometry": { "type": "Point", "coordinates": [ 137.250008, 36.705986 ] } },
{ "type": "Feature", "properties": { "ID": 1622160116533, "正式名称": "おおはし皮ふ科クリニック", "機関区分": 2, "都道府県コード": 16, "市区町村コード": 201, "所在地": "富山県富山市山室５－１", "緯度": 36.673017, "経度": 137.240121, "url": "https://www.iryou.teikyouseido.mhlw.go.jp/znk-web/juminkanja/S2430/initialize?prefCd=16&kikanCd=2160116533&kikanKbn=2", "url2": null, "内容": "おおはし皮ふ科クリニック【2:診療所】【診療科目:皮膚科】富山県富山市山室５－１" }, "geometry": { "type": "Point", "coordinates": [ 137.240121, 36.673017 ] } },
{ "type": "Feature", "properties": { "ID": 1622160116541, "正式名称": "上飯野小児科クリニック", "機関区分": 2, "都道府県コード": 16, "市区町村コード": 201, "所在地": "富山県富山市上飯野１３－１７", "緯度": 36.705653, "経度": 137.250202, "url": "https://www.iryou.teikyouseido.mhlw.go.jp/znk-web/juminkanja/S2430/initialize?prefCd=16&kikanCd=2160116541&kikanKbn=2", "url2": "http://www.kamiiino-syounika.com", "内容": "上飯野小児科クリニック【2:診療所】【診療科目:内科_小児科_アレルギー科】富山県富山市上飯野１３－１７" }, "geometry": { "type": "Point", "coordinates": [ 137.250202, 36.705653 ] } },
{ "type": "Feature", "properties": { "ID": 1622160116558, "正式名称": "清風台クリニック", "機関区分": 2, "都道府県コード": 16, "市区町村コード": 201, "所在地": "富山県富山市清風町１０３", "緯度": 36.753731, "経度": 137.250895, "url": "https://www.iryou.teikyouseido.mhlw.go.jp/znk-web/juminkanja/S2430/initialize?prefCd=16&kikanCd=2160116558&kikanKbn=2", "url2": "http://seifuudai-clinic.com", "内容": "清風台クリニック【2:診療所】【診療科目:内科_循環器内科_外科_整形外科】富山県富山市清風町１０３" }, "geometry": { "type": "Point", "coordinates": [ 137.250895, 36.753731 ] } },
{ "type": "Feature", "properties": { "ID": 1622160116574, "正式名称": "大津山ひふ科クリニック", "機関区分": 2, "都道府県コード": 16, "市区町村コード": 201, "所在地": "富山県富山市藤木１９６２－４", "緯度": 36.685683, "経度": 137.269813, "url": "https://www.iryou.teikyouseido.mhlw.go.jp/znk-web/juminkanja/S2430/initialize?prefCd=16&kikanCd=2160116574&kikanKbn=2", "url2": "https://itp.ne.jp/info/162479177300000899/", "内容": "大津山ひふ科クリニック【2:診療所】【診療科目:皮膚科】富山県富山市藤木１９６２－４" }, "geometry": { "type": "Point", "coordinates": [ 137.269813, 36.685683 ] } },
{ "type": "Feature", "properties": { "ID": 1622160116582, "正式名称": "なかの皮フ科クリニック", "機関区分": 2, "都道府県コード": 16, "市区町村コード": 201, "所在地": "富山県富山市新根塚町３－５－１２", "緯度": 36.677072, "経度": 137.206735, "url": "https://www.iryou.teikyouseido.mhlw.go.jp/znk-web/juminkanja/S2430/initialize?prefCd=16&kikanCd=2160116582&kikanKbn=2", "url2": null, "内容": "なかの皮フ科クリニック【2:診療所】【診療科目:皮膚科】富山県富山市新根塚町３－５－１２" }, "geometry": { "type": "Point", "coordinates": [ 137.206735, 36.677072 ] } },
{ "type": "Feature", "properties": { "ID": 1622160116590, "正式名称": "医療法人社団　白藍会　森田整形外科医院", "機関区分": 2, "都道府県コード": 16, "市区町村コード": 201, "所在地": "富山県富山市豊若町１－１３－８", "緯度": 36.731928, "経度": 137.239285, "url": "https://www.iryou.teikyouseido.mhlw.go.jp/znk-web/juminkanja/S2430/initialize?prefCd=16&kikanCd=2160116590&kikanKbn=2", "url2": "http://www.morita-seikeigeka.com/sp/", "内容": "医療法人社団　白藍会　森田整形外科医院【2:診療所】【診療科目:内科_整形外科_リウマチ科_リハビリテーション科】富山県富山市豊若町１－１３－８" }, "geometry": { "type": "Point", "coordinates": [ 137.239285, 36.731928 ] } },
{ "type": "Feature", "properties": { "ID": 1622160116624, "正式名称": "堀地医院", "機関区分": 2, "都道府県コード": 16, "市区町村コード": 201, "所在地": "富山県富山市総曲輪４－４－４１", "緯度": 36.690339, "経度": 137.210743, "url": "https://www.iryou.teikyouseido.mhlw.go.jp/znk-web/juminkanja/S2430/initialize?prefCd=16&kikanCd=2160116624&kikanKbn=2", "url2": "https://www.horichi-clinic.com/", "内容": "堀地医院【2:診療所】【診療科目:内科_呼吸器内科_消化器内科_外科】富山県富山市総曲輪４－４－４１" }, "geometry": { "type": "Point", "coordinates": [ 137.210743, 36.690339 ] } },
{ "type": "Feature", "properties": { "ID": 1622160116657, "正式名称": "医療法人社団　長森興南クリニック", "機関区分": 2, "都道府県コード": 16, "市区町村コード": 201, "所在地": "富山県富山市蜷川１１－４", "緯度": 36.645464, "経度": 137.206598, "url": "https://www.iryou.teikyouseido.mhlw.go.jp/znk-web/juminkanja/S2430/initialize?prefCd=16&kikanCd=2160116657&kikanKbn=2", "url2": null, "内容": "医療法人社団　長森興南クリニック【2:診療所】【診療科目:内科_外科】富山県富山市蜷川１１－４" }, "geometry": { "type": "Point", "coordinates": [ 137.206598, 36.645464 ] } },
{ "type": "Feature", "properties": { "ID": 1622160116665, "正式名称": "みずの眼科クリニック", "機関区分": 2, "都道府県コード": 16, "市区町村コード": 201, "所在地": "富山県富山市蜷川１１－３", "緯度": 36.643187, "経度": 137.211014, "url": "https://www.iryou.teikyouseido.mhlw.go.jp/znk-web/juminkanja/S2430/initialize?prefCd=16&kikanCd=2160116665&kikanKbn=2", "url2": "http://www.mizuno-ganka-clinic.com/", "内容": "みずの眼科クリニック【2:診療所】【診療科目:眼科】富山県富山市蜷川１１－３" }, "geometry": { "type": "Point", "coordinates": [ 137.211014, 36.643187 ] } },
{ "type": "Feature", "properties": { "ID": 1622160116731, "正式名称": "きたがわ整形外科医院", "機関区分": 2, "都道府県コード": 16, "市区町村コード": 201, "所在地": "富山県富山市町村２－１５", "緯度": 36.681118, "経度": 137.257548, "url": "https://www.iryou.teikyouseido.mhlw.go.jp/znk-web/juminkanja/S2430/initialize?prefCd=16&kikanCd=2160116731&kikanKbn=2", "url2": "http://www.myclinic.ne.jp/h_kitagawa/", "内容": "きたがわ整形外科医院【2:診療所】【診療科目:内科_整形外科_リウマチ科_リハビリテーション科】富山県富山市町村２－１５" }, "geometry": { "type": "Point", "coordinates": [ 137.257548, 36.681118 ] } },
{ "type": "Feature", "properties": { "ID": 1622160116749, "正式名称": "土田内科医院", "機関区分": 2, "都道府県コード": 16, "市区町村コード": 201, "所在地": "富山県富山市栄町２丁目２－３", "緯度": 36.691904, "経度": 137.231955, "url": "https://www.iryou.teikyouseido.mhlw.go.jp/znk-web/juminkanja/S2430/initialize?prefCd=16&kikanCd=2160116749&kikanKbn=2", "url2": "http://www.tsuchida-naika.com/", "内容": "土田内科医院【2:診療所】【診療科目:内科_消化器内科_胃腸内科】富山県富山市栄町２丁目２－３" }, "geometry": { "type": "Point", "coordinates": [ 137.231955, 36.691904 ] } },
{ "type": "Feature", "properties": { "ID": 1622160116764, "正式名称": "医療法人社団東とやまクリニック", "機関区分": 2, "都道府県コード": 16, "市区町村コード": 201, "所在地": "富山県富山市東富山寿町３－１２－２１", "緯度": 36.743066, "経度": 137.247284, "url": "https://www.iryou.teikyouseido.mhlw.go.jp/znk-web/juminkanja/S2430/initialize?prefCd=16&kikanCd=2160116764&kikanKbn=2", "url2": null, "内容": "医療法人社団東とやまクリニック【2:診療所】【診療科目:内科_循環器内科_消化器内科_皮膚科_アレルギー科】富山県富山市東富山寿町３－１２－２１" }, "geometry": { "type": "Point", "coordinates": [ 137.247284, 36.743066 ] } },
{ "type": "Feature", "properties": { "ID": 1622160116798, "正式名称": "わかばクリニック", "機関区分": 2, "都道府県コード": 16, "市区町村コード": 201, "所在地": "富山県富山市山室２６４－７", "緯度": 36.66924, "経度": 137.239038, "url": "https://www.iryou.teikyouseido.mhlw.go.jp/znk-web/juminkanja/S2430/initialize?prefCd=16&kikanCd=2160116798&kikanKbn=2", "url2": null, "内容": "わかばクリニック【2:診療所】【診療科目:耳鼻いんこう科_アレルギー科】富山県富山市山室２６４－７" }, "geometry": { "type": "Point", "coordinates": [ 137.239038, 36.66924 ] } },
{ "type": "Feature", "properties": { "ID": 1622160116806, "正式名称": "たかはた整形外科クリニック", "機関区分": 2, "都道府県コード": 16, "市区町村コード": 201, "所在地": "富山県富山市城川原２丁目１６－１", "緯度": 36.732261, "経度": 137.22637, "url": "https://www.iryou.teikyouseido.mhlw.go.jp/znk-web/juminkanja/S2430/initialize?prefCd=16&kikanCd=2160116806&kikanKbn=2", "url2": "http://www.takahata-sekei.com/", "内容": "たかはた整形外科クリニック【2:診療所】【診療科目:整形外科_リハビリテーション科】富山県富山市城川原２丁目１６－１" }, "geometry": { "type": "Point", "coordinates": [ 137.22637, 36.732261 ] } },
{ "type": "Feature", "properties": { "ID": 1622160116814, "正式名称": "医療法人社団まつい皮ふ科クリニック", "機関区分": 2, "都道府県コード": 16, "市区町村コード": 201, "所在地": "富山県富山市大泉本町２－３－４", "緯度": 36.676795, "経度": 137.225234, "url": "https://www.iryou.teikyouseido.mhlw.go.jp/znk-web/juminkanja/S2430/initialize?prefCd=16&kikanCd=2160116814&kikanKbn=2", "url2": "http://matsui-hifuka-clinic.com/", "内容": "医療法人社団まつい皮ふ科クリニック【2:診療所】【診療科目:皮膚科】富山県富山市大泉本町２－３－４" }, "geometry": { "type": "Point", "coordinates": [ 137.225234, 36.676795 ] } },
{ "type": "Feature", "properties": { "ID": 1622160116822, "正式名称": "しんめいこどもクリニック", "機関区分": 2, "都道府県コード": 16, "市区町村コード": 201, "所在地": "富山県富山市高田９０－２", "緯度": 36.684932, "経度": 137.186375, "url": "https://www.iryou.teikyouseido.mhlw.go.jp/znk-web/juminkanja/S2430/initialize?prefCd=16&kikanCd=2160116822&kikanKbn=2", "url2": "http://shinmei-clinic.jp/", "内容": "しんめいこどもクリニック【2:診療所】【診療科目:小児科_小児外科】富山県富山市高田９０－２" }, "geometry": { "type": "Point", "coordinates": [ 137.186375, 36.684932 ] } },
{ "type": "Feature", "properties": { "ID": 1622160116830, "正式名称": "山西医院", "機関区分": 2, "都道府県コード": 16, "市区町村コード": 201, "所在地": "富山県富山市牛島本町２丁目６－８", "緯度": 36.705847, "経度": 137.209456, "url": "https://www.iryou.teikyouseido.mhlw.go.jp/znk-web/juminkanja/S2430/initialize?prefCd=16&kikanCd=2160116830&kikanKbn=2", "url2": null, "内容": "山西医院【2:診療所】【診療科目:内科】富山県富山市牛島本町２丁目６－８" }, "geometry": { "type": "Point", "coordinates": [ 137.209456, 36.705847 ] } },
{ "type": "Feature", "properties": { "ID": 1622160116848, "正式名称": "医療法人社団　桜風会　東岩瀬クリニック", "機関区分": 2, "都道府県コード": 16, "市区町村コード": 201, "所在地": "富山県富山市高畠町１－１１－１１", "緯度": 36.749454, "経度": 137.230813, "url": "https://www.iryou.teikyouseido.mhlw.go.jp/znk-web/juminkanja/S2430/initialize?prefCd=16&kikanCd=2160116848&kikanKbn=2", "url2": "http://www.higashiiwaseclinic.jp/", "内容": "医療法人社団　桜風会　東岩瀬クリニック【2:診療所】【診療科目:内科_循環器内科】富山県富山市高畠町１－１１－１１" }, "geometry": { "type": "Point", "coordinates": [ 137.230813, 36.749454 ] } },
{ "type": "Feature", "properties": { "ID": 1622160116855, "正式名称": "桝谷胃腸科内科クリニック", "機関区分": 2, "都道府県コード": 16, "市区町村コード": 201, "所在地": "富山県富山市新富町１－１－４　ホテルα－１　１階", "緯度": 36.700292, "経度": 137.211817, "url": "https://www.iryou.teikyouseido.mhlw.go.jp/znk-web/juminkanja/S2430/initialize?prefCd=16&kikanCd=2160116855&kikanKbn=2", "url2": "http://www.masutani.jp", "内容": "桝谷胃腸科内科クリニック【2:診療所】【診療科目:内科_消化器内科_胃腸内科_外科】富山県富山市新富町１－１－４　ホテルα－１　１階" }, "geometry": { "type": "Point", "coordinates": [ 137.211817, 36.700292 ] } },
{ "type": "Feature", "properties": { "ID": 1622160116889, "正式名称": "耳鼻咽喉科しぶたに医院", "機関区分": 2, "都道府県コード": 16, "市区町村コード": 201, "所在地": "富山県富山市呉羽町２４１７－８", "緯度": 36.714984, "経度": 137.161043, "url": "https://www.iryou.teikyouseido.mhlw.go.jp/znk-web/juminkanja/S2430/initialize?prefCd=16&kikanCd=2160116889&kikanKbn=2", "url2": "http://shibutani.life.coocan.jp/", "内容": "耳鼻咽喉科しぶたに医院【2:診療所】【診療科目:耳鼻いんこう科_アレルギー科】富山県富山市呉羽町２４１７－８" }, "geometry": { "type": "Point", "coordinates": [ 137.161043, 36.714984 ] } },
{ "type": "Feature", "properties": { "ID": 1622160116947, "正式名称": "医療法人社団青空会青空クリニック", "機関区分": 2, "都道府県コード": 16, "市区町村コード": 201, "所在地": "富山県富山市堀１４１", "緯度": 36.653436, "経度": 137.230956, "url": "https://www.iryou.teikyouseido.mhlw.go.jp/znk-web/juminkanja/S2430/initialize?prefCd=16&kikanCd=2160116947&kikanKbn=2", "url2": "https://aozoraclinic.jp/", "内容": "医療法人社団青空会青空クリニック【2:診療所】【診療科目:内科_皮膚科_泌尿器科】富山県富山市堀１４１" }, "geometry": { "type": "Point", "coordinates": [ 137.230956, 36.653436 ] } },
{ "type": "Feature", "properties": { "ID": 1622160116962, "正式名称": "土田眼科医院", "機関区分": 2, "都道府県コード": 16, "市区町村コード": 201, "所在地": "富山県富山市太田口通り１－４－７", "緯度": 36.687904, "経度": 137.214539, "url": "https://www.iryou.teikyouseido.mhlw.go.jp/znk-web/juminkanja/S2430/initialize?prefCd=16&kikanCd=2160116962&kikanKbn=2", "url2": null, "内容": "土田眼科医院【2:診療所】【診療科目:眼科】富山県富山市太田口通り１－４－７" }, "geometry": { "type": "Point", "coordinates": [ 137.214539, 36.687904 ] } },
{ "type": "Feature", "properties": { "ID": 1622160116970, "正式名称": "藤井脳神経外科・整形外科", "機関区分": 2, "都道府県コード": 16, "市区町村コード": 201, "所在地": "富山県富山市水橋辻ケ堂１２７５－１７０", "緯度": 36.744816, "経度": 137.297363, "url": "https://www.iryou.teikyouseido.mhlw.go.jp/znk-web/juminkanja/S2430/initialize?prefCd=16&kikanCd=2160116970&kikanKbn=2", "url2": "http://fujiiclinic.cocolog-nifty.com/fnoclinic/", "内容": "藤井脳神経外科・整形外科【2:診療所】【診療科目:神経内科_脳神経外科_整形外科_リハビリテーション科】富山県富山市水橋辻ケ堂１２７５－１７０" }, "geometry": { "type": "Point", "coordinates": [ 137.297363, 36.744816 ] } },
{ "type": "Feature", "properties": { "ID": 1622160117002, "正式名称": "医療法人社団さくらまちハートケアクリニック", "機関区分": 2, "都道府県コード": 16, "市区町村コード": 201, "所在地": "富山県富山市桜町１丁目３－４　東洋ビル１２　２Ｆ", "緯度": 36.699514, "経度": 137.214456, "url": "https://www.iryou.teikyouseido.mhlw.go.jp/znk-web/juminkanja/S2430/initialize?prefCd=16&kikanCd=2160117002&kikanKbn=2", "url2": "http://www.heartcare-clinic.info/", "内容": "医療法人社団さくらまちハートケアクリニック【2:診療所】【診療科目:心療内科_精神科_神経科_心療内科】富山県富山市桜町１丁目３－４　東洋ビル１２　２Ｆ" }, "geometry": { "type": "Point", "coordinates": [ 137.214456, 36.699514 ] } },
{ "type": "Feature", "properties": { "ID": 1622160117036, "正式名称": "医療法人社団なかしま産婦人科", "機関区分": 2, "都道府県コード": 16, "市区町村コード": 201, "所在地": "富山県富山市町村２－７０", "緯度": 36.681002, "経度": 137.258278, "url": "https://www.iryou.teikyouseido.mhlw.go.jp/znk-web/juminkanja/S2430/initialize?prefCd=16&kikanCd=2160117036&kikanKbn=2", "url2": "http://www.nakashima-obgyn.com", "内容": "医療法人社団なかしま産婦人科【2:診療所】【診療科目:産婦人科】富山県富山市町村２－７０" }, "geometry": { "type": "Point", "coordinates": [ 137.258278, 36.681002 ] } },
{ "type": "Feature", "properties": { "ID": 1622160117275, "正式名称": "岩佐医院", "機関区分": 2, "都道府県コード": 16, "市区町村コード": 201, "所在地": "富山県富山市八尾町井田５７４４－１", "緯度": 36.597373, "経度": 137.150918, "url": "https://www.iryou.teikyouseido.mhlw.go.jp/znk-web/juminkanja/S2430/initialize?prefCd=16&kikanCd=2160117275&kikanKbn=2", "url2": "http://www.iwasaiin.com", "内容": "岩佐医院【2:診療所】【診療科目:内科_泌尿器科】富山県富山市八尾町井田５７４４－１" }, "geometry": { "type": "Point", "coordinates": [ 137.150918, 36.597373 ] } },
{ "type": "Feature", "properties": { "ID": 1622160117457, "正式名称": "あおやま整形外科クリニック", "機関区分": 2, "都道府県コード": 16, "市区町村コード": 201, "所在地": "富山県富山市婦中町田島１０３８", "緯度": 36.671989, "経度": 137.178238, "url": "https://www.iryou.teikyouseido.mhlw.go.jp/znk-web/juminkanja/S2430/initialize?prefCd=16&kikanCd=2160117457&kikanKbn=2", "url2": "https://aoyama-orthop.com/", "内容": "あおやま整形外科クリニック【2:診療所】【診療科目:整形外科_リハビリテーション科】富山県富山市婦中町田島１０３８" }, "geometry": { "type": "Point", "coordinates": [ 137.178238, 36.671989 ] } },
{ "type": "Feature", "properties": { "ID": 1622160117507, "正式名称": "医療法人社団　松岡内科胃腸科クリニック", "機関区分": 2, "都道府県コード": 16, "市区町村コード": 201, "所在地": "富山県富山市上飯野１－３", "緯度": 36.706347, "経度": 137.24973, "url": "https://www.iryou.teikyouseido.mhlw.go.jp/znk-web/juminkanja/S2430/initialize?prefCd=16&kikanCd=2160117507&kikanKbn=2", "url2": "http://www.matsuoka-naika.com/", "内容": "医療法人社団　松岡内科胃腸科クリニック【2:診療所】【診療科目:内科_胃腸内科_放射線科】富山県富山市上飯野１－３" }, "geometry": { "type": "Point", "coordinates": [ 137.24973, 36.706347 ] } },
{ "type": "Feature", "properties": { "ID": 1622160117515, "正式名称": "吉本レディースクリニック", "機関区分": 2, "都道府県コード": 16, "市区町村コード": 201, "所在地": "富山県富山市羽根５１１－１", "緯度": 36.681516, "経度": 137.184959, "url": "https://www.iryou.teikyouseido.mhlw.go.jp/znk-web/juminkanja/S2430/initialize?prefCd=16&kikanCd=2160117515&kikanKbn=2", "url2": "https://yoshimoto-lc.com", "内容": "吉本レディースクリニック【2:診療所】【診療科目:産科_婦人科_美容皮膚科】富山県富山市羽根５１１－１" }, "geometry": { "type": "Point", "coordinates": [ 137.184959, 36.681516 ] } },
{ "type": "Feature", "properties": { "ID": 1622160117531, "正式名称": "すざき子ども医院", "機関区分": 2, "都道府県コード": 16, "市区町村コード": 201, "所在地": "富山県富山市婦中町砂子田３８－６", "緯度": 36.652685, "経度": 137.163156, "url": "https://www.iryou.teikyouseido.mhlw.go.jp/znk-web/juminkanja/S2430/initialize?prefCd=16&kikanCd=2160117531&kikanKbn=2", "url2": null, "内容": "すざき子ども医院【2:診療所】【診療科目:小児科】富山県富山市婦中町砂子田３８－６" }, "geometry": { "type": "Point", "coordinates": [ 137.163156, 36.652685 ] } },
{ "type": "Feature", "properties": { "ID": 1622160117549, "正式名称": "みみはなのど・あそうクリニック", "機関区分": 2, "都道府県コード": 16, "市区町村コード": 201, "所在地": "富山県富山市西長江１－１－１１", "緯度": 36.69446, "経度": 137.234038, "url": "https://www.iryou.teikyouseido.mhlw.go.jp/znk-web/juminkanja/S2430/initialize?prefCd=16&kikanCd=2160117549&kikanKbn=2", "url2": "http://www.mimihananodo.net/", "内容": "みみはなのど・あそうクリニック【2:診療所】【診療科目:耳鼻いんこう科_アレルギー科】富山県富山市西長江１－１－１１" }, "geometry": { "type": "Point", "coordinates": [ 137.234038, 36.69446 ] } },
{ "type": "Feature", "properties": { "ID": 1622160117564, "正式名称": "医療法人社団　松緑会　松野リウマチ整形外科", "機関区分": 2, "都道府県コード": 16, "市区町村コード": 201, "所在地": "富山県富山市呉羽町７１８７－２", "緯度": 36.711623, "経度": 137.171236, "url": "https://www.iryou.teikyouseido.mhlw.go.jp/znk-web/juminkanja/S2430/initialize?prefCd=16&kikanCd=2160117564&kikanKbn=2", "url2": "http://www.toyama-ra.com/", "内容": "医療法人社団　松緑会　松野リウマチ整形外科【2:診療所】【診療科目:整形外科_リウマチ科_リハビリテーション科】富山県富山市呉羽町７１８７－２" }, "geometry": { "type": "Point", "coordinates": [ 137.171236, 36.711623 ] } },
{ "type": "Feature", "properties": { "ID": 1622160117663, "正式名称": "豊田魚津クリニック", "機関区分": 2, "都道府県コード": 16, "市区町村コード": 201, "所在地": "富山県富山市豊田４６３－１", "緯度": 36.729011, "経度": 137.239008, "url": "https://www.iryou.teikyouseido.mhlw.go.jp/znk-web/juminkanja/S2430/initialize?prefCd=16&kikanCd=2160117663&kikanKbn=2", "url2": "http://www.toyotauozu-clinic.jp/", "内容": "豊田魚津クリニック【2:診療所】【診療科目:内科_胃腸内科_外科_女性乳腺外科】富山県富山市豊田４６３－１" }, "geometry": { "type": "Point", "coordinates": [ 137.239008, 36.729011 ] } },
{ "type": "Feature", "properties": { "ID": 1622160117689, "正式名称": "谷川醫院", "機関区分": 2, "都道府県コード": 16, "市区町村コード": 201, "所在地": "富山県富山市堀川小泉町２区１２６－７", "緯度": 36.673064, "経度": 137.221205, "url": "https://www.iryou.teikyouseido.mhlw.go.jp/znk-web/juminkanja/S2430/initialize?prefCd=16&kikanCd=2160117689&kikanKbn=2", "url2": "https://tanikawaiin.com/", "内容": "谷川醫院【2:診療所】【診療科目:内科_漢方内科】富山県富山市堀川小泉町２区１２６－７" }, "geometry": { "type": "Point", "coordinates": [ 137.221205, 36.673064 ] } },
{ "type": "Feature", "properties": { "ID": 1622160117697, "正式名称": "はやほし内科胃腸科クリニック", "機関区分": 2, "都道府県コード": 16, "市区町村コード": 201, "所在地": "富山県富山市婦中町速星３７５－１", "緯度": 36.66138, "経度": 137.164194, "url": "https://www.iryou.teikyouseido.mhlw.go.jp/znk-web/juminkanja/S2430/initialize?prefCd=16&kikanCd=2160117697&kikanKbn=2", "url2": null, "内容": "はやほし内科胃腸科クリニック【2:診療所】【診療科目:内科_呼吸器内科_循環器内科_消化器内科_胃腸内科】富山県富山市婦中町速星３７５－１" }, "geometry": { "type": "Point", "coordinates": [ 137.164194, 36.66138 ] } },
{ "type": "Feature", "properties": { "ID": 1622160117705, "正式名称": "さとむら内科医院", "機関区分": 2, "都道府県コード": 16, "市区町村コード": 201, "所在地": "富山県富山市西長江１－１－２", "緯度": 36.694682, "経度": 137.233482, "url": "https://www.iryou.teikyouseido.mhlw.go.jp/znk-web/juminkanja/S2430/initialize?prefCd=16&kikanCd=2160117705&kikanKbn=2", "url2": "https://www.satomura-naika.jp", "内容": "さとむら内科医院【2:診療所】【診療科目:内科】富山県富山市西長江１－１－２" }, "geometry": { "type": "Point", "coordinates": [ 137.233482, 36.694682 ] } },
{ "type": "Feature", "properties": { "ID": 1622160117762, "正式名称": "耳鼻咽喉科中川医院", "機関区分": 2, "都道府県コード": 16, "市区町村コード": 201, "所在地": "富山県富山市大泉本町１－１１－３", "緯度": 36.677045, "経度": 137.224734, "url": "https://www.iryou.teikyouseido.mhlw.go.jp/znk-web/juminkanja/S2430/initialize?prefCd=16&kikanCd=2160117762&kikanKbn=2", "url2": null, "内容": "耳鼻咽喉科中川医院【2:診療所】【診療科目:耳鼻いんこう科】富山県富山市大泉本町１－１１－３" }, "geometry": { "type": "Point", "coordinates": [ 137.224734, 36.677045 ] } },
{ "type": "Feature", "properties": { "ID": 1622160117770, "正式名称": "しのだ眼科クリニック", "機関区分": 2, "都道府県コード": 16, "市区町村コード": 201, "所在地": "富山県富山市上大久保３０６－６", "緯度": 36.594664, "経度": 137.208128, "url": "https://www.iryou.teikyouseido.mhlw.go.jp/znk-web/juminkanja/S2430/initialize?prefCd=16&kikanCd=2160117770&kikanKbn=2", "url2": "http://www.shinoda-eye.com", "内容": "しのだ眼科クリニック【2:診療所】【診療科目:眼科】富山県富山市上大久保３０６－６" }, "geometry": { "type": "Point", "coordinates": [ 137.208128, 36.594664 ] } },
{ "type": "Feature", "properties": { "ID": 1622160117796, "正式名称": "女性クリニックＷｅ富山", "機関区分": 2, "都道府県コード": 16, "市区町村コード": 201, "所在地": "富山県富山市根塚町１－５－１", "緯度": 36.674461, "経度": 137.20468, "url": "https://www.iryou.teikyouseido.mhlw.go.jp/znk-web/juminkanja/S2430/initialize?prefCd=16&kikanCd=2160117796&kikanKbn=2", "url2": "http://www.we-toyama.jp", "内容": "女性クリニックＷｅ富山【2:診療所】【診療科目:内科_乳腺外科_形成外科_美容外科_婦人科】富山県富山市根塚町１－５－１" }, "geometry": { "type": "Point", "coordinates": [ 137.20468, 36.674461 ] } },
{ "type": "Feature", "properties": { "ID": 1622160117812, "正式名称": "小嶋ウィメンズクリニック", "機関区分": 2, "都道府県コード": 16, "市区町村コード": 201, "所在地": "富山県富山市五福５２１－１", "緯度": 36.700375, "経度": 137.196207, "url": "https://www.iryou.teikyouseido.mhlw.go.jp/znk-web/juminkanja/S2430/initialize?prefCd=16&kikanCd=2160117812&kikanKbn=2", "url2": "https://www.kojima-womensclinic.com", "内容": "小嶋ウィメンズクリニック【2:診療所】【診療科目:産婦人科（生殖医療）】富山県富山市五福５２１－１" }, "geometry": { "type": "Point", "coordinates": [ 137.196207, 36.700375 ] } },
{ "type": "Feature", "properties": { "ID": 1622160117820, "正式名称": "医療法人社団　岡部こども医院", "機関区分": 2, "都道府県コード": 16, "市区町村コード": 201, "所在地": "富山県富山市二口町１－１２－７", "緯度": 36.672739, "経度": 137.202624, "url": "https://www.iryou.teikyouseido.mhlw.go.jp/znk-web/juminkanja/S2430/initialize?prefCd=16&kikanCd=2160117820&kikanKbn=2", "url2": "http://www.okabe-kodomo.jp/", "内容": "医療法人社団　岡部こども医院【2:診療所】【診療科目:内科_小児科】富山県富山市二口町１－１２－７" }, "geometry": { "type": "Point", "coordinates": [ 137.202624, 36.672739 ] } },
{ "type": "Feature", "properties": { "ID": 1622160117838, "正式名称": "松田内科クリニック", "機関区分": 2, "都道府県コード": 16, "市区町村コード": 201, "所在地": "富山県富山市新庄町１５８－１", "緯度": 36.695904, "経度": 137.257952, "url": "https://www.iryou.teikyouseido.mhlw.go.jp/znk-web/juminkanja/S2430/initialize?prefCd=16&kikanCd=2160117838&kikanKbn=2", "url2": "http://nttbj.itp.ne.jp/0764212026/index.html", "内容": "松田内科クリニック【2:診療所】【診療科目:内科_胃腸内科_麻酔科】富山県富山市新庄町１５８－１" }, "geometry": { "type": "Point", "coordinates": [ 137.257952, 36.695904 ] } },
{ "type": "Feature", "properties": { "ID": 1622160117846, "正式名称": "宮本内科外科胃腸科クリニック", "機関区分": 2, "都道府県コード": 16, "市区町村コード": 201, "所在地": "富山県富山市願海寺３９７－３", "緯度": 36.72015, "経度": 137.140294, "url": "https://www.iryou.teikyouseido.mhlw.go.jp/znk-web/juminkanja/S2430/initialize?prefCd=16&kikanCd=2160117846&kikanKbn=2", "url2": "miyamotoclinic.jp", "内容": "宮本内科外科胃腸科クリニック【2:診療所】【診療科目:内科_胃腸内科_外科】富山県富山市願海寺３９７－３" }, "geometry": { "type": "Point", "coordinates": [ 137.140294, 36.72015 ] } },
{ "type": "Feature", "properties": { "ID": 1622160117879, "正式名称": "江尻内科医院", "機関区分": 2, "都道府県コード": 16, "市区町村コード": 201, "所在地": "富山県富山市布瀬町南１－１６－１", "緯度": 36.676072, "経度": 137.200097, "url": "https://www.iryou.teikyouseido.mhlw.go.jp/znk-web/juminkanja/S2430/initialize?prefCd=16&kikanCd=2160117879&kikanKbn=2", "url2": "http://ww3.ctt.ne.jp/~ejiri-mc/", "内容": "江尻内科医院【2:診療所】【診療科目:内科_循環器内科_消化器内科】富山県富山市布瀬町南１－１６－１" }, "geometry": { "type": "Point", "coordinates": [ 137.200097, 36.676072 ] } },
{ "type": "Feature", "properties": { "ID": 1622160117887, "正式名称": "医療法人社団上野医院", "機関区分": 2, "都道府県コード": 16, "市区町村コード": 201, "所在地": "富山県富山市下新本町４－３０", "緯度": 36.71552, "経度": 137.220897, "url": "https://www.iryou.teikyouseido.mhlw.go.jp/znk-web/juminkanja/S2430/initialize?prefCd=16&kikanCd=2160117887&kikanKbn=2", "url2": "https://uenoiin.com", "内容": "医療法人社団上野医院【2:診療所】【診療科目:内科_循環器内科_腎臓内科】富山県富山市下新本町４－３０" }, "geometry": { "type": "Point", "coordinates": [ 137.220897, 36.71552 ] } },
{ "type": "Feature", "properties": { "ID": 1622160117903, "正式名称": "さくらニューロクリニック", "機関区分": 2, "都道府県コード": 16, "市区町村コード": 201, "所在地": "富山県富山市下新本町３－６", "緯度": 36.715651, "経度": 137.219093, "url": "https://www.iryou.teikyouseido.mhlw.go.jp/znk-web/juminkanja/S2430/initialize?prefCd=16&kikanCd=2160117903&kikanKbn=2", "url2": "https://www.toyamasakura.com", "内容": "さくらニューロクリニック【2:診療所】【診療科目:内科_脳神経内科_脳神経外科_精神科_心療内科_リハビリテーション科】富山県富山市下新本町３－６" }, "geometry": { "type": "Point", "coordinates": [ 137.219093, 36.715651 ] } },
{ "type": "Feature", "properties": { "ID": 1622160117911, "正式名称": "とりさき眼科", "機関区分": 2, "都道府県コード": 16, "市区町村コード": 201, "所在地": "富山県富山市太郎丸西町１丁目９－１５", "緯度": 36.677489, "経度": 137.207568, "url": "https://www.iryou.teikyouseido.mhlw.go.jp/znk-web/juminkanja/S2430/initialize?prefCd=16&kikanCd=2160117911&kikanKbn=2", "url2": "https://www.torisaki-ganka.jp/", "内容": "とりさき眼科【2:診療所】【診療科目:眼科】富山県富山市太郎丸西町１丁目９－１５" }, "geometry": { "type": "Point", "coordinates": [ 137.207568, 36.677489 ] } },
{ "type": "Feature", "properties": { "ID": 1622160119925, "正式名称": "脳とこころと眠りのサポートクリニック富山", "機関区分": 2, "都道府県コード": 16, "市区町村コード": 201, "所在地": "富山県富山市牛島新町５番５号インテックビル１階", "緯度": 36.702587, "経度": 137.215807, "url": "https://www.iryou.teikyouseido.mhlw.go.jp/znk-web/juminkanja/S2430/initialize?prefCd=16&kikanCd=2160119925&kikanKbn=2", "url2": "https://tsc.tokiwa-toyama.jp/", "内容": "脳とこころと眠りのサポートクリニック富山【2:診療所】【診療科目:内科_脳神経内科_児童精神科_精神科_心療内科_老年精神科_思春期精神科_臨床検査科】富山県富山市牛島新町５番５号インテックビル１階" }, "geometry": { "type": "Point", "coordinates": [ 137.215807, 36.702587 ] } },
{ "type": "Feature", "properties": { "ID": 1622160119958, "正式名称": "南條内科おなかクリニック", "機関区分": 2, "都道府県コード": 16, "市区町村コード": 201, "所在地": "富山県富山市石坂７７３－１", "緯度": 36.714959, "経度": 137.20016, "url": "https://www.iryou.teikyouseido.mhlw.go.jp/znk-web/juminkanja/S2430/initialize?prefCd=16&kikanCd=2160119958&kikanKbn=2", "url2": "https://nanjo-onaka.com/", "内容": "南條内科おなかクリニック【2:診療所】【診療科目:内科_消化器内科_内視鏡内科】富山県富山市石坂７７３－１" }, "geometry": { "type": "Point", "coordinates": [ 137.20016, 36.714959 ] } },
{ "type": "Feature", "properties": { "ID": 1622160211136, "正式名称": "宮田医院", "機関区分": 2, "都道府県コード": 16, "市区町村コード": 202, "所在地": "富山県高岡市中川本町１６－１４", "緯度": 36.749089, "経度": 137.026247, "url": "https://www.iryou.teikyouseido.mhlw.go.jp/znk-web/juminkanja/S2430/initialize?prefCd=16&kikanCd=2160211136&kikanKbn=2", "url2": null, "内容": "宮田医院【2:診療所】【診療科目:耳鼻いんこう科】富山県高岡市中川本町１６－１４" }, "geometry": { "type": "Point", "coordinates": [ 137.026247, 36.749089 ] } },
{ "type": "Feature", "properties": { "ID": 1622160211375, "正式名称": "宇野内科医院", "機関区分": 2, "都道府県コード": 16, "市区町村コード": 202, "所在地": "富山県高岡市伏木古国府５－３０", "緯度": 36.791585, "経度": 137.05602, "url": "https://www.iryou.teikyouseido.mhlw.go.jp/znk-web/juminkanja/S2430/initialize?prefCd=16&kikanCd=2160211375&kikanKbn=2", "url2": null, "内容": "宇野内科医院【2:診療所】【診療科目:内科】富山県高岡市伏木古国府５－３０" }, "geometry": { "type": "Point", "coordinates": [ 137.05602, 36.791585 ] } },
{ "type": "Feature", "properties": { "ID": 1622160211409, "正式名称": "高の宮医院", "機関区分": 2, "都道府県コード": 16, "市区町村コード": 202, "所在地": "富山県高岡市末広町１３－１５", "緯度": 36.744478, "経度": 137.010776, "url": "https://www.iryou.teikyouseido.mhlw.go.jp/znk-web/juminkanja/S2430/initialize?prefCd=16&kikanCd=2160211409&kikanKbn=2", "url2": "http://takanomiya.com/", "内容": "高の宮医院【2:診療所】【診療科目:内科_呼吸器内科_耳鼻いんこう科_アレルギー科】富山県高岡市末広町１３－１５" }, "geometry": { "type": "Point", "coordinates": [ 137.010776, 36.744478 ] } },
{ "type": "Feature", "properties": { "ID": 1622160211557, "正式名称": "医療法人社団　清水小児科医院", "機関区分": 2, "都道府県コード": 16, "市区町村コード": 202, "所在地": "富山県高岡市白金町５－３０", "緯度": 36.743173, "経度": 137.008971, "url": "https://www.iryou.teikyouseido.mhlw.go.jp/znk-web/juminkanja/S2430/initialize?prefCd=16&kikanCd=2160211557&kikanKbn=2", "url2": "http://shimizu-ped.byoinnavi.jp/", "内容": "医療法人社団　清水小児科医院【2:診療所】【診療科目:内科_小児科_アレルギー科】富山県高岡市白金町５－３０" }, "geometry": { "type": "Point", "coordinates": [ 137.008971, 36.743173 ] } },
{ "type": "Feature", "properties": { "ID": 1622160211607, "正式名称": "森胃腸内科クリニック", "機関区分": 2, "都道府県コード": 16, "市区町村コード": 202, "所在地": "富山県高岡市丸の内８－１", "緯度": 36.754477, "経度": 137.018664, "url": "https://www.iryou.teikyouseido.mhlw.go.jp/znk-web/juminkanja/S2430/initialize?prefCd=16&kikanCd=2160211607&kikanKbn=2", "url2": null, "内容": "森胃腸内科クリニック【2:診療所】【診療科目:内科_消化器内科_胃腸内科_肛門外科_整形外科】富山県高岡市丸の内８－１" }, "geometry": { "type": "Point", "coordinates": [ 137.018664, 36.754477 ] } },
{ "type": "Feature", "properties": { "ID": 1622160211698, "正式名称": "福田医院", "機関区分": 2, "都道府県コード": 16, "市区町村コード": 202, "所在地": "富山県高岡市新横町１２４５", "緯度": 36.745478, "経度": 137.016359, "url": "https://www.iryou.teikyouseido.mhlw.go.jp/znk-web/juminkanja/S2430/initialize?prefCd=16&kikanCd=2160211698&kikanKbn=2", "url2": "https://www.fukudaiin.com", "内容": "福田医院【2:診療所】【診療科目:内科_耳鼻いんこう科】富山県高岡市新横町１２４５" }, "geometry": { "type": "Point", "coordinates": [ 137.016359, 36.745478 ] } },
{ "type": "Feature", "properties": { "ID": 1622160211748, "正式名称": "村井医院", "機関区分": 2, "都道府県コード": 16, "市区町村コード": 202, "所在地": "富山県高岡市姫野４０１", "緯度": 36.773032, "経度": 137.087685, "url": "https://www.iryou.teikyouseido.mhlw.go.jp/znk-web/juminkanja/S2430/initialize?prefCd=16&kikanCd=2160211748&kikanKbn=2", "url2": null, "内容": "村井医院【2:診療所】【診療科目:耳鼻いんこう科】富山県高岡市姫野４０１" }, "geometry": { "type": "Point", "coordinates": [ 137.087685, 36.773032 ] } },
{ "type": "Feature", "properties": { "ID": 1622160211789, "正式名称": "高岡市急患医療センター", "機関区分": 2, "都道府県コード": 16, "市区町村コード": 202, "所在地": "富山県高岡市本丸町７番１号", "緯度": 36.750728, "経度": 137.019219, "url": "https://www.iryou.teikyouseido.mhlw.go.jp/znk-web/juminkanja/S2430/initialize?prefCd=16&kikanCd=2160211789&kikanKbn=2", "url2": "http://www.takaoka-med.org/kyuukaniryou", "内容": "高岡市急患医療センター【2:診療所】【診療科目:内科_外科_小児科】富山県高岡市本丸町７番１号" }, "geometry": { "type": "Point", "coordinates": [ 137.019219, 36.750728 ] } },
{ "type": "Feature", "properties": { "ID": 1622160211847, "正式名称": "阿部皮膚科医院", "機関区分": 2, "都道府県コード": 16, "市区町村コード": 202, "所在地": "富山県高岡市小馬出町７５", "緯度": 36.748478, "経度": 137.012553, "url": "https://www.iryou.teikyouseido.mhlw.go.jp/znk-web/juminkanja/S2430/initialize?prefCd=16&kikanCd=2160211847&kikanKbn=2", "url2": null, "内容": "阿部皮膚科医院【2:診療所】【診療科目:皮膚科】富山県高岡市小馬出町７５" }, "geometry": { "type": "Point", "coordinates": [ 137.012553, 36.748478 ] } },
{ "type": "Feature", "properties": { "ID": 1622160211953, "正式名称": "市野瀬和田内科医院", "機関区分": 2, "都道府県コード": 16, "市区町村コード": 202, "所在地": "富山県高岡市戸出市野瀬３８８", "緯度": 36.69926, "経度": 136.981892, "url": "https://www.iryou.teikyouseido.mhlw.go.jp/znk-web/juminkanja/S2430/initialize?prefCd=16&kikanCd=2160211953&kikanKbn=2", "url2": "https://wada-naikaiin.com", "内容": "市野瀬和田内科医院【2:診療所】【診療科目:内科】富山県高岡市戸出市野瀬３８８" }, "geometry": { "type": "Point", "coordinates": [ 136.981892, 36.69926 ] } },
{ "type": "Feature", "properties": { "ID": 1622160211979, "正式名称": "南星クリニック", "機関区分": 2, "都道府県コード": 16, "市区町村コード": 202, "所在地": "富山県高岡市木津１４５２－１５", "緯度": 36.738478, "経度": 137.001499, "url": "https://www.iryou.teikyouseido.mhlw.go.jp/znk-web/juminkanja/S2430/initialize?prefCd=16&kikanCd=2160211979&kikanKbn=2", "url2": "https://nansei-cl.jp/", "内容": "南星クリニック【2:診療所】【診療科目:内科_糖尿病・内分泌内科_呼吸器内科_循環器内科_消化器内科】富山県高岡市木津１４５２－１５" }, "geometry": { "type": "Point", "coordinates": [ 137.001499, 36.738478 ] } },
{ "type": "Feature", "properties": { "ID": 1622160212019, "正式名称": "小栗小児科医院", "機関区分": 2, "都道府県コード": 16, "市区町村コード": 202, "所在地": "富山県高岡市野村８６９", "緯度": 36.750367, "経度": 137.038579, "url": "https://www.iryou.teikyouseido.mhlw.go.jp/znk-web/juminkanja/S2430/initialize?prefCd=16&kikanCd=2160212019&kikanKbn=2", "url2": "https://oguri-shounika.com/", "内容": "小栗小児科医院【2:診療所】【診療科目:内科_小児科】富山県高岡市野村８６９" }, "geometry": { "type": "Point", "coordinates": [ 137.038579, 36.750367 ] } },
{ "type": "Feature", "properties": { "ID": 1622160212084, "正式名称": "宮島医院", "機関区分": 2, "都道府県コード": 16, "市区町村コード": 202, "所在地": "富山県高岡市常国３８７", "緯度": 36.686873, "経度": 137.026944, "url": "https://www.iryou.teikyouseido.mhlw.go.jp/znk-web/juminkanja/S2430/initialize?prefCd=16&kikanCd=2160212084&kikanKbn=2", "url2": null, "内容": "宮島医院【2:診療所】【診療科目:内科_胃腸内科_外科】富山県高岡市常国３８７" }, "geometry": { "type": "Point", "coordinates": [ 137.026944, 36.686873 ] } },
{ "type": "Feature", "properties": { "ID": 1622160212100, "正式名称": "半田内科医院", "機関区分": 2, "都道府県コード": 16, "市区町村コード": 202, "所在地": "富山県高岡市野村１０３４－１", "緯度": 36.749783, "経度": 137.032524, "url": "https://www.iryou.teikyouseido.mhlw.go.jp/znk-web/juminkanja/S2430/initialize?prefCd=16&kikanCd=2160212100&kikanKbn=2", "url2": null, "内容": "半田内科医院【2:診療所】【診療科目:内科_呼吸器内科_循環器内科_胃腸内科_小児科】富山県高岡市野村１０３４－１" }, "geometry": { "type": "Point", "coordinates": [ 137.032524, 36.749783 ] } },
{ "type": "Feature", "properties": { "ID": 1622160212183, "正式名称": "泌尿器科　小島医院", "機関区分": 2, "都道府県コード": 16, "市区町村コード": 202, "所在地": "富山県高岡市東中川町６－１０", "緯度": 36.747617, "経度": 137.029719, "url": "https://www.iryou.teikyouseido.mhlw.go.jp/znk-web/juminkanja/S2430/initialize?prefCd=16&kikanCd=2160212183&kikanKbn=2", "url2": "http://kojima-i.com/", "内容": "泌尿器科　小島医院【2:診療所】【診療科目:内科_泌尿器科】富山県高岡市東中川町６－１０" }, "geometry": { "type": "Point", "coordinates": [ 137.029719, 36.747617 ] } },
{ "type": "Feature", "properties": { "ID": 1622160212233, "正式名称": "石橋耳鼻咽喉科医院", "機関区分": 2, "都道府県コード": 16, "市区町村コード": 202, "所在地": "富山県高岡市旭ケ丘７４－３５", "緯度": 36.763282, "経度": 137.033218, "url": "https://www.iryou.teikyouseido.mhlw.go.jp/znk-web/juminkanja/S2430/initialize?prefCd=16&kikanCd=2160212233&kikanKbn=2", "url2": null, "内容": "石橋耳鼻咽喉科医院【2:診療所】【診療科目:耳鼻いんこう科_アレルギー科】富山県高岡市旭ケ丘７４－３５" }, "geometry": { "type": "Point", "coordinates": [ 137.033218, 36.763282 ] } },
{ "type": "Feature", "properties": { "ID": 1622160212258, "正式名称": "斉藤眼科医院", "機関区分": 2, "都道府県コード": 16, "市区町村コード": 202, "所在地": "富山県高岡市末広町１４－２７", "緯度": 36.745533, "経度": 137.011554, "url": "https://www.iryou.teikyouseido.mhlw.go.jp/znk-web/juminkanja/S2430/initialize?prefCd=16&kikanCd=2160212258&kikanKbn=2", "url2": "http://www.saito-ganka.jp", "内容": "斉藤眼科医院【2:診療所】【診療科目:眼科】富山県高岡市末広町１４－２７" }, "geometry": { "type": "Point", "coordinates": [ 137.011554, 36.745533 ] } },
{ "type": "Feature", "properties": { "ID": 1622160212266, "正式名称": "小沢眼科医院", "機関区分": 2, "都道府県コード": 16, "市区町村コード": 202, "所在地": "富山県高岡市坂下町７３", "緯度": 36.748478, "経度": 137.014831, "url": "https://www.iryou.teikyouseido.mhlw.go.jp/znk-web/juminkanja/S2430/initialize?prefCd=16&kikanCd=2160212266&kikanKbn=2", "url2": "http://www.ozawaganka.jp", "内容": "小沢眼科医院【2:診療所】【診療科目:眼科】富山県高岡市坂下町７３" }, "geometry": { "type": "Point", "coordinates": [ 137.014831, 36.748478 ] } },
{ "type": "Feature", "properties": { "ID": 1622160212290, "正式名称": "皮膚科神経内科　白崎医院", "機関区分": 2, "都道府県コード": 16, "市区町村コード": 202, "所在地": "富山県高岡市駅南３－５－３３", "緯度": 36.737784, "経度": 137.017637, "url": "https://www.iryou.teikyouseido.mhlw.go.jp/znk-web/juminkanja/S2430/initialize?prefCd=16&kikanCd=2160212290&kikanKbn=2", "url2": "http://www.shirasaki-hifuka.com", "内容": "皮膚科神経内科　白崎医院【2:診療所】【診療科目:内科_神経内科_形成外科_小児皮膚科_皮膚科_美容皮膚科】富山県高岡市駅南３－５－３３" }, "geometry": { "type": "Point", "coordinates": [ 137.017637, 36.737784 ] } },
{ "type": "Feature", "properties": { "ID": 1622160212332, "正式名称": "医療法人社団　宗玄医院", "機関区分": 2, "都道府県コード": 16, "市区町村コード": 202, "所在地": "富山県高岡市東下関１－１", "緯度": 36.743673, "経度": 137.019192, "url": "https://www.iryou.teikyouseido.mhlw.go.jp/znk-web/juminkanja/S2430/initialize?prefCd=16&kikanCd=2160212332&kikanKbn=2", "url2": "https://sogeniin.com/", "内容": "医療法人社団　宗玄医院【2:診療所】【診療科目:内科_呼吸器内科_アレルギー科】富山県高岡市東下関１－１" }, "geometry": { "type": "Point", "coordinates": [ 137.019192, 36.743673 ] } },
{ "type": "Feature", "properties": { "ID": 1622160212340, "正式名称": "杉森クリニック", "機関区分": 2, "都道府県コード": 16, "市区町村コード": 202, "所在地": "富山県高岡市上四屋３－８", "緯度": 36.758865, "経度": 137.00372, "url": "https://www.iryou.teikyouseido.mhlw.go.jp/znk-web/juminkanja/S2430/initialize?prefCd=16&kikanCd=2160212340&kikanKbn=2", "url2": "http://sugimoriclin.byoinnavi.jp/pc/", "内容": "杉森クリニック【2:診療所】【診療科目:内科_呼吸器内科_循環器内科_消化器内科】富山県高岡市上四屋３－８" }, "geometry": { "type": "Point", "coordinates": [ 137.00372, 36.758865 ] } },
{ "type": "Feature", "properties": { "ID": 1622160212373, "正式名称": "島田医院", "機関区分": 2, "都道府県コード": 16, "市区町村コード": 202, "所在地": "富山県高岡市昭和町３－３－１５", "緯度": 36.753727, "経度": 136.999638, "url": "https://www.iryou.teikyouseido.mhlw.go.jp/znk-web/juminkanja/S2430/initialize?prefCd=16&kikanCd=2160212373&kikanKbn=2", "url2": null, "内容": "島田医院【2:診療所】【診療科目:内科_小児科】富山県高岡市昭和町３－３－１５" }, "geometry": { "type": "Point", "coordinates": [ 136.999638, 36.753727 ] } },
{ "type": "Feature", "properties": { "ID": 1622160212381, "正式名称": "谷口医院", "機関区分": 2, "都道府県コード": 16, "市区町村コード": 202, "所在地": "富山県高岡市白金町１－２１", "緯度": 36.743173, "経度": 137.008971, "url": "https://www.iryou.teikyouseido.mhlw.go.jp/znk-web/juminkanja/S2430/initialize?prefCd=16&kikanCd=2160212381&kikanKbn=2", "url2": null, "内容": "谷口医院【2:診療所】【診療科目:皮膚科】富山県高岡市白金町１－２１" }, "geometry": { "type": "Point", "coordinates": [ 137.008971, 36.743173 ] } },
{ "type": "Feature", "properties": { "ID": 1622160212399, "正式名称": "こしぶ眼科クリニック", "機関区分": 2, "都道府県コード": 16, "市区町村コード": 202, "所在地": "富山県高岡市野村４１５－４", "緯度": 36.747089, "経度": 137.034941, "url": "https://www.iryou.teikyouseido.mhlw.go.jp/znk-web/juminkanja/S2430/initialize?prefCd=16&kikanCd=2160212399&kikanKbn=2", "url2": "https://koshibu.jp", "内容": "こしぶ眼科クリニック【2:診療所】【診療科目:眼科】富山県高岡市野村４１５－４" }, "geometry": { "type": "Point", "coordinates": [ 137.034941, 36.747089 ] } },
{ "type": "Feature", "properties": { "ID": 1622160212449, "正式名称": "上野医院", "機関区分": 2, "都道府県コード": 16, "市区町村コード": 202, "所在地": "富山県高岡市木津６０３", "緯度": 36.737284, "経度": 136.998555, "url": "https://www.iryou.teikyouseido.mhlw.go.jp/znk-web/juminkanja/S2430/initialize?prefCd=16&kikanCd=2160212449&kikanKbn=2", "url2": null, "内容": "上野医院【2:診療所】【診療科目:内科_呼吸器内科_循環器内科_胃腸内科_外科_消化器外科_肛門外科】富山県高岡市木津６０３" }, "geometry": { "type": "Point", "coordinates": [ 136.998555, 36.737284 ] } },
{ "type": "Feature", "properties": { "ID": 1622160212456, "正式名称": "桜馬場内科歯科医院", "機関区分": 2, "都道府県コード": 16, "市区町村コード": 202, "所在地": "富山県高岡市東下関１－２４", "緯度": 36.743812, "経度": 137.01897, "url": "https://www.iryou.teikyouseido.mhlw.go.jp/znk-web/juminkanja/S2430/initialize?prefCd=16&kikanCd=2160212456&kikanKbn=2", "url2": "http://sakurababa.xsrv.jp/", "内容": "桜馬場内科歯科医院【2:診療所】【診療科目:内科_歯科】富山県高岡市東下関１－２４" }, "geometry": { "type": "Point", "coordinates": [ 137.01897, 36.743812 ] } },
{ "type": "Feature", "properties": { "ID": 1622160212514, "正式名称": "高岡内科クリニック", "機関区分": 2, "都道府県コード": 16, "市区町村コード": 202, "所在地": "富山県高岡市能町南３－４１", "緯度": 36.766393, "経度": 137.044328, "url": "https://www.iryou.teikyouseido.mhlw.go.jp/znk-web/juminkanja/S2430/initialize?prefCd=16&kikanCd=2160212514&kikanKbn=2", "url2": null, "内容": "高岡内科クリニック【2:診療所】【診療科目:内科】富山県高岡市能町南３－４１" }, "geometry": { "type": "Point", "coordinates": [ 137.044328, 36.766393 ] } },
{ "type": "Feature", "properties": { "ID": 1622160212530, "正式名称": "藤田内科クリニック", "機関区分": 2, "都道府県コード": 16, "市区町村コード": 202, "所在地": "富山県高岡市瑞穂町４－２５", "緯度": 36.750394, "経度": 136.995721, "url": "https://www.iryou.teikyouseido.mhlw.go.jp/znk-web/juminkanja/S2430/initialize?prefCd=16&kikanCd=2160212530&kikanKbn=2", "url2": "http://fujitanaika.com", "内容": "藤田内科クリニック【2:診療所】【診療科目:内科_呼吸器内科_循環器内科_消化器内科】富山県高岡市瑞穂町４－２５" }, "geometry": { "type": "Point", "coordinates": [ 136.995721, 36.750394 ] } },
{ "type": "Feature", "properties": { "ID": 1622160212555, "正式名称": "高陵クリニック", "機関区分": 2, "都道府県コード": 16, "市区町村コード": 202, "所在地": "富山県高岡市野村２３－１", "緯度": 36.737757, "経度": 137.027275, "url": "https://www.iryou.teikyouseido.mhlw.go.jp/znk-web/juminkanja/S2430/initialize?prefCd=16&kikanCd=2160212555&kikanKbn=2", "url2": "http://www.ko-cli.com", "内容": "高陵クリニック【2:診療所】【診療科目:内科_血液内科_呼吸器内科_循環器内科_消化器内科】富山県高岡市野村２３－１" }, "geometry": { "type": "Point", "coordinates": [ 137.027275, 36.737757 ] } },
{ "type": "Feature", "properties": { "ID": 1622160212563, "正式名称": "福澤医院", "機関区分": 2, "都道府県コード": 16, "市区町村コード": 202, "所在地": "富山県高岡市立野美鳥町１－１１６", "緯度": 36.724118, "経度": 136.958948, "url": "https://www.iryou.teikyouseido.mhlw.go.jp/znk-web/juminkanja/S2430/initialize?prefCd=16&kikanCd=2160212563&kikanKbn=2", "url2": null, "内容": "福澤医院【2:診療所】【診療科目:内科_小児科】富山県高岡市立野美鳥町１－１１６" }, "geometry": { "type": "Point", "coordinates": [ 136.958948, 36.724118 ] } },
{ "type": "Feature", "properties": { "ID": 1622160212589, "正式名称": "高嶋内科医院", "機関区分": 2, "都道府県コード": 16, "市区町村コード": 202, "所在地": "富山県高岡市中曽根１１９－１", "緯度": 36.771671, "経度": 137.08088, "url": "https://www.iryou.teikyouseido.mhlw.go.jp/znk-web/juminkanja/S2430/initialize?prefCd=16&kikanCd=2160212589&kikanKbn=2", "url2": null, "内容": "高嶋内科医院【2:診療所】【診療科目:内科_循環器内科_消化器内科】富山県高岡市中曽根１１９－１" }, "geometry": { "type": "Point", "coordinates": [ 137.08088, 36.771671 ] } },
{ "type": "Feature", "properties": { "ID": 1622160212613, "正式名称": "吉江レディスクリニック", "機関区分": 2, "都道府県コード": 16, "市区町村コード": 202, "所在地": "富山県高岡市野村１２１３－１", "緯度": 36.753533, "経度": 137.039051, "url": "https://www.iryou.teikyouseido.mhlw.go.jp/znk-web/juminkanja/S2430/initialize?prefCd=16&kikanCd=2160212613&kikanKbn=2", "url2": "http://www.yoshie-l.jp/", "内容": "吉江レディスクリニック【2:診療所】【診療科目:産婦人科】富山県高岡市野村１２１３－１" }, "geometry": { "type": "Point", "coordinates": [ 137.039051, 36.753533 ] } },
{ "type": "Feature", "properties": { "ID": 1622160212621, "正式名称": "なるせクリニック", "機関区分": 2, "都道府県コード": 16, "市区町村コード": 202, "所在地": "富山県高岡市下麻生４９６", "緯度": 36.690956, "経度": 137.021944, "url": "https://www.iryou.teikyouseido.mhlw.go.jp/znk-web/juminkanja/S2430/initialize?prefCd=16&kikanCd=2160212621&kikanKbn=2", "url2": "http://www.naruse.gr.jp", "内容": "なるせクリニック【2:診療所】【診療科目:内科_整形外科_麻酔科】富山県高岡市下麻生４９６" }, "geometry": { "type": "Point", "coordinates": [ 137.021944, 36.690956 ] } },
{ "type": "Feature", "properties": { "ID": 1622160212639, "正式名称": "さのクリニック", "機関区分": 2, "都道府県コード": 16, "市区町村コード": 202, "所在地": "富山県高岡市佐野９１９－３", "緯度": 36.727146, "経度": 136.991778, "url": "https://www.iryou.teikyouseido.mhlw.go.jp/znk-web/juminkanja/S2430/initialize?prefCd=16&kikanCd=2160212639&kikanKbn=2", "url2": null, "内容": "さのクリニック【2:診療所】【診療科目:内科_泌尿器科】富山県高岡市佐野９１９－３" }, "geometry": { "type": "Point", "coordinates": [ 136.991778, 36.727146 ] } },
{ "type": "Feature", "properties": { "ID": 1622160212696, "正式名称": "稲尾医院", "機関区分": 2, "都道府県コード": 16, "市区町村コード": 202, "所在地": "富山県高岡市伏木本町３－２０", "緯度": 36.796418, "経度": 137.057492, "url": "https://www.iryou.teikyouseido.mhlw.go.jp/znk-web/juminkanja/S2430/initialize?prefCd=16&kikanCd=2160212696&kikanKbn=2", "url2": null, "内容": "稲尾医院【2:診療所】【診療科目:内科_循環器内科】富山県高岡市伏木本町３－２０" }, "geometry": { "type": "Point", "coordinates": [ 137.057492, 36.796418 ] } },
{ "type": "Feature", "properties": { "ID": 1622160212704, "正式名称": "内科小児科井川クリニック", "機関区分": 2, "都道府県コード": 16, "市区町村コード": 202, "所在地": "富山県高岡市大坪町１－２－３", "緯度": 36.753922, "経度": 137.016914, "url": "https://www.iryou.teikyouseido.mhlw.go.jp/znk-web/juminkanja/S2430/initialize?prefCd=16&kikanCd=2160212704&kikanKbn=2", "url2": "https://www.igawa-clinic.jp/", "内容": "内科小児科井川クリニック【2:診療所】【診療科目:内科_循環器内科_小児科_小児神経】富山県高岡市大坪町１－２－３" }, "geometry": { "type": "Point", "coordinates": [ 137.016914, 36.753922 ] } },
{ "type": "Feature", "properties": { "ID": 1622160212753, "正式名称": "竹越内科クリニック", "機関区分": 2, "都道府県コード": 16, "市区町村コード": 202, "所在地": "富山県高岡市野村３７７－７", "緯度": 36.746506, "経度": 137.033302, "url": "https://www.iryou.teikyouseido.mhlw.go.jp/znk-web/juminkanja/S2430/initialize?prefCd=16&kikanCd=2160212753&kikanKbn=2", "url2": "http://www.takegoshi.jp", "内容": "竹越内科クリニック【2:診療所】【診療科目:内科_消化器内科】富山県高岡市野村３７７－７" }, "geometry": { "type": "Point", "coordinates": [ 137.033302, 36.746506 ] } },
{ "type": "Feature", "properties": { "ID": 1622160212761, "正式名称": "髙田整形外科医院", "機関区分": 2, "都道府県コード": 16, "市区町村コード": 202, "所在地": "富山県高岡市あわら町１２－２５", "緯度": 36.757366, "経度": 137.022497, "url": "https://www.iryou.teikyouseido.mhlw.go.jp/znk-web/juminkanja/S2430/initialize?prefCd=16&kikanCd=2160212761&kikanKbn=2", "url2": null, "内容": "髙田整形外科医院【2:診療所】【診療科目:整形外科_リハビリテーション科】富山県高岡市あわら町１２－２５" }, "geometry": { "type": "Point", "coordinates": [ 137.022497, 36.757366 ] } },
{ "type": "Feature", "properties": { "ID": 1622160212829, "正式名称": "沼内科医院", "機関区分": 2, "都道府県コード": 16, "市区町村コード": 202, "所在地": "富山県高岡市野村１３３１", "緯度": 36.754061, "経度": 137.041356, "url": "https://www.iryou.teikyouseido.mhlw.go.jp/znk-web/juminkanja/S2430/initialize?prefCd=16&kikanCd=2160212829&kikanKbn=2", "url2": null, "内容": "沼内科医院【2:診療所】【診療科目:内科_呼吸器内科_循環器内科_消化器内科】富山県高岡市野村１３３１" }, "geometry": { "type": "Point", "coordinates": [ 137.041356, 36.754061 ] } },
{ "type": "Feature", "properties": { "ID": 1622160212845, "正式名称": "五十嵐内科医院", "機関区分": 2, "都道府県コード": 16, "市区町村コード": 202, "所在地": "富山県高岡市駅南３－９－１４", "緯度": 36.737618, "経度": 137.019803, "url": "https://www.iryou.teikyouseido.mhlw.go.jp/znk-web/juminkanja/S2430/initialize?prefCd=16&kikanCd=2160212845&kikanKbn=2", "url2": "https://iga3914arrow-ocn-ne-jp5.webnode.jp/", "内容": "五十嵐内科医院【2:診療所】【診療科目:内科_呼吸器内科_循環器内科_消化器内科_小児科】富山県高岡市駅南３－９－１４" }, "geometry": { "type": "Point", "coordinates": [ 137.019803, 36.737618 ] } },
{ "type": "Feature", "properties": { "ID": 1622160212886, "正式名称": "若草クリニック", "機関区分": 2, "都道府県コード": 16, "市区町村コード": 202, "所在地": "富山県高岡市中川園町３－５", "緯度": 36.750672, "経度": 137.03033, "url": "https://www.iryou.teikyouseido.mhlw.go.jp/znk-web/juminkanja/S2430/initialize?prefCd=16&kikanCd=2160212886&kikanKbn=2", "url2": null, "内容": "若草クリニック【2:診療所】【診療科目:内科_精神科_心療内科】富山県高岡市中川園町３－５" }, "geometry": { "type": "Point", "coordinates": [ 137.03033, 36.750672 ] } },
{ "type": "Feature", "properties": { "ID": 1622160212928, "正式名称": "耳鼻咽喉科なかむら医院", "機関区分": 2, "都道府県コード": 16, "市区町村コード": 202, "所在地": "富山県高岡市駅南３－６－２５", "緯度": 36.737784, "経度": 137.01647, "url": "https://www.iryou.teikyouseido.mhlw.go.jp/znk-web/juminkanja/S2430/initialize?prefCd=16&kikanCd=2160212928&kikanKbn=2", "url2": null, "内容": "耳鼻咽喉科なかむら医院【2:診療所】【診療科目:耳鼻いんこう科】富山県高岡市駅南３－６－２５" }, "geometry": { "type": "Point", "coordinates": [ 137.01647, 36.737784 ] } },
{ "type": "Feature", "properties": { "ID": 1622160212944, "正式名称": "雨晴クリニック", "機関区分": 2, "都道府県コード": 16, "市区町村コード": 202, "所在地": "富山県高岡市太田桜谷２３－１", "緯度": 36.814915, "経度": 137.033826, "url": "https://www.iryou.teikyouseido.mhlw.go.jp/znk-web/juminkanja/S2430/initialize?prefCd=16&kikanCd=2160212944&kikanKbn=2", "url2": "http://www.meijukai.com", "内容": "雨晴クリニック【2:診療所】【診療科目:内科_整形外科_皮膚科_精神科_リハビリテーション科】富山県高岡市太田桜谷２３－１" }, "geometry": { "type": "Point", "coordinates": [ 137.033826, 36.814915 ] } },
{ "type": "Feature", "properties": { "ID": 1622160212977, "正式名称": "斉藤脳神経外科医院", "機関区分": 2, "都道府県コード": 16, "市区町村コード": 202, "所在地": "富山県高岡市古定塚５－５０", "緯度": 36.751784, "経度": 137.033251, "url": "https://www.iryou.teikyouseido.mhlw.go.jp/znk-web/juminkanja/S2430/initialize?prefCd=16&kikanCd=2160212977&kikanKbn=2", "url2": "http://saito-neurosurgicalclinic.com/", "内容": "斉藤脳神経外科医院【2:診療所】【診療科目:内科_外科_脳神経外科_整形外科】富山県高岡市古定塚５－５０" }, "geometry": { "type": "Point", "coordinates": [ 137.033251, 36.751784 ] } },
{ "type": "Feature", "properties": { "ID": 1622160212985, "正式名称": "高岡駅南クリニック", "機関区分": 2, "都道府県コード": 16, "市区町村コード": 202, "所在地": "富山県高岡市駅南３－１－８", "緯度": 36.738368, "経度": 137.01647, "url": "https://www.iryou.teikyouseido.mhlw.go.jp/znk-web/juminkanja/S2430/initialize?prefCd=16&kikanCd=2160212985&kikanKbn=2", "url2": "http://www.ekinan-clinic.com/", "内容": "高岡駅南クリニック【2:診療所】【診療科目:内科_呼吸器内科_循環器内科_胃腸内科_外科_肛門外科_整形外科_小児科_小児外科_耳鼻いんこう科_皮膚科_泌尿器科_リハビリテーション科】富山県高岡市駅南３－１－８" }, "geometry": { "type": "Point", "coordinates": [ 137.01647, 36.738368 ] } },
{ "type": "Feature", "properties": { "ID": 1622160213082, "正式名称": "林内科医院", "機関区分": 2, "都道府県コード": 16, "市区町村コード": 202, "所在地": "富山県高岡市中島町３－１７", "緯度": 36.748033, "経度": 137.00461, "url": "https://www.iryou.teikyouseido.mhlw.go.jp/znk-web/juminkanja/S2430/initialize?prefCd=16&kikanCd=2160213082&kikanKbn=2", "url2": null, "内容": "林内科医院【2:診療所】【診療科目:内科】富山県高岡市中島町３－１７" }, "geometry": { "type": "Point", "coordinates": [ 137.00461, 36.748033 ] } },
{ "type": "Feature", "properties": { "ID": 1622160213108, "正式名称": "ほんごうハヤシ整形外科クリニック", "機関区分": 2, "都道府県コード": 16, "市区町村コード": 202, "所在地": "富山県高岡市美幸町１丁目１番４５号", "緯度": 36.756532, "経度": 136.997721, "url": "https://www.iryou.teikyouseido.mhlw.go.jp/znk-web/juminkanja/S2430/initialize?prefCd=16&kikanCd=2160213108&kikanKbn=2", "url2": "http://seirinkai.jp", "内容": "ほんごうハヤシ整形外科クリニック【2:診療所】【診療科目:整形外科】富山県高岡市美幸町１丁目１番４５号" }, "geometry": { "type": "Point", "coordinates": [ 136.997721, 36.756532 ] } },
{ "type": "Feature", "properties": { "ID": 1622160213124, "正式名称": "大島ひふ科医院", "機関区分": 2, "都道府県コード": 16, "市区町村コード": 202, "所在地": "富山県高岡市木津１２７７－４", "緯度": 36.733312, "経度": 136.997305, "url": "https://www.iryou.teikyouseido.mhlw.go.jp/znk-web/juminkanja/S2430/initialize?prefCd=16&kikanCd=2160213124&kikanKbn=2", "url2": null, "内容": "大島ひふ科医院【2:診療所】【診療科目:皮膚科】富山県高岡市木津１２７７－４" }, "geometry": { "type": "Point", "coordinates": [ 136.997305, 36.733312 ] } },
{ "type": "Feature", "properties": { "ID": 1622160213132, "正式名称": "高岡市きずな子ども発達支援センター", "機関区分": 2, "都道府県コード": 16, "市区町村コード": 202, "所在地": "富山県高岡市江尻２７９", "緯度": 36.758366, "経度": 137.029163, "url": "https://www.iryou.teikyouseido.mhlw.go.jp/znk-web/juminkanja/S2430/initialize?prefCd=16&kikanCd=2160213132&kikanKbn=2", "url2": "https://www.city.takaoka.toyama.jp/gyosei/kosodate_kyoiku/kosodateshisetsu/9087.html", "内容": "高岡市きずな子ども発達支援センター【2:診療所】【診療科目:整形外科_小児科】富山県高岡市江尻２７９" }, "geometry": { "type": "Point", "coordinates": [ 137.029163, 36.758366 ] } },
{ "type": "Feature", "properties": { "ID": 1622160213140, "正式名称": "丸山医院", "機関区分": 2, "都道府県コード": 16, "市区町村コード": 202, "所在地": "富山県高岡市泉町６－２８", "緯度": 36.735396, "経度": 137.00436, "url": "https://www.iryou.teikyouseido.mhlw.go.jp/znk-web/juminkanja/S2430/initialize?prefCd=16&kikanCd=2160213140&kikanKbn=2", "url2": null, "内容": "丸山医院【2:診療所】【診療科目:内科_精神科_心療内科】富山県高岡市泉町６－２８" }, "geometry": { "type": "Point", "coordinates": [ 137.00436, 36.735396 ] } },
{ "type": "Feature", "properties": { "ID": 1622160213165, "正式名称": "斉藤外科小児科クリニック", "機関区分": 2, "都道府県コード": 16, "市区町村コード": 202, "所在地": "富山県高岡市野村７９９", "緯度": 36.749589, "経度": 137.038579, "url": "https://www.iryou.teikyouseido.mhlw.go.jp/znk-web/juminkanja/S2430/initialize?prefCd=16&kikanCd=2160213165&kikanKbn=2", "url2": "http://w2332.nsk.ne.jp/ugayama-nda/", "内容": "斉藤外科小児科クリニック【2:診療所】【診療科目:内科_消化器内科_外科_整形外科_形成外科_小児科_小児外科_アレルギー科_麻酔科】富山県高岡市野村７９９" }, "geometry": { "type": "Point", "coordinates": [ 137.038579, 36.749589 ] } },
{ "type": "Feature", "properties": { "ID": 1622160213223, "正式名称": "真生会高岡クリニック", "機関区分": 2, "都道府県コード": 16, "市区町村コード": 202, "所在地": "富山県高岡市早川５１７", "緯度": 36.750394, "経度": 136.988194, "url": "https://www.iryou.teikyouseido.mhlw.go.jp/znk-web/juminkanja/S2430/initialize?prefCd=16&kikanCd=2160213223&kikanKbn=2", "url2": "https://www.shinseikai.jp/tanaka_naika/", "内容": "真生会高岡クリニック【2:診療所】【診療科目:内科_呼吸器内科_循環器内科_消化器内科】富山県高岡市早川５１７" }, "geometry": { "type": "Point", "coordinates": [ 136.988194, 36.750394 ] } },
{ "type": "Feature", "properties": { "ID": 1622160213231, "正式名称": "泉脳神経外科医院", "機関区分": 2, "都道府県コード": 16, "市区町村コード": 202, "所在地": "富山県高岡市駅南４－９－１６", "緯度": 36.737479, "経度": 137.013109, "url": "https://www.iryou.teikyouseido.mhlw.go.jp/znk-web/juminkanja/S2430/initialize?prefCd=16&kikanCd=2160213231&kikanKbn=2", "url2": "http://www.myclinic.ne.jp/izumi_nsc/", "内容": "泉脳神経外科医院【2:診療所】【診療科目:外科_脳神経外科_整形外科】富山県高岡市駅南４－９－１６" }, "geometry": { "type": "Point", "coordinates": [ 137.013109, 36.737479 ] } },
{ "type": "Feature", "properties": { "ID": 1622160213272, "正式名称": "白川クリニック", "機関区分": 2, "都道府県コード": 16, "市区町村コード": 202, "所在地": "富山県高岡市戸出町３丁目１９番５０号", "緯度": 36.680538, "経度": 136.976907, "url": "https://www.iryou.teikyouseido.mhlw.go.jp/znk-web/juminkanja/S2430/initialize?prefCd=16&kikanCd=2160213272&kikanKbn=2", "url2": "http://www.e-muchtoyama.com/0766620088", "内容": "白川クリニック【2:診療所】【診療科目:内科_循環器内科_外科_循環器外科_整形外科_リハビリテーション科】富山県高岡市戸出町３丁目１９番５０号" }, "geometry": { "type": "Point", "coordinates": [ 136.976907, 36.680538 ] } },
{ "type": "Feature", "properties": { "ID": 1622160213330, "正式名称": "はやみ眼科医院", "機関区分": 2, "都道府県コード": 16, "市区町村コード": 202, "所在地": "富山県高岡市米島４４６－４", "緯度": 36.774725, "経度": 137.0383, "url": "https://www.iryou.teikyouseido.mhlw.go.jp/znk-web/juminkanja/S2430/initialize?prefCd=16&kikanCd=2160213330&kikanKbn=2", "url2": "http://www.hayamieye.com", "内容": "はやみ眼科医院【2:診療所】【診療科目:眼科】富山県高岡市米島４４６－４" }, "geometry": { "type": "Point", "coordinates": [ 137.0383, 36.774725 ] } },
{ "type": "Feature", "properties": { "ID": 1622160213371, "正式名称": "越田内科クリニック", "機関区分": 2, "都道府県コード": 16, "市区町村コード": 202, "所在地": "富山県高岡市五福町２－２０", "緯度": 36.757366, "経度": 137.015886, "url": "https://www.iryou.teikyouseido.mhlw.go.jp/znk-web/juminkanja/S2430/initialize?prefCd=16&kikanCd=2160213371&kikanKbn=2", "url2": "http://www.koshida-naika.com", "内容": "越田内科クリニック【2:診療所】【診療科目:内科_糖尿病・内分泌内科_循環器内科_消化器内科】富山県高岡市五福町２－２０" }, "geometry": { "type": "Point", "coordinates": [ 137.015886, 36.757366 ] } },
{ "type": "Feature", "properties": { "ID": 1622160213389, "正式名称": "清水内科循環器科クリニック", "機関区分": 2, "都道府県コード": 16, "市区町村コード": 202, "所在地": "富山県高岡市金屋町１２－３", "緯度": 36.750561, "経度": 137.003554, "url": "https://www.iryou.teikyouseido.mhlw.go.jp/znk-web/juminkanja/S2430/initialize?prefCd=16&kikanCd=2160213389&kikanKbn=2", "url2": "http://www.e-muchtoyama.com/pt/02/10/03/0305/020305shimizu.html", "内容": "清水内科循環器科クリニック【2:診療所】【診療科目:内科_循環器内科】富山県高岡市金屋町１２－３" }, "geometry": { "type": "Point", "coordinates": [ 137.003554, 36.750561 ] } },
{ "type": "Feature", "properties": { "ID": 1622160213405, "正式名称": "泉が丘内科クリニック", "機関区分": 2, "都道府県コード": 16, "市区町村コード": 202, "所在地": "富山県高岡市佐野８９２－１", "緯度": 36.72934, "経度": 136.992917, "url": "https://www.iryou.teikyouseido.mhlw.go.jp/znk-web/juminkanja/S2430/initialize?prefCd=16&kikanCd=2160213405&kikanKbn=2", "url2": "http://izumigaoka-clinic.webmedipr.jp", "内容": "泉が丘内科クリニック【2:診療所】【診療科目:内科_呼吸器内科_循環器内科_消化器内科_腎臓内科_人工透析内科】富山県高岡市佐野８９２－１" }, "geometry": { "type": "Point", "coordinates": [ 136.992917, 36.72934 ] } },
{ "type": "Feature", "properties": { "ID": 1622160213413, "正式名称": "炭谷内科医院", "機関区分": 2, "都道府県コード": 16, "市区町村コード": 202, "所在地": "富山県高岡市大鋸屋町８番地", "緯度": 36.73959, "経度": 137.009193, "url": "https://www.iryou.teikyouseido.mhlw.go.jp/znk-web/juminkanja/S2430/initialize?prefCd=16&kikanCd=2160213413&kikanKbn=2", "url2": null, "内容": "炭谷内科医院【2:診療所】【診療科目:内科_循環器内科】富山県高岡市大鋸屋町８番地" }, "geometry": { "type": "Point", "coordinates": [ 137.009193, 36.73959 ] } },
{ "type": "Feature", "properties": { "ID": 1622160213454, "正式名称": "松本内科クリニック", "機関区分": 2, "都道府県コード": 16, "市区町村コード": 202, "所在地": "富山県高岡市大町１６－１", "緯度": 36.751644, "経度": 137.010137, "url": "https://www.iryou.teikyouseido.mhlw.go.jp/znk-web/juminkanja/S2430/initialize?prefCd=16&kikanCd=2160213454&kikanKbn=2", "url2": null, "内容": "松本内科クリニック【2:診療所】【診療科目:内科_循環器内科】富山県高岡市大町１６－１" }, "geometry": { "type": "Point", "coordinates": [ 137.010137, 36.751644 ] } },
{ "type": "Feature", "properties": { "ID": 1622160213462, "正式名称": "おとぎの森レディースクリニック", "機関区分": 2, "都道府県コード": 16, "市区町村コード": 202, "所在地": "富山県高岡市佐野１３１６－１", "緯度": 36.725758, "経度": 137.001667, "url": "https://www.iryou.teikyouseido.mhlw.go.jp/znk-web/juminkanja/S2430/initialize?prefCd=16&kikanCd=2160213462&kikanKbn=2", "url2": "http://www.otoginomori.jp", "内容": "おとぎの森レディースクリニック【2:診療所】【診療科目:産婦人科】富山県高岡市佐野１３１６－１" }, "geometry": { "type": "Point", "coordinates": [ 137.001667, 36.725758 ] } },
{ "type": "Feature", "properties": { "ID": 1622160213488, "正式名称": "久賀内科クリニック", "機関区分": 2, "都道府県コード": 16, "市区町村コード": 202, "所在地": "富山県高岡市伏木古府３－２－８", "緯度": 36.792585, "経度": 137.049493, "url": "https://www.iryou.teikyouseido.mhlw.go.jp/znk-web/juminkanja/S2430/initialize?prefCd=16&kikanCd=2160213488&kikanKbn=2", "url2": "https://www.kuganaikaclinic.com", "内容": "久賀内科クリニック【2:診療所】【診療科目:内科_呼吸器内科_アレルギー疾患内科_小児科_アレルギー科】富山県高岡市伏木古府３－２－８" }, "geometry": { "type": "Point", "coordinates": [ 137.049493, 36.792585 ] } },
{ "type": "Feature", "properties": { "ID": 1622160213496, "正式名称": "さかい内科クリニック", "機関区分": 2, "都道府県コード": 16, "市区町村コード": 202, "所在地": "富山県高岡市東上関３０５－１", "緯度": 36.734313, "経度": 137.015693, "url": "https://www.iryou.teikyouseido.mhlw.go.jp/znk-web/juminkanja/S2430/initialize?prefCd=16&kikanCd=2160213496&kikanKbn=2", "url2": "http://www2.tcnet.ne.jp/saka-cli", "内容": "さかい内科クリニック【2:診療所】【診療科目:内科_呼吸器内科_循環器内科_消化器内科】富山県高岡市東上関３０５－１" }, "geometry": { "type": "Point", "coordinates": [ 137.015693, 36.734313 ] } },
{ "type": "Feature", "properties": { "ID": 1622160213504, "正式名称": "木谷内科クリニック", "機関区分": 2, "都道府県コード": 16, "市区町村コード": 202, "所在地": "富山県高岡市戸出町５丁目３－５７", "緯度": 36.686511, "経度": 136.96831, "url": "https://www.iryou.teikyouseido.mhlw.go.jp/znk-web/juminkanja/S2430/initialize?prefCd=16&kikanCd=2160213504&kikanKbn=2", "url2": null, "内容": "木谷内科クリニック【2:診療所】【診療科目:内科_消化器内科】富山県高岡市戸出町５丁目３－５７" }, "geometry": { "type": "Point", "coordinates": [ 136.96831, 36.686511 ] } },
{ "type": "Feature", "properties": { "ID": 1622160213538, "正式名称": "南星金子眼科クリニック", "機関区分": 2, "都道府県コード": 16, "市区町村コード": 202, "所在地": "富山県高岡市木津６４１－１", "緯度": 36.736673, "経度": 136.998444, "url": "https://www.iryou.teikyouseido.mhlw.go.jp/znk-web/juminkanja/S2430/initialize?prefCd=16&kikanCd=2160213538&kikanKbn=2", "url2": null, "内容": "南星金子眼科クリニック【2:診療所】【診療科目:眼科】富山県高岡市木津６４１－１" }, "geometry": { "type": "Point", "coordinates": [ 136.998444, 36.736673 ] } },
{ "type": "Feature", "properties": { "ID": 1622160213546, "正式名称": "江尻電停前眼科", "機関区分": 2, "都道府県コード": 16, "市区町村コード": 202, "所在地": "富山県高岡市江尻３６３－１", "緯度": 36.761838, "経度": 137.029551, "url": "https://www.iryou.teikyouseido.mhlw.go.jp/znk-web/juminkanja/S2430/initialize?prefCd=16&kikanCd=2160213546&kikanKbn=2", "url2": null, "内容": "江尻電停前眼科【2:診療所】【診療科目:眼科】富山県高岡市江尻３６３－１" }, "geometry": { "type": "Point", "coordinates": [ 137.029551, 36.761838 ] } },
{ "type": "Feature", "properties": { "ID": 1622160213561, "正式名称": "広小路神経内科クリニック", "機関区分": 2, "都道府県コード": 16, "市区町村コード": 202, "所在地": "富山県高岡市丸の内７－１　朝日生命高岡ビル１Ｆ", "緯度": 36.753866, "経度": 137.020108, "url": "https://www.iryou.teikyouseido.mhlw.go.jp/znk-web/juminkanja/S2430/initialize?prefCd=16&kikanCd=2160213561&kikanKbn=2", "url2": "http://www.hirokouji-cl.com/", "内容": "広小路神経内科クリニック【2:診療所】【診療科目:内科_脳神経内科_漢方内科_心療内科】富山県高岡市丸の内７－１　朝日生命高岡ビル１Ｆ" }, "geometry": { "type": "Point", "coordinates": [ 137.020108, 36.753866 ] } },
{ "type": "Feature", "properties": { "ID": 1622160213660, "正式名称": "やまぎし耳鼻咽喉科クリニック", "機関区分": 2, "都道府県コード": 16, "市区町村コード": 202, "所在地": "富山県高岡市戸出町４－１１８７－５", "緯度": 36.684006, "経度": 136.975341, "url": "https://www.iryou.teikyouseido.mhlw.go.jp/znk-web/juminkanja/S2430/initialize?prefCd=16&kikanCd=2160213660&kikanKbn=2", "url2": null, "内容": "やまぎし耳鼻咽喉科クリニック【2:診療所】【診療科目:耳鼻いんこう科】富山県高岡市戸出町４－１１８７－５" }, "geometry": { "type": "Point", "coordinates": [ 136.975341, 36.684006 ] } },
{ "type": "Feature", "properties": { "ID": 1622160213678, "正式名称": "平野クリニック", "機関区分": 2, "都道府県コード": 16, "市区町村コード": 202, "所在地": "富山県高岡市上黒田２７１－１", "緯度": 36.722397, "経度": 137.003083, "url": "https://www.iryou.teikyouseido.mhlw.go.jp/znk-web/juminkanja/S2430/initialize?prefCd=16&kikanCd=2160213678&kikanKbn=2", "url2": null, "内容": "平野クリニック【2:診療所】【診療科目:内科_消化器内科_外科】富山県高岡市上黒田２７１－１" }, "geometry": { "type": "Point", "coordinates": [ 137.003083, 36.722397 ] } },
{ "type": "Feature", "properties": { "ID": 1622160213694, "正式名称": "内科クリニックサンエール", "機関区分": 2, "都道府県コード": 16, "市区町村コード": 202, "所在地": "富山県高岡市福岡町下蓑新３３６番地", "緯度": 36.709453, "経度": 136.929368, "url": "https://www.iryou.teikyouseido.mhlw.go.jp/znk-web/juminkanja/S2430/initialize?prefCd=16&kikanCd=2160213694&kikanKbn=2", "url2": "http://www.sunyell-naika.com", "内容": "内科クリニックサンエール【2:診療所】【診療科目:内科_リウマチ科】富山県高岡市福岡町下蓑新３３６番地" }, "geometry": { "type": "Point", "coordinates": [ 136.929368, 36.709453 ] } },
{ "type": "Feature", "properties": { "ID": 1622160213777, "正式名称": "みやこし内科医院", "機関区分": 2, "都道府県コード": 16, "市区町村コード": 202, "所在地": "富山県高岡市波岡２８２－１", "緯度": 36.758006, "経度": 136.987658, "url": "https://www.iryou.teikyouseido.mhlw.go.jp/znk-web/juminkanja/S2430/initialize?prefCd=16&kikanCd=2160213777&kikanKbn=2", "url2": "http://www.miyakoshi-clinic.info", "内容": "みやこし内科医院【2:診療所】【診療科目:内科】富山県高岡市波岡２８２－１" }, "geometry": { "type": "Point", "coordinates": [ 136.987658, 36.758006 ] } },
{ "type": "Feature", "properties": { "ID": 1622160214346, "正式名称": "駅南わだ小児科成長クリニック", "機関区分": 2, "都道府県コード": 16, "市区町村コード": 202, "所在地": "富山県高岡市京田７５番地", "緯度": 36.732292, "経度": 137.01586, "url": "https://www.iryou.teikyouseido.mhlw.go.jp/znk-web/juminkanja/S2430/initialize?prefCd=16&kikanCd=2160214346&kikanKbn=2", "url2": "https://www.wadaclinic.com/", "内容": "駅南わだ小児科成長クリニック【2:診療所】【診療科目:小児科】富山県高岡市京田７５番地" }, "geometry": { "type": "Point", "coordinates": [ 137.01586, 36.732292 ] } },
{ "type": "Feature", "properties": { "ID": 1622160214353, "正式名称": "あさひの家たんぽぽクリニック", "機関区分": 2, "都道府県コード": 16, "市区町村コード": 202, "所在地": "富山県高岡市角５６０－１あさひの家１階", "緯度": 36.760126, "経度": 137.035336, "url": "https://www.iryou.teikyouseido.mhlw.go.jp/znk-web/juminkanja/S2430/initialize?prefCd=16&kikanCd=2160214353&kikanKbn=2", "url2": "https://asahi-tanpopo.com/", "内容": "あさひの家たんぽぽクリニック【2:診療所】【診療科目:内科_精神科_心療内科】富山県高岡市角５６０－１あさひの家１階" }, "geometry": { "type": "Point", "coordinates": [ 137.035336, 36.760126 ] } },
{ "type": "Feature", "properties": { "ID": 1622160214361, "正式名称": "とりた内科クリニック", "機関区分": 2, "都道府県コード": 16, "市区町村コード": 202, "所在地": "富山県高岡市野村１８３０", "緯度": 36.761528, "経度": 137.042249, "url": "https://www.iryou.teikyouseido.mhlw.go.jp/znk-web/juminkanja/S2430/initialize?prefCd=16&kikanCd=2160214361&kikanKbn=2", "url2": "https://torita-naika.com", "内容": "とりた内科クリニック【2:診療所】【診療科目:内科_糖尿病・内分泌内科】富山県高岡市野村１８３０" }, "geometry": { "type": "Point", "coordinates": [ 137.042249, 36.761528 ] } },
{ "type": "Feature", "properties": { "ID": 1622160310250, "正式名称": "皆川医院", "機関区分": 2, "都道府県コード": 16, "市区町村コード": 211, "所在地": "富山県射水市海老江２３２", "緯度": 36.765839, "経度": 137.146236, "url": "https://www.iryou.teikyouseido.mhlw.go.jp/znk-web/juminkanja/S2430/initialize?prefCd=16&kikanCd=2160310250&kikanKbn=2", "url2": "https://minagawa-iin.jp/", "内容": "皆川医院【2:診療所】【診療科目:内科_小児科】富山県射水市海老江２３２" }, "geometry": { "type": "Point", "coordinates": [ 137.146236, 36.765839 ] } },
{ "type": "Feature", "properties": { "ID": 1622160310326, "正式名称": "羽岡内科医院", "機関区分": 2, "都道府県コード": 16, "市区町村コード": 211, "所在地": "富山県射水市本町２－５－２０", "緯度": 36.783808, "経度": 137.080491, "url": "https://www.iryou.teikyouseido.mhlw.go.jp/znk-web/juminkanja/S2430/initialize?prefCd=16&kikanCd=2160310326&kikanKbn=2", "url2": null, "内容": "羽岡内科医院【2:診療所】【診療科目:内科】富山県射水市本町２－５－２０" }, "geometry": { "type": "Point", "coordinates": [ 137.080491, 36.783808 ] } },
{ "type": "Feature", "properties": { "ID": 1622160310441, "正式名称": "越野医院", "機関区分": 2, "都道府県コード": 16, "市区町村コード": 211, "所在地": "富山県射水市立町２－４１", "緯度": 36.780309, "経度": 137.086601, "url": "https://www.iryou.teikyouseido.mhlw.go.jp/znk-web/juminkanja/S2430/initialize?prefCd=16&kikanCd=2160310441&kikanKbn=2", "url2": "http://www.nsknet.or.jp/shuminat/clinic/", "内容": "越野医院【2:診療所】【診療科目:内科_糖尿病・代謝内科_循環器内科_消化器内科】富山県射水市立町２－４１" }, "geometry": { "type": "Point", "coordinates": [ 137.086601, 36.780309 ] } },
{ "type": "Feature", "properties": { "ID": 1622160310557, "正式名称": "木戸クリニック", "機関区分": 2, "都道府県コード": 16, "市区町村コード": 211, "所在地": "富山県射水市朴木２４４", "緯度": 36.758922, "経度": 137.077103, "url": "https://www.iryou.teikyouseido.mhlw.go.jp/znk-web/juminkanja/S2430/initialize?prefCd=16&kikanCd=2160310557&kikanKbn=2", "url2": "https://kiseikai-toyama.or.jp/", "内容": "木戸クリニック【2:診療所】【診療科目:内科_神経内科_眼科_精神科】富山県射水市朴木２４４" }, "geometry": { "type": "Point", "coordinates": [ 137.077103, 36.758922 ] } },
{ "type": "Feature", "properties": { "ID": 1622160310565, "正式名称": "中新湊内科クリニック", "機関区分": 2, "都道府県コード": 16, "市区町村コード": 211, "所在地": "富山県射水市中新湊７－１９", "緯度": 36.776143, "経度": 137.087463, "url": "https://www.iryou.teikyouseido.mhlw.go.jp/znk-web/juminkanja/S2430/initialize?prefCd=16&kikanCd=2160310565&kikanKbn=2", "url2": null, "内容": "中新湊内科クリニック【2:診療所】【診療科目:内科_呼吸器内科_循環器内科_消化器内科_漢方内科_小児科_皮膚科_アレルギー科】富山県射水市中新湊７－１９" }, "geometry": { "type": "Point", "coordinates": [ 137.087463, 36.776143 ] } },
{ "type": "Feature", "properties": { "ID": 1622160310573, "正式名称": "矢野医院", "機関区分": 2, "都道府県コード": 16, "市区町村コード": 211, "所在地": "富山県射水市本町１－１３－１", "緯度": 36.783197, "経度": 137.074297, "url": "https://www.iryou.teikyouseido.mhlw.go.jp/znk-web/juminkanja/S2430/initialize?prefCd=16&kikanCd=2160310573&kikanKbn=2", "url2": "https://hakushikai.jp/", "内容": "矢野医院【2:診療所】【診療科目:内科_消化器内科_神経内科_リハビリテーション科】富山県射水市本町１－１３－１" }, "geometry": { "type": "Point", "coordinates": [ 137.074297, 36.783197 ] } },
{ "type": "Feature", "properties": { "ID": 1622160310599, "正式名称": "万葉クリニック", "機関区分": 2, "都道府県コード": 16, "市区町村コード": 211, "所在地": "富山県射水市七美８８０番地の１", "緯度": 36.752118, "経度": 137.14107, "url": "https://www.iryou.teikyouseido.mhlw.go.jp/znk-web/juminkanja/S2430/initialize?prefCd=16&kikanCd=2160310599&kikanKbn=2", "url2": "http://www.imizu-manyoukai.or.jp", "内容": "万葉クリニック【2:診療所】【診療科目:内科_糖尿病内科】富山県射水市七美８８０番地の１" }, "geometry": { "type": "Point", "coordinates": [ 137.14107, 36.752118 ] } },
{ "type": "Feature", "properties": { "ID": 1622160310607, "正式名称": "高島皮ふ科クリニック", "機関区分": 2, "都道府県コード": 16, "市区町村コード": 211, "所在地": "富山県射水市東明中町５－２", "緯度": 36.764006, "経度": 137.148069, "url": "https://www.iryou.teikyouseido.mhlw.go.jp/znk-web/juminkanja/S2430/initialize?prefCd=16&kikanCd=2160310607&kikanKbn=2", "url2": null, "内容": "高島皮ふ科クリニック【2:診療所】【診療科目:皮膚科】富山県射水市東明中町５－２" }, "geometry": { "type": "Point", "coordinates": [ 137.148069, 36.764006 ] } },
{ "type": "Feature", "properties": { "ID": 1622160410076, "正式名称": "羽田内科医院", "機関区分": 2, "都道府県コード": 16, "市区町村コード": 204, "所在地": "富山県魚津市新金屋１－１０－８", "緯度": 36.821755, "経度": 137.40599, "url": "https://www.iryou.teikyouseido.mhlw.go.jp/znk-web/juminkanja/S2430/initialize?prefCd=16&kikanCd=2160410076&kikanKbn=2", "url2": null, "内容": "羽田内科医院【2:診療所】【診療科目:内科_呼吸器内科_循環器内科_消化器内科_放射線科】富山県魚津市新金屋１－１０－８" }, "geometry": { "type": "Point", "coordinates": [ 137.40599, 36.821755 ] } },
{ "type": "Feature", "properties": { "ID": 1622160410548, "正式名称": "宮本内科小児科医院", "機関区分": 2, "都道府県コード": 16, "市区町村コード": 204, "所在地": "富山県魚津市新角川１－７－２２", "緯度": 36.812116, "経度": 137.396102, "url": "https://www.iryou.teikyouseido.mhlw.go.jp/znk-web/juminkanja/S2430/initialize?prefCd=16&kikanCd=2160410548&kikanKbn=2", "url2": "http://www.hi-miyamotoiin.com", "内容": "宮本内科小児科医院【2:診療所】【診療科目:内科_小児科】富山県魚津市新角川１－７－２２" }, "geometry": { "type": "Point", "coordinates": [ 137.396102, 36.812116 ] } },
{ "type": "Feature", "properties": { "ID": 1622160410571, "正式名称": "扇谷医院", "機関区分": 2, "都道府県コード": 16, "市区町村コード": 204, "所在地": "富山県魚津市友道１７９７", "緯度": 36.81295, "経度": 137.404101, "url": "https://www.iryou.teikyouseido.mhlw.go.jp/znk-web/juminkanja/S2430/initialize?prefCd=16&kikanCd=2160410571&kikanKbn=2", "url2": "https://www.ohgiya-iin.com/", "内容": "扇谷医院【2:診療所】【診療科目:外科_整形外科_皮膚科_美容皮膚科】富山県魚津市友道１７９７" }, "geometry": { "type": "Point", "coordinates": [ 137.404101, 36.81295 ] } },
{ "type": "Feature", "properties": { "ID": 1622160410613, "正式名称": "桝﨑クリニック", "機関区分": 2, "都道府県コード": 16, "市区町村コード": 204, "所在地": "富山県魚津市北鬼江２－２０－２６", "緯度": 36.829976, "経度": 137.405767, "url": "https://www.iryou.teikyouseido.mhlw.go.jp/znk-web/juminkanja/S2430/initialize?prefCd=16&kikanCd=2160410613&kikanKbn=2", "url2": null, "内容": "桝﨑クリニック【2:診療所】【診療科目:内科_小児科】富山県魚津市北鬼江２－２０－２６" }, "geometry": { "type": "Point", "coordinates": [ 137.405767, 36.829976 ] } },
{ "type": "Feature", "properties": { "ID": 1622160410647, "正式名称": "医療法人社団　大城眼科医院", "機関区分": 2, "都道府県コード": 16, "市区町村コード": 204, "所在地": "富山県魚津市末広町３－２２", "緯度": 36.819921, "経度": 137.398879, "url": "https://www.iryou.teikyouseido.mhlw.go.jp/znk-web/juminkanja/S2430/initialize?prefCd=16&kikanCd=2160410647&kikanKbn=2", "url2": null, "内容": "医療法人社団　大城眼科医院【2:診療所】【診療科目:眼科】富山県魚津市末広町３－２２" }, "geometry": { "type": "Point", "coordinates": [ 137.398879, 36.819921 ] } },
{ "type": "Feature", "properties": { "ID": 1622160410704, "正式名称": "加納耳鼻咽喉科医院", "機関区分": 2, "都道府県コード": 16, "市区町村コード": 204, "所在地": "富山県魚津市吉島１－４－２３", "緯度": 36.827365, "経度": 137.410433, "url": "https://www.iryou.teikyouseido.mhlw.go.jp/znk-web/juminkanja/S2430/initialize?prefCd=16&kikanCd=2160410704&kikanKbn=2", "url2": null, "内容": "加納耳鼻咽喉科医院【2:診療所】【診療科目:耳鼻いんこう科】富山県魚津市吉島１－４－２３" }, "geometry": { "type": "Point", "coordinates": [ 137.410433, 36.827365 ] } },
{ "type": "Feature", "properties": { "ID": 1622160410720, "正式名称": "医療法人社団　船﨑内科小児科医院", "機関区分": 2, "都道府県コード": 16, "市区町村コード": 204, "所在地": "富山県魚津市本町１丁目３－１８", "緯度": 36.813255, "経度": 137.395658, "url": "https://www.iryou.teikyouseido.mhlw.go.jp/znk-web/juminkanja/S2430/initialize?prefCd=16&kikanCd=2160410720&kikanKbn=2", "url2": null, "内容": "医療法人社団　船﨑内科小児科医院【2:診療所】【診療科目:内科_消化器内科_小児科】富山県魚津市本町１丁目３－１８" }, "geometry": { "type": "Point", "coordinates": [ 137.395658, 36.813255 ] } },
{ "type": "Feature", "properties": { "ID": 1622160410753, "正式名称": "いなば小児科医院", "機関区分": 2, "都道府県コード": 16, "市区町村コード": 204, "所在地": "富山県魚津市本新町２１－２", "緯度": 36.825337, "経度": 137.403712, "url": "https://www.iryou.teikyouseido.mhlw.go.jp/znk-web/juminkanja/S2430/initialize?prefCd=16&kikanCd=2160410753&kikanKbn=2", "url2": null, "内容": "いなば小児科医院【2:診療所】【診療科目:小児科】富山県魚津市本新町２１－２" }, "geometry": { "type": "Point", "coordinates": [ 137.403712, 36.825337 ] } },
{ "type": "Feature", "properties": { "ID": 1622160410761, "正式名称": "吉島内科クリニック", "機関区分": 2, "都道府県コード": 16, "市区町村コード": 204, "所在地": "富山県魚津市吉島７５０－２", "緯度": 36.82806, "経度": 137.42596, "url": "https://www.iryou.teikyouseido.mhlw.go.jp/znk-web/juminkanja/S2430/initialize?prefCd=16&kikanCd=2160410761&kikanKbn=2", "url2": "http://www.kichijimanaika.com", "内容": "吉島内科クリニック【2:診療所】【診療科目:内科_呼吸器内科_循環器内科_消化器内科_小児科】富山県魚津市吉島７５０－２" }, "geometry": { "type": "Point", "coordinates": [ 137.42596, 36.82806 ] } },
{ "type": "Feature", "properties": { "ID": 1622160410779, "正式名称": "医療法人社団　澤口医院　沢口胃腸科クリニック", "機関区分": 2, "都道府県コード": 16, "市区町村コード": 204, "所在地": "富山県魚津市火の宮町１－７", "緯度": 36.819116, "経度": 137.397574, "url": "https://www.iryou.teikyouseido.mhlw.go.jp/znk-web/juminkanja/S2430/initialize?prefCd=16&kikanCd=2160410779&kikanKbn=2", "url2": null, "内容": "医療法人社団　澤口医院　沢口胃腸科クリニック【2:診療所】【診療科目:内科_胃腸内科_外科】富山県魚津市火の宮町１－７" }, "geometry": { "type": "Point", "coordinates": [ 137.397574, 36.819116 ] } },
{ "type": "Feature", "properties": { "ID": 1622160410787, "正式名称": "浦田クリニック", "機関区分": 2, "都道府県コード": 16, "市区町村コード": 204, "所在地": "富山県魚津市本江１－２６", "緯度": 36.817394, "経度": 137.40749, "url": "https://www.iryou.teikyouseido.mhlw.go.jp/znk-web/juminkanja/S2430/initialize?prefCd=16&kikanCd=2160410787&kikanKbn=2", "url2": "http://www.hospy.jp", "内容": "浦田クリニック【2:診療所】【診療科目:内科_糖尿病内科_消化器内科_整形外科_婦人科_リハビリテーション科】富山県魚津市本江１－２６" }, "geometry": { "type": "Point", "coordinates": [ 137.40749, 36.817394 ] } },
{ "type": "Feature", "properties": { "ID": 1622160410803, "正式名称": "平野クリニック", "機関区分": 2, "都道府県コード": 16, "市区町村コード": 204, "所在地": "富山県魚津市本江１３９９", "緯度": 36.816699, "経度": 137.404351, "url": "https://www.iryou.teikyouseido.mhlw.go.jp/znk-web/juminkanja/S2430/initialize?prefCd=16&kikanCd=2160410803&kikanKbn=2", "url2": null, "内容": "平野クリニック【2:診療所】【診療科目:内科_整形外科_リハビリテーション科】富山県魚津市本江１３９９" }, "geometry": { "type": "Point", "coordinates": [ 137.404351, 36.816699 ] } },
{ "type": "Feature", "properties": { "ID": 1622160410829, "正式名称": "大﨑クリニック", "機関区分": 2, "都道府県コード": 16, "市区町村コード": 204, "所在地": "富山県魚津市寿町４－５", "緯度": 36.85589, "経度": 137.415321, "url": "https://www.iryou.teikyouseido.mhlw.go.jp/znk-web/juminkanja/S2430/initialize?prefCd=16&kikanCd=2160410829&kikanKbn=2", "url2": "http://www.oosaki-clinic.com", "内容": "大﨑クリニック【2:診療所】【診療科目:内科_呼吸器内科_小児科_アレルギー科】富山県魚津市寿町４－５" }, "geometry": { "type": "Point", "coordinates": [ 137.415321, 36.85589 ] } },
{ "type": "Feature", "properties": { "ID": 1622160410845, "正式名称": "青山内科", "機関区分": 2, "都道府県コード": 16, "市区町村コード": 204, "所在地": "富山県魚津市仏田３３０３", "緯度": 36.83367, "経度": 137.414433, "url": "https://www.iryou.teikyouseido.mhlw.go.jp/znk-web/juminkanja/S2430/initialize?prefCd=16&kikanCd=2160410845&kikanKbn=2", "url2": "http://www.aoym-med.info/", "内容": "青山内科【2:診療所】【診療科目:内科_消化器内科】富山県魚津市仏田３３０３" }, "geometry": { "type": "Point", "coordinates": [ 137.414433, 36.83367 ] } },
{ "type": "Feature", "properties": { "ID": 1622160410860, "正式名称": "かごうら皮ふ科クリニック", "機関区分": 2, "都道府県コード": 16, "市区町村コード": 204, "所在地": "富山県魚津市吉島１－７０６", "緯度": 36.827282, "経度": 137.410961, "url": "https://www.iryou.teikyouseido.mhlw.go.jp/znk-web/juminkanja/S2430/initialize?prefCd=16&kikanCd=2160410860&kikanKbn=2", "url2": null, "内容": "かごうら皮ふ科クリニック【2:診療所】【診療科目:皮膚科】富山県魚津市吉島１－７０６" }, "geometry": { "type": "Point", "coordinates": [ 137.410961, 36.827282 ] } },
{ "type": "Feature", "properties": { "ID": 1622160410886, "正式名称": "みのう医科歯科クリニック", "機関区分": 2, "都道府県コード": 16, "市区町村コード": 204, "所在地": "富山県魚津市北鬼江２７８０－１０", "緯度": 36.833475, "経度": 137.402767, "url": "https://www.iryou.teikyouseido.mhlw.go.jp/znk-web/juminkanja/S2430/initialize?prefCd=16&kikanCd=2160410886&kikanKbn=2", "url2": "http://www.nice-tv.jp/~cmino/", "内容": "みのう医科歯科クリニック【2:診療所】【診療科目:内科_呼吸器内科_胃腸内科_外科_肛門外科_歯科_小児歯科_リハビリテーション科】富山県魚津市北鬼江２７８０－１０" }, "geometry": { "type": "Point", "coordinates": [ 137.402767, 36.833475 ] } },
{ "type": "Feature", "properties": { "ID": 1622160410894, "正式名称": "松本眼科医院", "機関区分": 2, "都道府県コード": 16, "市区町村コード": 204, "所在地": "富山県魚津市釈迦堂１－１１－５", "緯度": 36.826282, "経度": 137.408017, "url": "https://www.iryou.teikyouseido.mhlw.go.jp/znk-web/juminkanja/S2430/initialize?prefCd=16&kikanCd=2160410894&kikanKbn=2", "url2": null, "内容": "松本眼科医院【2:診療所】【診療科目:眼科】富山県魚津市釈迦堂１－１１－５" }, "geometry": { "type": "Point", "coordinates": [ 137.408017, 36.826282 ] } },
{ "type": "Feature", "properties": { "ID": 1622160410928, "正式名称": "ありそクリニック", "機関区分": 2, "都道府県コード": 16, "市区町村コード": 204, "所在地": "富山県魚津市北鬼江１－５－２５", "緯度": 36.828698, "経度": 137.410267, "url": "https://www.iryou.teikyouseido.mhlw.go.jp/znk-web/juminkanja/S2430/initialize?prefCd=16&kikanCd=2160410928&kikanKbn=2", "url2": "https://ariso-clinic.com/", "内容": "ありそクリニック【2:診療所】【診療科目:内科_呼吸器内科_小児科_アレルギー科】富山県魚津市北鬼江１－５－２５" }, "geometry": { "type": "Point", "coordinates": [ 137.410267, 36.828698 ] } },
{ "type": "Feature", "properties": { "ID": 1622160510362, "正式名称": "福田内科医院", "機関区分": 2, "都道府県コード": 16, "市区町村コード": 205, "所在地": "富山県氷見市丸の内５－１７", "緯度": 36.85766, "経度": 136.984106, "url": "https://www.iryou.teikyouseido.mhlw.go.jp/znk-web/juminkanja/S2430/initialize?prefCd=16&kikanCd=2160510362&kikanKbn=2", "url2": "http://fukuda-naika.net/", "内容": "福田内科医院【2:診療所】【診療科目:内科_糖尿病内科_消化器内科】富山県氷見市丸の内５－１７" }, "geometry": { "type": "Point", "coordinates": [ 136.984106, 36.85766 ] } },
{ "type": "Feature", "properties": { "ID": 1622160510370, "正式名称": "白石整形外科医院", "機関区分": 2, "都道府県コード": 16, "市区町村コード": 205, "所在地": "富山県氷見市柳田２０１１－２", "緯度": 36.833274, "経度": 136.99344, "url": "https://www.iryou.teikyouseido.mhlw.go.jp/znk-web/juminkanja/S2430/initialize?prefCd=16&kikanCd=2160510370&kikanKbn=2", "url2": "http://drshiraishi.or.jp", "内容": "白石整形外科医院【2:診療所】【診療科目:ペインクリニック内科_整形外科_リウマチ科_リハビリテーション科_麻酔科】富山県氷見市柳田２０１１－２" }, "geometry": { "type": "Point", "coordinates": [ 136.99344, 36.833274 ] } },
{ "type": "Feature", "properties": { "ID": 1622160510396, "正式名称": "織坂内科医院", "機関区分": 2, "都道府県コード": 16, "市区町村コード": 205, "所在地": "富山県氷見市伊勢大町１－４－２６", "緯度": 36.849744, "経度": 136.987912, "url": "https://www.iryou.teikyouseido.mhlw.go.jp/znk-web/juminkanja/S2430/initialize?prefCd=16&kikanCd=2160510396&kikanKbn=2", "url2": null, "内容": "織坂内科医院【2:診療所】【診療科目:内科】富山県氷見市伊勢大町１－４－２６" }, "geometry": { "type": "Point", "coordinates": [ 136.987912, 36.849744 ] } },
{ "type": "Feature", "properties": { "ID": 1622160510479, "正式名称": "狩野眼科医院", "機関区分": 2, "都道府県コード": 16, "市区町村コード": 205, "所在地": "富山県氷見市伊勢大町１－１１－２８", "緯度": 36.849966, "経度": 136.989884, "url": "https://www.iryou.teikyouseido.mhlw.go.jp/znk-web/juminkanja/S2430/initialize?prefCd=16&kikanCd=2160510479&kikanKbn=2", "url2": null, "内容": "狩野眼科医院【2:診療所】【診療科目:眼科】富山県氷見市伊勢大町１－１１－２８" }, "geometry": { "type": "Point", "coordinates": [ 136.989884, 36.849966 ] } },
{ "type": "Feature", "properties": { "ID": 1622160510685, "正式名称": "加藤医院", "機関区分": 2, "都道府県コード": 16, "市区町村コード": 205, "所在地": "富山県氷見市北大町１１－１１", "緯度": 36.86352, "経度": 136.984023, "url": "https://www.iryou.teikyouseido.mhlw.go.jp/znk-web/juminkanja/S2430/initialize?prefCd=16&kikanCd=2160510685&kikanKbn=2", "url2": "http://www.myclinic.ne.jp/katoh716/pc/", "内容": "加藤医院【2:診療所】【診療科目:内科_胃腸内科_外科】富山県氷見市北大町１１－１１" }, "geometry": { "type": "Point", "coordinates": [ 136.984023, 36.86352 ] } },
{ "type": "Feature", "properties": { "ID": 1622160510693, "正式名称": "嶋尾内科医院", "機関区分": 2, "都道府県コード": 16, "市区町村コード": 205, "所在地": "富山県氷見市阿尾９２８", "緯度": 36.881907, "経度": 136.989827, "url": "https://www.iryou.teikyouseido.mhlw.go.jp/znk-web/juminkanja/S2430/initialize?prefCd=16&kikanCd=2160510693&kikanKbn=2", "url2": null, "内容": "嶋尾内科医院【2:診療所】【診療科目:内科】富山県氷見市阿尾９２８" }, "geometry": { "type": "Point", "coordinates": [ 136.989827, 36.881907 ] } },
{ "type": "Feature", "properties": { "ID": 1622160510701, "正式名称": "西野医院", "機関区分": 2, "都道府県コード": 16, "市区町村コード": 205, "所在地": "富山県氷見市窪１０７６－１", "緯度": 36.839495, "経度": 136.989218, "url": "https://www.iryou.teikyouseido.mhlw.go.jp/znk-web/juminkanja/S2430/initialize?prefCd=16&kikanCd=2160510701&kikanKbn=2", "url2": "https://nishinoiin.jp/", "内容": "西野医院【2:診療所】【診療科目:内科_呼吸器内科_循環器内科_消化器内科】富山県氷見市窪１０７６－１" }, "geometry": { "type": "Point", "coordinates": [ 136.989218, 36.839495 ] } },
{ "type": "Feature", "properties": { "ID": 1622160510719, "正式名称": "高嶋クリニック", "機関区分": 2, "都道府県コード": 16, "市区町村コード": 205, "所在地": "富山県氷見市丸の内１０－５", "緯度": 36.85691, "経度": 136.985273, "url": "https://www.iryou.teikyouseido.mhlw.go.jp/znk-web/juminkanja/S2430/initialize?prefCd=16&kikanCd=2160510719&kikanKbn=2", "url2": "http//takashima-naika-clinic/aboutus/", "内容": "高嶋クリニック【2:診療所】【診療科目:内科_消化器内科_外科】富山県氷見市丸の内１０－５" }, "geometry": { "type": "Point", "coordinates": [ 136.985273, 36.85691 ] } },
{ "type": "Feature", "properties": { "ID": 1622160510727, "正式名称": "高木内科医院", "機関区分": 2, "都道府県コード": 16, "市区町村コード": 205, "所在地": "富山県氷見市大野５９５", "緯度": 36.861965, "経度": 136.960608, "url": "https://www.iryou.teikyouseido.mhlw.go.jp/znk-web/juminkanja/S2430/initialize?prefCd=16&kikanCd=2160510727&kikanKbn=2", "url2": null, "内容": "高木内科医院【2:診療所】【診療科目:内科_循環器内科】富山県氷見市大野５９５" }, "geometry": { "type": "Point", "coordinates": [ 136.960608, 36.861965 ] } },
{ "type": "Feature", "properties": { "ID": 1622160510735, "正式名称": "医療法人社団　澤武医院", "機関区分": 2, "都道府県コード": 16, "市区町村コード": 205, "所在地": "富山県氷見市幸町１－１３", "緯度": 36.856299, "経度": 136.984412, "url": "https://www.iryou.teikyouseido.mhlw.go.jp/znk-web/juminkanja/S2430/initialize?prefCd=16&kikanCd=2160510735&kikanKbn=2", "url2": "https://sawabu-iin.com/", "内容": "医療法人社団　澤武医院【2:診療所】【診療科目:内科_消化器内科_内視鏡内科】富山県氷見市幸町１－１３" }, "geometry": { "type": "Point", "coordinates": [ 136.984412, 36.856299 ] } },
{ "type": "Feature", "properties": { "ID": 1622160510818, "正式名称": "福老館クリニック", "機関区分": 2, "都道府県コード": 16, "市区町村コード": 205, "所在地": "富山県氷見市堀田４６５－２", "緯度": 36.813914, "経度": 136.973776, "url": "https://www.iryou.teikyouseido.mhlw.go.jp/znk-web/juminkanja/S2430/initialize?prefCd=16&kikanCd=2160510818&kikanKbn=2", "url2": "http://www.fukuroukan.jp", "内容": "福老館クリニック【2:診療所】【診療科目:内科_胃腸内科_外科_肛門外科_リハビリテーション科】富山県氷見市堀田４６５－２" }, "geometry": { "type": "Point", "coordinates": [ 136.973776, 36.813914 ] } },
{ "type": "Feature", "properties": { "ID": 1622160510859, "正式名称": "佐伯レディースクリニック", "機関区分": 2, "都道府県コード": 16, "市区町村コード": 205, "所在地": "富山県氷見市窪６６０", "緯度": 36.839051, "経度": 136.987496, "url": "https://www.iryou.teikyouseido.mhlw.go.jp/znk-web/juminkanja/S2430/initialize?prefCd=16&kikanCd=2160510859&kikanKbn=2", "url2": "https://saeki-lc.jp", "内容": "佐伯レディースクリニック【2:診療所】【診療科目:産婦人科_産科_婦人科】富山県氷見市窪６６０" }, "geometry": { "type": "Point", "coordinates": [ 136.987496, 36.839051 ] } },
{ "type": "Feature", "properties": { "ID": 1622160510883, "正式名称": "佐藤医院", "機関区分": 2, "都道府県コード": 16, "市区町村コード": 205, "所在地": "富山県氷見市幸町９－７８", "緯度": 36.857632, "経度": 136.982884, "url": "https://www.iryou.teikyouseido.mhlw.go.jp/znk-web/juminkanja/S2430/initialize?prefCd=16&kikanCd=2160510883&kikanKbn=2", "url2": null, "内容": "佐藤医院【2:診療所】【診療科目:皮膚科_皮膚泌尿器科_泌尿器科】富山県氷見市幸町９－７８" }, "geometry": { "type": "Point", "coordinates": [ 136.982884, 36.857632 ] } },
{ "type": "Feature", "properties": { "ID": 1622160510891, "正式名称": "松井内科クリニック", "機関区分": 2, "都道府県コード": 16, "市区町村コード": 205, "所在地": "富山県氷見市伊勢大町２－７－４９", "緯度": 36.848467, "経度": 136.988384, "url": "https://www.iryou.teikyouseido.mhlw.go.jp/znk-web/juminkanja/S2430/initialize?prefCd=16&kikanCd=2160510891&kikanKbn=2", "url2": null, "内容": "松井内科クリニック【2:診療所】【診療科目:内科_呼吸器内科】富山県氷見市伊勢大町２－７－４９" }, "geometry": { "type": "Point", "coordinates": [ 136.988384, 36.848467 ] } },
{ "type": "Feature", "properties": { "ID": 1622160510917, "正式名称": "河合内科医院", "機関区分": 2, "都道府県コード": 16, "市区町村コード": 205, "所在地": "富山県氷見市中央町１２－８", "緯度": 36.859354, "経度": 136.985051, "url": "https://www.iryou.teikyouseido.mhlw.go.jp/znk-web/juminkanja/S2430/initialize?prefCd=16&kikanCd=2160510917&kikanKbn=2", "url2": null, "内容": "河合内科医院【2:診療所】【診療科目:内科_腎臓内科_人工透析内科】富山県氷見市中央町１２－８" }, "geometry": { "type": "Point", "coordinates": [ 136.985051, 36.859354 ] } },
{ "type": "Feature", "properties": { "ID": 1622160610378, "正式名称": "石坂医院", "機関区分": 2, "都道府県コード": 16, "市区町村コード": 206, "所在地": "富山県滑川市大窪７３７", "緯度": 36.763455, "経度": 137.394688, "url": "https://www.iryou.teikyouseido.mhlw.go.jp/znk-web/juminkanja/S2430/initialize?prefCd=16&kikanCd=2160610378&kikanKbn=2", "url2": null, "内容": "石坂医院【2:診療所】【診療科目:内科_外科_整形外科_リハビリテーション科】富山県滑川市大窪７３７" }, "geometry": { "type": "Point", "coordinates": [ 137.394688, 36.763455 ] } },
{ "type": "Feature", "properties": { "ID": 1622160610386, "正式名称": "医療法人社団　石坂眼科医院", "機関区分": 2, "都道府県コード": 16, "市区町村コード": 206, "所在地": "富山県滑川市四間町６４７", "緯度": 36.765926, "経度": 137.340081, "url": "https://www.iryou.teikyouseido.mhlw.go.jp/znk-web/juminkanja/S2430/initialize?prefCd=16&kikanCd=2160610386&kikanKbn=2", "url2": "http://ishisaka-eye-clinic.com/", "内容": "医療法人社団　石坂眼科医院【2:診療所】【診療科目:眼科】富山県滑川市四間町６４７" }, "geometry": { "type": "Point", "coordinates": [ 137.340081, 36.765926 ] } },
{ "type": "Feature", "properties": { "ID": 1622160610394, "正式名称": "長治整形外科医院", "機関区分": 2, "都道府県コード": 16, "市区町村コード": 206, "所在地": "富山県滑川市加島町２３６－１", "緯度": 36.757927, "経度": 137.333776, "url": "https://www.iryou.teikyouseido.mhlw.go.jp/znk-web/juminkanja/S2430/initialize?prefCd=16&kikanCd=2160610394&kikanKbn=2", "url2": null, "内容": "長治整形外科医院【2:診療所】【診療科目:整形外科】富山県滑川市加島町２３６－１" }, "geometry": { "type": "Point", "coordinates": [ 137.333776, 36.757927 ] } },
{ "type": "Feature", "properties": { "ID": 1622160610410, "正式名称": "毛利医院", "機関区分": 2, "都道府県コード": 16, "市区町村コード": 206, "所在地": "富山県滑川市四間町５２７", "緯度": 36.76637, "経度": 137.339109, "url": "https://www.iryou.teikyouseido.mhlw.go.jp/znk-web/juminkanja/S2430/initialize?prefCd=16&kikanCd=2160610410&kikanKbn=2", "url2": null, "内容": "毛利医院【2:診療所】【診療科目:内科_呼吸器内科_アレルギー科】富山県滑川市四間町５２７" }, "geometry": { "type": "Point", "coordinates": [ 137.339109, 36.76637 ] } },
{ "type": "Feature", "properties": { "ID": 1622160610428, "正式名称": "医療法人社団伊井外科医院", "機関区分": 2, "都道府県コード": 16, "市区町村コード": 206, "所在地": "富山県滑川市加島町２０３", "緯度": 36.760176, "経度": 137.334137, "url": "https://www.iryou.teikyouseido.mhlw.go.jp/znk-web/juminkanja/S2430/initialize?prefCd=16&kikanCd=2160610428&kikanKbn=2", "url2": null, "内容": "医療法人社団伊井外科医院【2:診療所】【診療科目:胃腸内科_外科_肛門外科_整形外科_皮膚科】富山県滑川市加島町２０３" }, "geometry": { "type": "Point", "coordinates": [ 137.334137, 36.760176 ] } },
{ "type": "Feature", "properties": { "ID": 1622160610444, "正式名称": "かづみファミリークリニック", "機関区分": 2, "都道府県コード": 16, "市区町村コード": 206, "所在地": "富山県滑川市堀江１８２－１", "緯度": 36.736013, "経度": 137.352609, "url": "https://www.iryou.teikyouseido.mhlw.go.jp/znk-web/juminkanja/S2430/initialize?prefCd=16&kikanCd=2160610444&kikanKbn=2", "url2": null, "内容": "かづみファミリークリニック【2:診療所】【診療科目:内科_消化器内科】富山県滑川市堀江１８２－１" }, "geometry": { "type": "Point", "coordinates": [ 137.352609, 36.736013 ] } },
{ "type": "Feature", "properties": { "ID": 1622160610451, "正式名称": "長崎耳鼻咽喉科医院", "機関区分": 2, "都道府県コード": 16, "市区町村コード": 206, "所在地": "富山県滑川市上小泉２７８－１", "緯度": 36.762982, "経度": 137.351358, "url": "https://www.iryou.teikyouseido.mhlw.go.jp/znk-web/juminkanja/S2430/initialize?prefCd=16&kikanCd=2160610451&kikanKbn=2", "url2": "http://nagasaki-jibika.com", "内容": "長崎耳鼻咽喉科医院【2:診療所】【診療科目:耳鼻いんこう科】富山県滑川市上小泉２７８－１" }, "geometry": { "type": "Point", "coordinates": [ 137.351358, 36.762982 ] } },
{ "type": "Feature", "properties": { "ID": 1622160610485, "正式名称": "くるまたにクリニック", "機関区分": 2, "都道府県コード": 16, "市区町村コード": 206, "所在地": "富山県滑川市上小泉３９５", "緯度": 36.762454, "経度": 137.349691, "url": "https://www.iryou.teikyouseido.mhlw.go.jp/znk-web/juminkanja/S2430/initialize?prefCd=16&kikanCd=2160610485&kikanKbn=2", "url2": "https://kurumatani-clinic.jp", "内容": "くるまたにクリニック【2:診療所】【診療科目:内科_呼吸器内科_循環器内科_消化器内科_リハビリテーション科】富山県滑川市上小泉３９５" }, "geometry": { "type": "Point", "coordinates": [ 137.349691, 36.762454 ] } },
{ "type": "Feature", "properties": { "ID": 1622160610493, "正式名称": "荒川内科クリニック", "機関区分": 2, "都道府県コード": 16, "市区町村コード": 206, "所在地": "富山県滑川市下小泉町１－１", "緯度": 36.762732, "経度": 137.339303, "url": "https://www.iryou.teikyouseido.mhlw.go.jp/znk-web/juminkanja/S2430/initialize?prefCd=16&kikanCd=2160610493&kikanKbn=2", "url2": null, "内容": "荒川内科クリニック【2:診療所】【診療科目:内科_循環器内科_消化器内科_神経内科_リハビリテーション科】富山県滑川市下小泉町１－１" }, "geometry": { "type": "Point", "coordinates": [ 137.339303, 36.762732 ] } },
{ "type": "Feature", "properties": { "ID": 1622160610501, "正式名称": "中村内科医院", "機関区分": 2, "都道府県コード": 16, "市区町村コード": 206, "所在地": "富山県滑川市中川原１８８－１", "緯度": 36.77237, "経度": 137.346525, "url": "https://www.iryou.teikyouseido.mhlw.go.jp/znk-web/juminkanja/S2430/initialize?prefCd=16&kikanCd=2160610501&kikanKbn=2", "url2": "http://www.net3-tv.net/~nkmr1/", "内容": "中村内科医院【2:診療所】【診療科目:内科_循環器内科】富山県滑川市中川原１８８－１" }, "geometry": { "type": "Point", "coordinates": [ 137.346525, 36.77237 ] } },
{ "type": "Feature", "properties": { "ID": 1622160610519, "正式名称": "ほたる皮ふ科クリニック", "機関区分": 2, "都道府県コード": 16, "市区町村コード": 206, "所在地": "富山県滑川市下島３－１", "緯度": 36.757621, "経度": 137.338748, "url": "https://www.iryou.teikyouseido.mhlw.go.jp/znk-web/juminkanja/S2430/initialize?prefCd=16&kikanCd=2160610519&kikanKbn=2", "url2": null, "内容": "ほたる皮ふ科クリニック【2:診療所】【診療科目:皮膚科】富山県滑川市下島３－１" }, "geometry": { "type": "Point", "coordinates": [ 137.338748, 36.757621 ] } },
{ "type": "Feature", "properties": { "ID": 1622160610535, "正式名称": "おのうえこどもクリニック", "機関区分": 2, "都道府県コード": 16, "市区町村コード": 206, "所在地": "富山県滑川市柳原２６－８", "緯度": 36.766232, "経度": 137.354691, "url": "https://www.iryou.teikyouseido.mhlw.go.jp/znk-web/juminkanja/S2430/initialize?prefCd=16&kikanCd=2160610535&kikanKbn=2", "url2": "https://www.onoue-kc.com", "内容": "おのうえこどもクリニック【2:診療所】【診療科目:小児科_アレルギー科】富山県滑川市柳原２６－８" }, "geometry": { "type": "Point", "coordinates": [ 137.354691, 36.766232 ] } },
{ "type": "Feature", "properties": { "ID": 1622160710160, "正式名称": "吉澤内科医院", "機関区分": 2, "都道府県コード": 16, "市区町村コード": 207, "所在地": "富山県黒部市三日市３４６８", "緯度": 36.873222, "経度": 137.449956, "url": "https://www.iryou.teikyouseido.mhlw.go.jp/znk-web/juminkanja/S2430/initialize?prefCd=16&kikanCd=2160710160&kikanKbn=2", "url2": null, "内容": "吉澤内科医院【2:診療所】【診療科目:内科_循環器内科】富山県黒部市三日市３４６８" }, "geometry": { "type": "Point", "coordinates": [ 137.449956, 36.873222 ] } },
{ "type": "Feature", "properties": { "ID": 1622160710335, "正式名称": "医療法人社団　桃井医院", "機関区分": 2, "都道府県コード": 16, "市区町村コード": 207, "所在地": "富山県黒部市釈迦堂９０７", "緯度": 36.83581, "経度": 137.482927, "url": "https://www.iryou.teikyouseido.mhlw.go.jp/znk-web/juminkanja/S2430/initialize?prefCd=16&kikanCd=2160710335&kikanKbn=2", "url2": null, "内容": "医療法人社団　桃井医院【2:診療所】【診療科目:内科_外科】富山県黒部市釈迦堂９０７" }, "geometry": { "type": "Point", "coordinates": [ 137.482927, 36.83581 ] } },
{ "type": "Feature", "properties": { "ID": 1622160710368, "正式名称": "堀川皮膚科クリニック", "機関区分": 2, "都道府県コード": 16, "市区町村コード": 207, "所在地": "富山県黒部市荻生３０９７", "緯度": 36.875222, "経度": 137.469037, "url": "https://www.iryou.teikyouseido.mhlw.go.jp/znk-web/juminkanja/S2430/initialize?prefCd=16&kikanCd=2160710368&kikanKbn=2", "url2": null, "内容": "堀川皮膚科クリニック【2:診療所】【診療科目:皮膚科】富山県黒部市荻生３０９７" }, "geometry": { "type": "Point", "coordinates": [ 137.469037, 36.875222 ] } },
{ "type": "Feature", "properties": { "ID": 1622160710475, "正式名称": "大橋耳鼻科・眼科クリニック", "機関区分": 2, "都道府県コード": 16, "市区町村コード": 207, "所在地": "富山県黒部市新牧野１７６番地", "緯度": 36.868584, "経度": 137.448928, "url": "https://www.iryou.teikyouseido.mhlw.go.jp/znk-web/juminkanja/S2430/initialize?prefCd=16&kikanCd=2160710475&kikanKbn=2", "url2": "http://www.sam.hi-ho.ne.jp/ohashi-clinic", "内容": "大橋耳鼻科・眼科クリニック【2:診療所】【診療科目:眼科_気管食道・耳鼻いんこう科】富山県黒部市新牧野１７６番地" }, "geometry": { "type": "Point", "coordinates": [ 137.448928, 36.868584 ] } },
{ "type": "Feature", "properties": { "ID": 1622160710483, "正式名称": "藤森内科医院", "機関区分": 2, "都道府県コード": 16, "市区町村コード": 207, "所在地": "富山県黒部市三日市２９０３", "緯度": 36.876499, "経度": 137.4509, "url": "https://www.iryou.teikyouseido.mhlw.go.jp/znk-web/juminkanja/S2430/initialize?prefCd=16&kikanCd=2160710483&kikanKbn=2", "url2": null, "内容": "藤森内科医院【2:診療所】【診療科目:内科_循環器内科】富山県黒部市三日市２９０３" }, "geometry": { "type": "Point", "coordinates": [ 137.4509, 36.876499 ] } },
{ "type": "Feature", "properties": { "ID": 1622160710491, "正式名称": "藤が丘クリニック", "機関区分": 2, "都道府県コード": 16, "市区町村コード": 207, "所在地": "富山県黒部市生地中区１０４－３", "緯度": 36.888331, "経度": 137.424652, "url": "https://www.iryou.teikyouseido.mhlw.go.jp/znk-web/juminkanja/S2430/initialize?prefCd=16&kikanCd=2160710491&kikanKbn=2", "url2": "https://fujigaokaclinic.com/", "内容": "藤が丘クリニック【2:診療所】【診療科目:内科_循環器内科_消化器内科_腎臓内科_小児科_精神科_心療内科】富山県黒部市生地中区１０４－３" }, "geometry": { "type": "Point", "coordinates": [ 137.424652, 36.888331 ] } },
{ "type": "Feature", "properties": { "ID": 1622160710509, "正式名称": "医療法人社団　岩井整形外科医院", "機関区分": 2, "都道府県コード": 16, "市区町村コード": 207, "所在地": "富山県黒部市堀高３５", "緯度": 36.88236, "経度": 137.440706, "url": "https://www.iryou.teikyouseido.mhlw.go.jp/znk-web/juminkanja/S2430/initialize?prefCd=16&kikanCd=2160710509&kikanKbn=2", "url2": null, "内容": "医療法人社団　岩井整形外科医院【2:診療所】【診療科目:整形外科_リハビリテーション科】富山県黒部市堀高３５" }, "geometry": { "type": "Point", "coordinates": [ 137.440706, 36.88236 ] } },
{ "type": "Feature", "properties": { "ID": 1622160710517, "正式名称": "牧野胃腸科クリニック", "機関区分": 2, "都道府県コード": 16, "市区町村コード": 207, "所在地": "富山県黒部市新牧野１６９", "緯度": 36.868611, "経度": 137.449928, "url": "https://www.iryou.teikyouseido.mhlw.go.jp/znk-web/juminkanja/S2430/initialize?prefCd=16&kikanCd=2160710517&kikanKbn=2", "url2": "http://hmakino.lomo.jp/", "内容": "牧野胃腸科クリニック【2:診療所】【診療科目:内科_消化器内科】富山県黒部市新牧野１６９" }, "geometry": { "type": "Point", "coordinates": [ 137.449928, 36.868611 ] } },
{ "type": "Feature", "properties": { "ID": 1622160710533, "正式名称": "金田クリニック", "機関区分": 2, "都道府県コード": 16, "市区町村コード": 207, "所在地": "富山県黒部市荻生２８９５", "緯度": 36.878945, "経度": 137.461581, "url": "https://www.iryou.teikyouseido.mhlw.go.jp/znk-web/juminkanja/S2430/initialize?prefCd=16&kikanCd=2160710533&kikanKbn=2", "url2": null, "内容": "金田クリニック【2:診療所】【診療科目:胃腸内科_外科_肛門外科_整形外科_リハビリテーション科】富山県黒部市荻生２８９５" }, "geometry": { "type": "Point", "coordinates": [ 137.461581, 36.878945 ] } },
{ "type": "Feature", "properties": { "ID": 1622160710582, "正式名称": "医療法人社団きょうクリニック", "機関区分": 2, "都道府県コード": 16, "市区町村コード": 207, "所在地": "富山県黒部市北野４８－２", "緯度": 36.890331, "経度": 137.449899, "url": "https://www.iryou.teikyouseido.mhlw.go.jp/znk-web/juminkanja/S2430/initialize?prefCd=16&kikanCd=2160710582&kikanKbn=2", "url2": null, "内容": "医療法人社団きょうクリニック【2:診療所】【診療科目:内科_皮膚科】富山県黒部市北野４８－２" }, "geometry": { "type": "Point", "coordinates": [ 137.449899, 36.890331 ] } },
{ "type": "Feature", "properties": { "ID": 1622160710590, "正式名称": "くらた皮ふ科クリニック", "機関区分": 2, "都道府県コード": 16, "市区町村コード": 207, "所在地": "富山県黒部市三日市２５６３－１", "緯度": 36.873028, "経度": 137.452539, "url": "https://www.iryou.teikyouseido.mhlw.go.jp/znk-web/juminkanja/S2430/initialize?prefCd=16&kikanCd=2160710590&kikanKbn=2", "url2": "http://kuratahifuka.com/", "内容": "くらた皮ふ科クリニック【2:診療所】【診療科目:皮膚科】富山県黒部市三日市２５６３－１" }, "geometry": { "type": "Point", "coordinates": [ 137.452539, 36.873028 ] } },
{ "type": "Feature", "properties": { "ID": 1622160710608, "正式名称": "たまの整形外科クリニック", "機関区分": 2, "都道府県コード": 16, "市区町村コード": 207, "所在地": "富山県黒部市牧野８２０－１", "緯度": 36.867917, "経度": 137.44129, "url": "https://www.iryou.teikyouseido.mhlw.go.jp/znk-web/juminkanja/S2430/initialize?prefCd=16&kikanCd=2160710608&kikanKbn=2", "url2": "https://toyama-souseikai.or.jp/tamano/", "内容": "たまの整形外科クリニック【2:診療所】【診療科目:整形外科_リウマチ科_リハビリテーション科】富山県黒部市牧野８２０－１" }, "geometry": { "type": "Point", "coordinates": [ 137.44129, 36.867917 ] } },
{ "type": "Feature", "properties": { "ID": 1622160710616, "正式名称": "むらおかクリニック", "機関区分": 2, "都道府県コード": 16, "市区町村コード": 207, "所在地": "富山県黒部市生地神区３７０", "緯度": 36.888581, "経度": 137.420124, "url": "https://www.iryou.teikyouseido.mhlw.go.jp/znk-web/juminkanja/S2430/initialize?prefCd=16&kikanCd=2160710616&kikanKbn=2", "url2": null, "内容": "むらおかクリニック【2:診療所】【診療科目:内科_消化器内科_外科_女性乳腺外科_肛門外科_整形外科】富山県黒部市生地神区３７０" }, "geometry": { "type": "Point", "coordinates": [ 137.420124, 36.888581 ] } },
{ "type": "Feature", "properties": { "ID": 1622160710657, "正式名称": "高桜内科医院", "機関区分": 2, "都道府県コード": 16, "市区町村コード": 207, "所在地": "富山県黒部市北新１０－６", "緯度": 36.876527, "経度": 137.443428, "url": "https://www.iryou.teikyouseido.mhlw.go.jp/znk-web/juminkanja/S2430/initialize?prefCd=16&kikanCd=2160710657&kikanKbn=2", "url2": "http://www.sakuracl.sakura.ne.jp", "内容": "高桜内科医院【2:診療所】【診療科目:内科_糖尿病・内分泌内科_呼吸器内科】富山県黒部市北新１０－６" }, "geometry": { "type": "Point", "coordinates": [ 137.443428, 36.876527 ] } },
{ "type": "Feature", "properties": { "ID": 1622160710665, "正式名称": "岩田クリニック", "機関区分": 2, "都道府県コード": 16, "市区町村コード": 207, "所在地": "富山県黒部市新牧野２８２－２", "緯度": 36.865806, "経度": 137.445318, "url": "https://www.iryou.teikyouseido.mhlw.go.jp/znk-web/juminkanja/S2430/initialize?prefCd=16&kikanCd=2160710665&kikanKbn=2", "url2": "https://iwataclinic-kurobe.jp/", "内容": "岩田クリニック【2:診療所】【診療科目:内科_消化器内科_外科_消化器外科】富山県黒部市新牧野２８２－２" }, "geometry": { "type": "Point", "coordinates": [ 137.445318, 36.865806 ] } },
{ "type": "Feature", "properties": { "ID": 1622160710673, "正式名称": "こいずみクリニック", "機関区分": 2, "都道府県コード": 16, "市区町村コード": 207, "所在地": "富山県黒部市牧野７８０－１", "緯度": 36.870361, "経度": 137.44029, "url": "https://www.iryou.teikyouseido.mhlw.go.jp/znk-web/juminkanja/S2430/initialize?prefCd=16&kikanCd=2160710673&kikanKbn=2", "url2": "http://www.koizumicl.jp/", "内容": "こいずみクリニック【2:診療所】【診療科目:内科_泌尿器科】富山県黒部市牧野７８０－１" }, "geometry": { "type": "Point", "coordinates": [ 137.44029, 36.870361 ] } },
{ "type": "Feature", "properties": { "ID": 1622160810176, "正式名称": "桐澤医院", "機関区分": 2, "都道府県コード": 16, "市区町村コード": 208, "所在地": "富山県砺波市本町１３－７", "緯度": 36.637738, "経度": 136.948675, "url": "https://www.iryou.teikyouseido.mhlw.go.jp/znk-web/juminkanja/S2430/initialize?prefCd=16&kikanCd=2160810176&kikanKbn=2", "url2": "https://www.kirisawaiin.com/", "内容": "桐澤医院【2:診療所】【診療科目:内科_糖尿病内科_内分泌内科_アレルギー疾患内科_眼科】富山県砺波市本町１３－７" }, "geometry": { "type": "Point", "coordinates": [ 136.948675, 36.637738 ] } },
{ "type": "Feature", "properties": { "ID": 1622160810226, "正式名称": "伏木医院", "機関区分": 2, "都道府県コード": 16, "市区町村コード": 208, "所在地": "富山県砺波市宮丸５６８", "緯度": 36.655153, "経度": 136.967617, "url": "https://www.iryou.teikyouseido.mhlw.go.jp/znk-web/juminkanja/S2430/initialize?prefCd=16&kikanCd=2160810226&kikanKbn=2", "url2": null, "内容": "伏木医院【2:診療所】【診療科目:内科_産婦人科】富山県砺波市宮丸５６８" }, "geometry": { "type": "Point", "coordinates": [ 136.967617, 36.655153 ] } },
{ "type": "Feature", "properties": { "ID": 1622160810234, "正式名称": "医療法人社団藤井整形外科医院", "機関区分": 2, "都道府県コード": 16, "市区町村コード": 208, "所在地": "富山県砺波市栄町６１３", "緯度": 36.64871, "経度": 136.960646, "url": "https://www.iryou.teikyouseido.mhlw.go.jp/znk-web/juminkanja/S2430/initialize?prefCd=16&kikanCd=2160810234&kikanKbn=2", "url2": "https://fujiiseikei.jp", "内容": "医療法人社団藤井整形外科医院【2:診療所】【診療科目:整形外科】富山県砺波市栄町６１３" }, "geometry": { "type": "Point", "coordinates": [ 136.960646, 36.64871 ] } },
{ "type": "Feature", "properties": { "ID": 1622160810408, "正式名称": "山本内科医院", "機関区分": 2, "都道府県コード": 16, "市区町村コード": 208, "所在地": "富山県砺波市出町中央６－１４", "緯度": 36.647571, "経度": 136.961979, "url": "https://www.iryou.teikyouseido.mhlw.go.jp/znk-web/juminkanja/S2430/initialize?prefCd=16&kikanCd=2160810408&kikanKbn=2", "url2": "http://ikuo1105.byoinnavi.jp/pc/index.html", "内容": "山本内科医院【2:診療所】【診療科目:内科_小児科】富山県砺波市出町中央６－１４" }, "geometry": { "type": "Point", "coordinates": [ 136.961979, 36.647571 ] } },
{ "type": "Feature", "properties": { "ID": 1622160810416, "正式名称": "髙橋外科医院", "機関区分": 2, "都道府県コード": 16, "市区町村コード": 208, "所在地": "富山県砺波市寿町２－４０", "緯度": 36.644442, "経度": 136.957123, "url": "https://www.iryou.teikyouseido.mhlw.go.jp/znk-web/juminkanja/S2430/initialize?prefCd=16&kikanCd=2160810416&kikanKbn=2", "url2": "http://www.juzankai.jp", "内容": "髙橋外科医院【2:診療所】【診療科目:内科_消化器内科_外科_整形外科】富山県砺波市寿町２－４０" }, "geometry": { "type": "Point", "coordinates": [ 136.957123, 36.644442 ] } },
{ "type": "Feature", "properties": { "ID": 1622160810457, "正式名称": "医療法人社団和康会河合医院", "機関区分": 2, "都道府県コード": 16, "市区町村コード": 208, "所在地": "富山県砺波市中央町１番２号", "緯度": 36.638572, "経度": 136.955063, "url": "https://www.iryou.teikyouseido.mhlw.go.jp/znk-web/juminkanja/S2430/initialize?prefCd=16&kikanCd=2160810457&kikanKbn=2", "url2": "http://www.kawaijibi.com/", "内容": "医療法人社団和康会河合医院【2:診療所】【診療科目:耳鼻いんこう科_アレルギー科】富山県砺波市中央町１番２号" }, "geometry": { "type": "Point", "coordinates": [ 136.955063, 36.638572 ] } },
{ "type": "Feature", "properties": { "ID": 1622160810481, "正式名称": "医療法人社団寿恵会　津田産婦人科医院", "機関区分": 2, "都道府県コード": 16, "市区町村コード": 208, "所在地": "富山県砺波市杉木４丁目６９番地", "緯度": 36.649765, "経度": 136.955563, "url": "https://www.iryou.teikyouseido.mhlw.go.jp/znk-web/juminkanja/S2430/initialize?prefCd=16&kikanCd=2160810481&kikanKbn=2", "url2": "http://www1.tst.ne.jp/tsudasan/", "内容": "医療法人社団寿恵会　津田産婦人科医院【2:診療所】【診療科目:産婦人科】富山県砺波市杉木４丁目６９番地" }, "geometry": { "type": "Point", "coordinates": [ 136.955563, 36.649765 ] } },
{ "type": "Feature", "properties": { "ID": 1622160810499, "正式名称": "力耕会　金井医院", "機関区分": 2, "都道府県コード": 16, "市区町村コード": 208, "所在地": "富山県砺波市深江１－２１０", "緯度": 36.631156, "経度": 136.951092, "url": "https://www.iryou.teikyouseido.mhlw.go.jp/znk-web/juminkanja/S2430/initialize?prefCd=16&kikanCd=2160810499&kikanKbn=2", "url2": null, "内容": "力耕会　金井医院【2:診療所】【診療科目:内科_消化器内科_小児科】富山県砺波市深江１－２１０" }, "geometry": { "type": "Point", "coordinates": [ 136.951092, 36.631156 ] } },
{ "type": "Feature", "properties": { "ID": 1622160810549, "正式名称": "柳下小児科内科医院", "機関区分": 2, "都道府県コード": 16, "市区町村コード": 208, "所在地": "富山県砺波市中神３－１", "緯度": 36.646099, "経度": 136.948675, "url": "https://www.iryou.teikyouseido.mhlw.go.jp/znk-web/juminkanja/S2430/initialize?prefCd=16&kikanCd=2160810549&kikanKbn=2", "url2": "https://www.instagram.com/yahishita_clinic/", "内容": "柳下小児科内科医院【2:診療所】【診療科目:内科_呼吸器内科_小児科】富山県砺波市中神３－１" }, "geometry": { "type": "Point", "coordinates": [ 136.948675, 36.646099 ] } },
{ "type": "Feature", "properties": { "ID": 1622160810564, "正式名称": "とよだ眼科クリニック", "機関区分": 2, "都道府県コード": 16, "市区町村コード": 208, "所在地": "富山県砺波市太郎丸１－８－２", "緯度": 36.631795, "経度": 136.958924, "url": "https://www.iryou.teikyouseido.mhlw.go.jp/znk-web/juminkanja/S2430/initialize?prefCd=16&kikanCd=2160810564&kikanKbn=2", "url2": "https://www.toyoda-eyeclinic.com", "内容": "とよだ眼科クリニック【2:診療所】【診療科目:眼科】富山県砺波市太郎丸１－８－２" }, "geometry": { "type": "Point", "coordinates": [ 136.958924, 36.631795 ] } },
{ "type": "Feature", "properties": { "ID": 1622160810572, "正式名称": "柳澤医院", "機関区分": 2, "都道府県コード": 16, "市区町村コード": 208, "所在地": "富山県砺波市深江１丁目１７４番地", "緯度": 36.633322, "経度": 136.950536, "url": "https://www.iryou.teikyouseido.mhlw.go.jp/znk-web/juminkanja/S2430/initialize?prefCd=16&kikanCd=2160810572&kikanKbn=2", "url2": null, "内容": "柳澤医院【2:診療所】【診療科目:内科_消化器内科_胃腸内科_小児科】富山県砺波市深江１丁目１７４番地" }, "geometry": { "type": "Point", "coordinates": [ 136.950536, 36.633322 ] } },
{ "type": "Feature", "properties": { "ID": 1622160810580, "正式名称": "さかした医院", "機関区分": 2, "都道府県コード": 16, "市区町村コード": 208, "所在地": "富山県砺波市太郎丸１－８－６", "緯度": 36.632516, "経度": 136.959632, "url": "https://www.iryou.teikyouseido.mhlw.go.jp/znk-web/juminkanja/S2430/initialize?prefCd=16&kikanCd=2160810580&kikanKbn=2", "url2": null, "内容": "さかした医院【2:診療所】【診療科目:内科_神経内科_耳鼻いんこう科_気管食道・耳鼻いんこう科】富山県砺波市太郎丸１－８－６" }, "geometry": { "type": "Point", "coordinates": [ 136.959632, 36.632516 ] } },
{ "type": "Feature", "properties": { "ID": 1622160810614, "正式名称": "砺波医療圏急患センター", "機関区分": 2, "都道府県コード": 16, "市区町村コード": 208, "所在地": "富山県砺波市新富町１－６１", "緯度": 36.64096, "経度": 136.950341, "url": "https://www.iryou.teikyouseido.mhlw.go.jp/znk-web/juminkanja/S2430/initialize?prefCd=16&kikanCd=2160810614&kikanKbn=2", "url2": null, "内容": "砺波医療圏急患センター【2:診療所】【診療科目:内科_小児科】富山県砺波市新富町１－６１" }, "geometry": { "type": "Point", "coordinates": [ 136.950341, 36.64096 ] } },
{ "type": "Feature", "properties": { "ID": 1622160810622, "正式名称": "やました医院", "機関区分": 2, "都道府県コード": 16, "市区町村コード": 208, "所在地": "富山県砺波市永福町５－１１", "緯度": 36.639099, "経度": 136.945981, "url": "https://www.iryou.teikyouseido.mhlw.go.jp/znk-web/juminkanja/S2430/initialize?prefCd=16&kikanCd=2160810622&kikanKbn=2", "url2": "http://www1.coralnet.or.jp/yamaryo/index.html", "内容": "やました医院【2:診療所】【診療科目:内科_呼吸器内科_外科_肛門外科】富山県砺波市永福町５－１１" }, "geometry": { "type": "Point", "coordinates": [ 136.945981, 36.639099 ] } },
{ "type": "Feature", "properties": { "ID": 1622160810648, "正式名称": "ひがしでクリニック", "機関区分": 2, "都道府県コード": 16, "市区町村コード": 208, "所在地": "富山県砺波市となみ町１３－１０", "緯度": 36.63785, "経度": 136.961507, "url": "https://www.iryou.teikyouseido.mhlw.go.jp/znk-web/juminkanja/S2430/initialize?prefCd=16&kikanCd=2160810648&kikanKbn=2", "url2": "http://higashide.mmcr.jp/yoyaku/", "内容": "ひがしでクリニック【2:診療所】【診療科目:内科_消化器内科_外科_整形外科】富山県砺波市となみ町１３－１０" }, "geometry": { "type": "Point", "coordinates": [ 136.961507, 36.63785 ] } },
{ "type": "Feature", "properties": { "ID": 1622160810663, "正式名称": "医療法人社団大沢内科クリニック", "機関区分": 2, "都道府県コード": 16, "市区町村コード": 208, "所在地": "富山県砺波市平和町１４６", "緯度": 36.642849, "経度": 136.952647, "url": "https://www.iryou.teikyouseido.mhlw.go.jp/znk-web/juminkanja/S2430/initialize?prefCd=16&kikanCd=2160810663&kikanKbn=2", "url2": null, "内容": "医療法人社団大沢内科クリニック【2:診療所】【診療科目:内科】富山県砺波市平和町１４６" }, "geometry": { "type": "Point", "coordinates": [ 136.952647, 36.642849 ] } },
{ "type": "Feature", "properties": { "ID": 1622160810705, "正式名称": "あみたに医院", "機関区分": 2, "都道府県コード": 16, "市区町村コード": 208, "所在地": "富山県砺波市山王町４番６号", "緯度": 36.636155, "経度": 136.955286, "url": "https://www.iryou.teikyouseido.mhlw.go.jp/znk-web/juminkanja/S2430/initialize?prefCd=16&kikanCd=2160810705&kikanKbn=2", "url2": "https://www.junkannki.com/", "内容": "あみたに医院【2:診療所】【診療科目:内科_循環器内科】富山県砺波市山王町４番６号" }, "geometry": { "type": "Point", "coordinates": [ 136.955286, 36.636155 ] } },
{ "type": "Feature", "properties": { "ID": 1622160810713, "正式名称": "住田小児科医院", "機関区分": 2, "都道府県コード": 16, "市区町村コード": 208, "所在地": "富山県砺波市となみ町１３－１６", "緯度": 36.637489, "経度": 136.961896, "url": "https://www.iryou.teikyouseido.mhlw.go.jp/znk-web/juminkanja/S2430/initialize?prefCd=16&kikanCd=2160810713&kikanKbn=2", "url2": null, "内容": "住田小児科医院【2:診療所】【診療科目:小児科】富山県砺波市となみ町１３－１６" }, "geometry": { "type": "Point", "coordinates": [ 136.961896, 36.637489 ] } },
{ "type": "Feature", "properties": { "ID": 1622160810721, "正式名称": "おおた内科クリニック", "機関区分": 2, "都道府県コード": 16, "市区町村コード": 208, "所在地": "富山県砺波市庄川町青島７０１－１", "緯度": 36.574385, "経度": 136.985925, "url": "https://www.iryou.teikyouseido.mhlw.go.jp/znk-web/juminkanja/S2430/initialize?prefCd=16&kikanCd=2160810721&kikanKbn=2", "url2": null, "内容": "おおた内科クリニック【2:診療所】【診療科目:内科_循環器内科_消化器内科】富山県砺波市庄川町青島７０１－１" }, "geometry": { "type": "Point", "coordinates": [ 136.985925, 36.574385 ] } },
{ "type": "Feature", "properties": { "ID": 1622160910307, "正式名称": "桜井眼科医院", "機関区分": 2, "都道府県コード": 16, "市区町村コード": 209, "所在地": "富山県小矢部市西町２－３２", "緯度": 36.675705, "経度": 136.86443, "url": "https://www.iryou.teikyouseido.mhlw.go.jp/znk-web/juminkanja/S2430/initialize?prefCd=16&kikanCd=2160910307&kikanKbn=2", "url2": null, "内容": "桜井眼科医院【2:診療所】【診療科目:眼科】富山県小矢部市西町２－３２" }, "geometry": { "type": "Point", "coordinates": [ 136.86443, 36.675705 ] } },
{ "type": "Feature", "properties": { "ID": 1622160910364, "正式名称": "青木内科医院", "機関区分": 2, "都道府県コード": 16, "市区町村コード": 209, "所在地": "富山県小矢部市石動町１－４", "緯度": 36.675094, "経度": 136.866152, "url": "https://www.iryou.teikyouseido.mhlw.go.jp/znk-web/juminkanja/S2430/initialize?prefCd=16&kikanCd=2160910364&kikanKbn=2", "url2": null, "内容": "青木内科医院【2:診療所】【診療科目:内科_呼吸器内科_循環器内科_消化器内科_小児科_放射線科】富山県小矢部市石動町１－４" }, "geometry": { "type": "Point", "coordinates": [ 136.866152, 36.675094 ] } },
{ "type": "Feature", "properties": { "ID": 1622160910430, "正式名称": "医療法人社団村田医院", "機関区分": 2, "都道府県コード": 16, "市区町村コード": 209, "所在地": "富山県小矢部市本町１－１３", "緯度": 36.675288, "経度": 136.867874, "url": "https://www.iryou.teikyouseido.mhlw.go.jp/znk-web/juminkanja/S2430/initialize?prefCd=16&kikanCd=2160910430&kikanKbn=2", "url2": null, "内容": "医療法人社団村田医院【2:診療所】【診療科目:内科_外科_整形外科_リハビリテーション科】富山県小矢部市本町１－１３" }, "geometry": { "type": "Point", "coordinates": [ 136.867874, 36.675288 ] } },
{ "type": "Feature", "properties": { "ID": 1622160910448, "正式名称": "井上内科医院", "機関区分": 2, "都道府県コード": 16, "市区町村コード": 209, "所在地": "富山県小矢部市今石動町１－５－３１", "緯度": 36.677066, "経度": 136.874929, "url": "https://www.iryou.teikyouseido.mhlw.go.jp/znk-web/juminkanja/S2430/initialize?prefCd=16&kikanCd=2160910448&kikanKbn=2", "url2": "https://inoue-clinic-oyabe.jp/", "内容": "井上内科医院【2:診療所】【診療科目:内科_循環器内科_胃腸内科_腎臓内科_リウマチ科】富山県小矢部市今石動町１－５－３１" }, "geometry": { "type": "Point", "coordinates": [ 136.874929, 36.677066 ] } },
{ "type": "Feature", "properties": { "ID": 1622160910471, "正式名称": "大野クリニック", "機関区分": 2, "都道府県コード": 16, "市区町村コード": 209, "所在地": "富山県小矢部市小矢部町１－１", "緯度": 36.67576, "経度": 136.869858, "url": "https://www.iryou.teikyouseido.mhlw.go.jp/znk-web/juminkanja/S2430/initialize?prefCd=16&kikanCd=2160910471&kikanKbn=2", "url2": null, "内容": "大野クリニック【2:診療所】【診療科目:内科_消化器内科_胃腸内科_小児科_リハビリテーション科】富山県小矢部市小矢部町１－１" }, "geometry": { "type": "Point", "coordinates": [ 136.869858, 36.67576 ] } },
{ "type": "Feature", "properties": { "ID": 1622160910513, "正式名称": "医療法人社団　畠山内科クリニック", "機関区分": 2, "都道府県コード": 16, "市区町村コード": 209, "所在地": "富山県小矢部市埴生３５６－４", "緯度": 36.665123, "経度": 136.855876, "url": "https://www.iryou.teikyouseido.mhlw.go.jp/znk-web/juminkanja/S2430/initialize?prefCd=16&kikanCd=2160910513&kikanKbn=2", "url2": null, "内容": "医療法人社団　畠山内科クリニック【2:診療所】【診療科目:内科_呼吸器内科_循環器内科_消化器内科】富山県小矢部市埴生３５６－４" }, "geometry": { "type": "Point", "coordinates": [ 136.855876, 36.665123 ] } },
{ "type": "Feature", "properties": { "ID": 1622160910539, "正式名称": "ひがき皮フ科", "機関区分": 2, "都道府県コード": 16, "市区町村コード": 209, "所在地": "富山県小矢部市石動町８－２８", "緯度": 36.672178, "経度": 136.862153, "url": "https://www.iryou.teikyouseido.mhlw.go.jp/znk-web/juminkanja/S2430/initialize?prefCd=16&kikanCd=2160910539&kikanKbn=2", "url2": null, "内容": "ひがき皮フ科【2:診療所】【診療科目:皮膚科】富山県小矢部市石動町８－２８" }, "geometry": { "type": "Point", "coordinates": [ 136.862153, 36.672178 ] } },
{ "type": "Feature", "properties": { "ID": 1622161510346, "正式名称": "大沢野クリニック", "機関区分": 2, "都道府県コード": 16, "市区町村コード": 201, "所在地": "富山県富山市上二杉４２０－２", "緯度": 36.591026, "経度": 137.2026, "url": "https://www.iryou.teikyouseido.mhlw.go.jp/znk-web/juminkanja/S2430/initialize?prefCd=16&kikanCd=2161510346&kikanKbn=2", "url2": "https://toyama-souseikai.or.jp/osawano-clinic/", "内容": "大沢野クリニック【2:診療所】【診療科目:内科_循環器内科_漢方内科_整形外科_眼科_耳鼻いんこう科_皮膚科_リハビリテーション科】富山県富山市上二杉４２０－２" }, "geometry": { "type": "Point", "coordinates": [ 137.2026, 36.591026 ] } },
{ "type": "Feature", "properties": { "ID": 1622161510361, "正式名称": "吉山医院", "機関区分": 2, "都道府県コード": 16, "市区町村コード": 201, "所在地": "富山県富山市下大久保１０５５－７", "緯度": 36.610385, "経度": 137.207238, "url": "https://www.iryou.teikyouseido.mhlw.go.jp/znk-web/juminkanja/S2430/initialize?prefCd=16&kikanCd=2161510361&kikanKbn=2", "url2": "http://nttbj.itp.ne.jp/0764670025/index.html", "内容": "吉山医院【2:診療所】【診療科目:内科_循環器内科_小児科】富山県富山市下大久保１０５５－７" }, "geometry": { "type": "Point", "coordinates": [ 137.207238, 36.610385 ] } },
{ "type": "Feature", "properties": { "ID": 1622161510379, "正式名称": "中田整形外科", "機関区分": 2, "都道府県コード": 16, "市区町村コード": 201, "所在地": "富山県富山市高内３９８", "緯度": 36.580999, "経度": 137.205823, "url": "https://www.iryou.teikyouseido.mhlw.go.jp/znk-web/juminkanja/S2430/initialize?prefCd=16&kikanCd=2161510379&kikanKbn=2", "url2": null, "内容": "中田整形外科【2:診療所】【診療科目:整形外科_リハビリテーション科】富山県富山市高内３９８" }, "geometry": { "type": "Point", "coordinates": [ 137.205823, 36.580999 ] } },
{ "type": "Feature", "properties": { "ID": 1622161510395, "正式名称": "大沢野中央診療所", "機関区分": 2, "都道府県コード": 16, "市区町村コード": 201, "所在地": "富山県富山市上大久保１５７０－１", "緯度": 36.598469, "経度": 137.203961, "url": "https://www.iryou.teikyouseido.mhlw.go.jp/znk-web/juminkanja/S2430/initialize?prefCd=16&kikanCd=2161510395&kikanKbn=2", "url2": "http://kibounosato.toyama.jp/nakayamakai/", "内容": "大沢野中央診療所【2:診療所】【診療科目:内科_糖尿病内科_皮膚科_泌尿器科】富山県富山市上大久保１５７０－１" }, "geometry": { "type": "Point", "coordinates": [ 137.203961, 36.598469 ] } },
{ "type": "Feature", "properties": { "ID": 1622161510403, "正式名称": "医療法人社団　双星会　柳瀬医院", "機関区分": 2, "都道府県コード": 16, "市区町村コード": 201, "所在地": "富山県富山市笹津８２６", "緯度": 36.561862, "経度": 137.212157, "url": "https://www.iryou.teikyouseido.mhlw.go.jp/znk-web/juminkanja/S2430/initialize?prefCd=16&kikanCd=2161510403&kikanKbn=2", "url2": "https://toyama-souseikai.or.jp/yanase/", "内容": "医療法人社団　双星会　柳瀬医院【2:診療所】【診療科目:内科_外科_肛門外科】富山県富山市笹津８２６" }, "geometry": { "type": "Point", "coordinates": [ 137.212157, 36.561862 ] } },
{ "type": "Feature", "properties": { "ID": 1622161610385, "正式名称": "山崎眼科医院", "機関区分": 2, "都道府県コード": 16, "市区町村コード": 322, "所在地": "富山県中新川郡上市町横法音寺３０", "緯度": 36.703655, "経度": 137.356999, "url": "https://www.iryou.teikyouseido.mhlw.go.jp/znk-web/juminkanja/S2430/initialize?prefCd=16&kikanCd=2161610385&kikanKbn=2", "url2": null, "内容": "山崎眼科医院【2:診療所】【診療科目:眼科】富山県中新川郡上市町横法音寺３０" }, "geometry": { "type": "Point", "coordinates": [ 137.356999, 36.703655 ] } },
{ "type": "Feature", "properties": { "ID": 1622161610401, "正式名称": "内科　酒井医院", "機関区分": 2, "都道府県コード": 16, "市区町村コード": 323, "所在地": "富山県中新川郡立山町五百石２７", "緯度": 36.660659, "経度": 137.317865, "url": "https://www.iryou.teikyouseido.mhlw.go.jp/znk-web/juminkanja/S2430/initialize?prefCd=16&kikanCd=2161610401&kikanKbn=2", "url2": null, "内容": "内科　酒井医院【2:診療所】【診療科目:内科_呼吸器内科_消化器内科】富山県中新川郡立山町五百石２７" }, "geometry": { "type": "Point", "coordinates": [ 137.317865, 36.660659 ] } },
{ "type": "Feature", "properties": { "ID": 1622161610450, "正式名称": "池田内科医院", "機関区分": 2, "都道府県コード": 16, "市区町村コード": 322, "所在地": "富山県中新川郡上市町法音寺１", "緯度": 36.699378, "経度": 137.362138, "url": "https://www.iryou.teikyouseido.mhlw.go.jp/znk-web/juminkanja/S2430/initialize?prefCd=16&kikanCd=2161610450&kikanKbn=2", "url2": null, "内容": "池田内科医院【2:診療所】【診療科目:内科_胃腸内科_腎臓内科】富山県中新川郡上市町法音寺１" }, "geometry": { "type": "Point", "coordinates": [ 137.362138, 36.699378 ] } },
{ "type": "Feature", "properties": { "ID": 1622161610484, "正式名称": "植野耳鼻咽喉科医院", "機関区分": 2, "都道府県コード": 16, "市区町村コード": 323, "所在地": "富山県中新川郡立山町前沢２７１０－３６", "緯度": 36.659844, "経度": 137.312315, "url": "https://www.iryou.teikyouseido.mhlw.go.jp/znk-web/juminkanja/S2430/initialize?prefCd=16&kikanCd=2161610484&kikanKbn=2", "url2": null, "内容": "植野耳鼻咽喉科医院【2:診療所】【診療科目:小児科_耳鼻いんこう科】富山県中新川郡立山町前沢２７１０－３６" }, "geometry": { "type": "Point", "coordinates": [ 137.312315, 36.659844 ] } },
{ "type": "Feature", "properties": { "ID": 1622161610492, "正式名称": "植野内科医院", "機関区分": 2, "都道府県コード": 16, "市区町村コード": 323, "所在地": "富山県中新川郡立山町前沢２７１０－３４", "緯度": 36.659853, "経度": 137.312005, "url": "https://www.iryou.teikyouseido.mhlw.go.jp/znk-web/juminkanja/S2430/initialize?prefCd=16&kikanCd=2161610492&kikanKbn=2", "url2": null, "内容": "植野内科医院【2:診療所】【診療科目:内科】富山県中新川郡立山町前沢２７１０－３４" }, "geometry": { "type": "Point", "coordinates": [ 137.312005, 36.659853 ] } },
{ "type": "Feature", "properties": { "ID": 1622161610526, "正式名称": "医療法人社団双星会　渡辺整形外科医院", "機関区分": 2, "都道府県コード": 16, "市区町村コード": 322, "所在地": "富山県中新川郡上市町上法音寺１２番地", "緯度": 36.702267, "経度": 137.366332, "url": "https://www.iryou.teikyouseido.mhlw.go.jp/znk-web/juminkanja/S2430/initialize?prefCd=16&kikanCd=2161610526&kikanKbn=2", "url2": "http://www.ddmap.jp/0764720103", "内容": "医療法人社団双星会　渡辺整形外科医院【2:診療所】【診療科目:内科_整形外科_リウマチ科_リハビリテーション科】富山県中新川郡上市町上法音寺１２番地" }, "geometry": { "type": "Point", "coordinates": [ 137.366332, 36.702267 ] } },
{ "type": "Feature", "properties": { "ID": 1622161610559, "正式名称": "医療法人社団わかくさ医院", "機関区分": 2, "都道府県コード": 16, "市区町村コード": 322, "所在地": "富山県中新川郡上市町正印２５７", "緯度": 36.699544, "経度": 137.340778, "url": "https://www.iryou.teikyouseido.mhlw.go.jp/znk-web/juminkanja/S2430/initialize?prefCd=16&kikanCd=2161610559&kikanKbn=2", "url2": null, "内容": "医療法人社団わかくさ医院【2:診療所】【診療科目:内科】富山県中新川郡上市町正印２５７" }, "geometry": { "type": "Point", "coordinates": [ 137.340778, 36.699544 ] } },
{ "type": "Feature", "properties": { "ID": 1622161610609, "正式名称": "五百石整形外科医院", "機関区分": 2, "都道府県コード": 16, "市区町村コード": 323, "所在地": "富山県中新川郡立山町五百石１８４", "緯度": 36.66477, "経度": 137.31831, "url": "https://www.iryou.teikyouseido.mhlw.go.jp/znk-web/juminkanja/S2430/initialize?prefCd=16&kikanCd=2161610609&kikanKbn=2", "url2": "http://e500koku.wixsite.com/mysite", "内容": "五百石整形外科医院【2:診療所】【診療科目:内科_整形外科_リウマチ科_リハビリテーション科】富山県中新川郡立山町五百石１８４" }, "geometry": { "type": "Point", "coordinates": [ 137.31831, 36.66477 ] } },
{ "type": "Feature", "properties": { "ID": 1622161610617, "正式名称": "医療法人社団　安本内科クリニック", "機関区分": 2, "都道府県コード": 16, "市区町村コード": 322, "所在地": "富山県中新川郡上市町上中町２９", "緯度": 36.706072, "経度": 137.364637, "url": "https://www.iryou.teikyouseido.mhlw.go.jp/znk-web/juminkanja/S2430/initialize?prefCd=16&kikanCd=2161610617&kikanKbn=2", "url2": null, "内容": "医療法人社団　安本内科クリニック【2:診療所】【診療科目:内科】富山県中新川郡上市町上中町２９" }, "geometry": { "type": "Point", "coordinates": [ 137.364637, 36.706072 ] } },
{ "type": "Feature", "properties": { "ID": 1622161610625, "正式名称": "ひの皮ふ科クリニック", "機関区分": 2, "都道府県コード": 16, "市区町村コード": 322, "所在地": "富山県中新川郡上市町法音寺１６", "緯度": 36.703739, "経度": 137.360082, "url": "https://www.iryou.teikyouseido.mhlw.go.jp/znk-web/juminkanja/S2430/initialize?prefCd=16&kikanCd=2161610625&kikanKbn=2", "url2": "https://hino-dermatol-clinic.com/", "内容": "ひの皮ふ科クリニック【2:診療所】【診療科目:皮膚科】富山県中新川郡上市町法音寺１６" }, "geometry": { "type": "Point", "coordinates": [ 137.360082, 36.703739 ] } },
{ "type": "Feature", "properties": { "ID": 1622161610674, "正式名称": "医療法人社団かとうこどもクリニック", "機関区分": 2, "都道府県コード": 16, "市区町村コード": 323, "所在地": "富山県中新川郡立山町大石原１８７", "緯度": 36.66705, "経度": 137.295093, "url": "https://www.iryou.teikyouseido.mhlw.go.jp/znk-web/juminkanja/S2430/initialize?prefCd=16&kikanCd=2161610674&kikanKbn=2", "url2": null, "内容": "医療法人社団かとうこどもクリニック【2:診療所】【診療科目:内科_小児科_アレルギー科】富山県中新川郡立山町大石原１８７" }, "geometry": { "type": "Point", "coordinates": [ 137.295093, 36.66705 ] } },
{ "type": "Feature", "properties": { "ID": 1622161710409, "正式名称": "嶋田医院", "機関区分": 2, "都道府県コード": 16, "市区町村コード": 342, "所在地": "富山県下新川郡入善町高畠２６９", "緯度": 36.920883, "経度": 137.434288, "url": "https://www.iryou.teikyouseido.mhlw.go.jp/znk-web/juminkanja/S2430/initialize?prefCd=16&kikanCd=2161710409&kikanKbn=2", "url2": "http://www.shimada-iin.jp/", "内容": "嶋田医院【2:診療所】【診療科目:内科_小児科】富山県下新川郡入善町高畠２６９" }, "geometry": { "type": "Point", "coordinates": [ 137.434288, 36.920883 ] } },
{ "type": "Feature", "properties": { "ID": 1622161710490, "正式名称": "特別養護老人ホーム　舟見寿楽苑診療所", "機関区分": 2, "都道府県コード": 16, "市区町村コード": 342, "所在地": "富山県下新川郡入善町舟見１６６４", "緯度": 36.877946, "経度": 137.559224, "url": "https://www.iryou.teikyouseido.mhlw.go.jp/znk-web/juminkanja/S2430/initialize?prefCd=16&kikanCd=2161710490&kikanKbn=2", "url2": null, "内容": "特別養護老人ホーム　舟見寿楽苑診療所【2:診療所】【診療科目:内科】富山県下新川郡入善町舟見１６６４" }, "geometry": { "type": "Point", "coordinates": [ 137.559224, 36.877946 ] } },
{ "type": "Feature", "properties": { "ID": 1622161710565, "正式名称": "谷川クリニック", "機関区分": 2, "都道府県コード": 16, "市区町村コード": 342, "所在地": "富山県下新川郡入善町入膳７７２６", "緯度": 36.937522, "経度": 137.497782, "url": "https://www.iryou.teikyouseido.mhlw.go.jp/znk-web/juminkanja/S2430/initialize?prefCd=16&kikanCd=2161710565&kikanKbn=2", "url2": "http://tanikawaclinic.com/", "内容": "谷川クリニック【2:診療所】【診療科目:内科_消化器内科_整形外科_皮膚科_泌尿器科】富山県下新川郡入善町入膳７７２６" }, "geometry": { "type": "Point", "coordinates": [ 137.497782, 36.937522 ] } },
{ "type": "Feature", "properties": { "ID": 1622161710607, "正式名称": "石坂外科内科医院", "機関区分": 2, "都道府県コード": 16, "市区町村コード": 207, "所在地": "富山県黒部市宇奈月町浦山１１０９", "緯度": 36.862002, "経度": 137.524172, "url": "https://www.iryou.teikyouseido.mhlw.go.jp/znk-web/juminkanja/S2430/initialize?prefCd=16&kikanCd=2161710607&kikanKbn=2", "url2": null, "内容": "石坂外科内科医院【2:診療所】【診療科目:内科_外科】富山県黒部市宇奈月町浦山１１０９" }, "geometry": { "type": "Point", "coordinates": [ 137.524172, 36.862002 ] } },
{ "type": "Feature", "properties": { "ID": 1622161710631, "正式名称": "山本クリニック", "機関区分": 2, "都道府県コード": 16, "市区町村コード": 342, "所在地": "富山県下新川郡入善町入膳１３９－３", "緯度": 36.939355, "経度": 137.49606, "url": "https://www.iryou.teikyouseido.mhlw.go.jp/znk-web/juminkanja/S2430/initialize?prefCd=16&kikanCd=2161710631&kikanKbn=2", "url2": "http://yamamoto-clinic-toyama.com", "内容": "山本クリニック【2:診療所】【診療科目:内科】富山県下新川郡入善町入膳１３９－３" }, "geometry": { "type": "Point", "coordinates": [ 137.49606, 36.939355 ] } },
{ "type": "Feature", "properties": { "ID": 1622161710672, "正式名称": "新田眼科", "機関区分": 2, "都道府県コード": 16, "市区町村コード": 342, "所在地": "富山県下新川郡入善町入膳７７１４－１", "緯度": 36.93741, "経度": 137.498254, "url": "https://www.iryou.teikyouseido.mhlw.go.jp/znk-web/juminkanja/S2430/initialize?prefCd=16&kikanCd=2161710672&kikanKbn=2", "url2": "https://nittaganka.com/", "内容": "新田眼科【2:診療所】【診療科目:眼科】富山県下新川郡入善町入膳７７１４－１" }, "geometry": { "type": "Point", "coordinates": [ 137.498254, 36.93741 ] } },
{ "type": "Feature", "properties": { "ID": 1622161710680, "正式名称": "医療法人社団聖フランシスコ会耳鼻咽喉科中川医院", "機関区分": 2, "都道府県コード": 16, "市区町村コード": 343, "所在地": "富山県下新川郡朝日町沼保９７４", "緯度": 36.956437, "経度": 137.560387, "url": "https://www.iryou.teikyouseido.mhlw.go.jp/znk-web/juminkanja/S2430/initialize?prefCd=16&kikanCd=2161710680&kikanKbn=2", "url2": null, "内容": "医療法人社団聖フランシスコ会耳鼻咽喉科中川医院【2:診療所】【診療科目:耳鼻いんこう科】富山県下新川郡朝日町沼保９７４" }, "geometry": { "type": "Point", "coordinates": [ 137.560387, 36.956437 ] } },
{ "type": "Feature", "properties": { "ID": 1622161710771, "正式名称": "川瀬医院", "機関区分": 2, "都道府県コード": 16, "市区町村コード": 342, "所在地": "富山県下新川郡入善町東狐１０３１", "緯度": 36.918356, "経度": 137.474285, "url": "https://www.iryou.teikyouseido.mhlw.go.jp/znk-web/juminkanja/S2430/initialize?prefCd=16&kikanCd=2161710771&kikanKbn=2", "url2": null, "内容": "川瀬医院【2:診療所】【診療科目:内科_循環器内科_消化器内科_小児科】富山県下新川郡入善町東狐１０３１" }, "geometry": { "type": "Point", "coordinates": [ 137.474285, 36.918356 ] } },
{ "type": "Feature", "properties": { "ID": 1622161710789, "正式名称": "宝田医院", "機関区分": 2, "都道府県コード": 16, "市区町村コード": 342, "所在地": "富山県下新川郡入善町入膳３６０９－３", "緯度": 36.938077, "経度": 137.501337, "url": "https://www.iryou.teikyouseido.mhlw.go.jp/znk-web/juminkanja/S2430/initialize?prefCd=16&kikanCd=2161710789&kikanKbn=2", "url2": "http://kenshin-db.niph.go.jp/kenshin/", "内容": "宝田医院【2:診療所】【診療科目:内科_循環器内科_消化器内科_放射線科】富山県下新川郡入善町入膳３６０９－３" }, "geometry": { "type": "Point", "coordinates": [ 137.501337, 36.938077 ] } },
{ "type": "Feature", "properties": { "ID": 1622161710797, "正式名称": "あわの産婦人科医院", "機関区分": 2, "都道府県コード": 16, "市区町村コード": 342, "所在地": "富山県下新川郡入善町入膳２２９－３", "緯度": 36.931522, "経度": 137.506365, "url": "https://www.iryou.teikyouseido.mhlw.go.jp/znk-web/juminkanja/S2430/initialize?prefCd=16&kikanCd=2161710797&kikanKbn=2", "url2": "http://www.awano-clinic.com", "内容": "あわの産婦人科医院【2:診療所】【診療科目:産婦人科_産科_婦人科_産婦人科（生殖医療）】富山県下新川郡入善町入膳２２９－３" }, "geometry": { "type": "Point", "coordinates": [ 137.506365, 36.931522 ] } },
{ "type": "Feature", "properties": { "ID": 1622161810357, "正式名称": "医療法人社団　山本内科医院", "機関区分": 2, "都道府県コード": 16, "市区町村コード": 201, "所在地": "富山県富山市婦中町速星８１３", "緯度": 36.66099, "経度": 137.161351, "url": "https://www.iryou.teikyouseido.mhlw.go.jp/znk-web/juminkanja/S2430/initialize?prefCd=16&kikanCd=2161810357&kikanKbn=2", "url2": "https://yamamotonaikaiin.jp", "内容": "医療法人社団　山本内科医院【2:診療所】【診療科目:内科_呼吸器内科_循環器内科_消化器内科】富山県富山市婦中町速星８１３" }, "geometry": { "type": "Point", "coordinates": [ 137.161351, 36.66099 ] } },
{ "type": "Feature", "properties": { "ID": 1622161810373, "正式名称": "藤澤医院", "機関区分": 2, "都道府県コード": 16, "市区町村コード": 201, "所在地": "富山県富山市八尾町福島２０４", "緯度": 36.589858, "経度": 137.140689, "url": "https://www.iryou.teikyouseido.mhlw.go.jp/znk-web/juminkanja/S2430/initialize?prefCd=16&kikanCd=2161810373&kikanKbn=2", "url2": null, "内容": "藤澤医院【2:診療所】【診療科目:内科_循環器内科】富山県富山市八尾町福島２０４" }, "geometry": { "type": "Point", "coordinates": [ 137.140689, 36.589858 ] } },
{ "type": "Feature", "properties": { "ID": 1622161810456, "正式名称": "吉田耳鼻咽喉科医院", "機関区分": 2, "都道府県コード": 16, "市区町村コード": 201, "所在地": "富山県富山市婦中町下轡田８５１", "緯度": 36.668457, "経度": 137.172963, "url": "https://www.iryou.teikyouseido.mhlw.go.jp/znk-web/juminkanja/S2430/initialize?prefCd=16&kikanCd=2161810456&kikanKbn=2", "url2": null, "内容": "吉田耳鼻咽喉科医院【2:診療所】【診療科目:耳鼻いんこう科_アレルギー科】富山県富山市婦中町下轡田８５１" }, "geometry": { "type": "Point", "coordinates": [ 137.172963, 36.668457 ] } },
{ "type": "Feature", "properties": { "ID": 1622161810464, "正式名称": "江本医院", "機関区分": 2, "都道府県コード": 16, "市区町村コード": 201, "所在地": "富山県富山市八尾町東町２１９９－１", "緯度": 36.577717, "経度": 137.136095, "url": "https://www.iryou.teikyouseido.mhlw.go.jp/znk-web/juminkanja/S2430/initialize?prefCd=16&kikanCd=2161810464&kikanKbn=2", "url2": null, "内容": "江本医院【2:診療所】【診療科目:内科_循環器内科】富山県富山市八尾町東町２１９９－１" }, "geometry": { "type": "Point", "coordinates": [ 137.136095, 36.577717 ] } },
{ "type": "Feature", "properties": { "ID": 1622161810506, "正式名称": "蛍川クリニック", "機関区分": 2, "都道府県コード": 16, "市区町村コード": 201, "所在地": "富山県富山市婦中町板倉２６６－１", "緯度": 36.656296, "経度": 137.16735, "url": "https://www.iryou.teikyouseido.mhlw.go.jp/znk-web/juminkanja/S2430/initialize?prefCd=16&kikanCd=2161810506&kikanKbn=2", "url2": "https://hotarugawa-clinic-toyama.com/", "内容": "蛍川クリニック【2:診療所】【診療科目:内科_小児科】富山県富山市婦中町板倉２６６－１" }, "geometry": { "type": "Point", "coordinates": [ 137.16735, 36.656296 ] } },
{ "type": "Feature", "properties": { "ID": 1622161810514, "正式名称": "内科小児科　中田医院", "機関区分": 2, "都道府県コード": 16, "市区町村コード": 201, "所在地": "富山県富山市婦中町分田２５４", "緯度": 36.674377, "経度": 137.182821, "url": "https://www.iryou.teikyouseido.mhlw.go.jp/znk-web/juminkanja/S2430/initialize?prefCd=16&kikanCd=2161810514&kikanKbn=2", "url2": null, "内容": "内科小児科　中田医院【2:診療所】【診療科目:内科_小児科】富山県富山市婦中町分田２５４" }, "geometry": { "type": "Point", "coordinates": [ 137.182821, 36.674377 ] } },
{ "type": "Feature", "properties": { "ID": 1622161810522, "正式名称": "高峰クリニック", "機関区分": 2, "都道府県コード": 16, "市区町村コード": 201, "所在地": "富山県富山市婦中町板倉４６３－１", "緯度": 36.658296, "経度": 137.16685, "url": "https://www.iryou.teikyouseido.mhlw.go.jp/znk-web/juminkanja/S2430/initialize?prefCd=16&kikanCd=2161810522&kikanKbn=2", "url2": "https://takamineclinic.com", "内容": "高峰クリニック【2:診療所】【診療科目:内科_皮膚科_泌尿器科】富山県富山市婦中町板倉４６３－１" }, "geometry": { "type": "Point", "coordinates": [ 137.16685, 36.658296 ] } },
{ "type": "Feature", "properties": { "ID": 1622161810563, "正式名称": "篠川整形外科クリニック", "機関区分": 2, "都道府県コード": 16, "市区町村コード": 201, "所在地": "富山県富山市婦中町速星３００－１", "緯度": 36.661517, "経度": 137.166128, "url": "https://www.iryou.teikyouseido.mhlw.go.jp/znk-web/juminkanja/S2430/initialize?prefCd=16&kikanCd=2161810563&kikanKbn=2", "url2": null, "内容": "篠川整形外科クリニック【2:診療所】【診療科目:整形外科】富山県富山市婦中町速星３００－１" }, "geometry": { "type": "Point", "coordinates": [ 137.166128, 36.661517 ] } },
{ "type": "Feature", "properties": { "ID": 1622161810571, "正式名称": "萩野医院", "機関区分": 2, "都道府県コード": 16, "市区町村コード": 201, "所在地": "富山県富山市八尾町福島４丁目１５１番地", "緯度": 36.592358, "経度": 137.140356, "url": "https://www.iryou.teikyouseido.mhlw.go.jp/znk-web/juminkanja/S2430/initialize?prefCd=16&kikanCd=2161810571&kikanKbn=2", "url2": "https://haginoiin.jp", "内容": "萩野医院【2:診療所】【診療科目:内科_胃腸内科_外科_肛門外科_リハビリテーション科】富山県富山市八尾町福島４丁目１５１番地" }, "geometry": { "type": "Point", "coordinates": [ 137.140356, 36.592358 ] } },
{ "type": "Feature", "properties": { "ID": 1622161810647, "正式名称": "藤下内科クリニック", "機関区分": 2, "都道府県コード": 16, "市区町村コード": 201, "所在地": "富山県富山市婦中町砂子田５９―８", "緯度": 36.65549, "経度": 137.162601, "url": "https://www.iryou.teikyouseido.mhlw.go.jp/znk-web/juminkanja/S2430/initialize?prefCd=16&kikanCd=2161810647&kikanKbn=2", "url2": "http://www17.plala.or.jp/tmfuji/", "内容": "藤下内科クリニック【2:診療所】【診療科目:内科】富山県富山市婦中町砂子田５９―８" }, "geometry": { "type": "Point", "coordinates": [ 137.162601, 36.65549 ] } },
{ "type": "Feature", "properties": { "ID": 1622161810704, "正式名称": "こまた眼科", "機関区分": 2, "都道府県コード": 16, "市区町村コード": 201, "所在地": "富山県富山市婦中町板倉４７２", "緯度": 36.656768, "経度": 137.167406, "url": "https://www.iryou.teikyouseido.mhlw.go.jp/znk-web/juminkanja/S2430/initialize?prefCd=16&kikanCd=2161810704&kikanKbn=2", "url2": "http://www.komata.or.jp", "内容": "こまた眼科【2:診療所】【診療科目:眼科】富山県富山市婦中町板倉４７２" }, "geometry": { "type": "Point", "coordinates": [ 137.167406, 36.656768 ] } },
{ "type": "Feature", "properties": { "ID": 1622161910199, "正式名称": "高橋医院", "機関区分": 2, "都道府県コード": 16, "市区町村コード": 211, "所在地": "富山県射水市黒河２６８０－１", "緯度": 36.70479, "経度": 137.110103, "url": "https://www.iryou.teikyouseido.mhlw.go.jp/znk-web/juminkanja/S2430/initialize?prefCd=16&kikanCd=2161910199&kikanKbn=2", "url2": null, "内容": "高橋医院【2:診療所】【診療科目:内科】富山県射水市黒河２６８０－１" }, "geometry": { "type": "Point", "coordinates": [ 137.110103, 36.70479 ] } },
{ "type": "Feature", "properties": { "ID": 1622161910405, "正式名称": "浅山外科胃腸科医院", "機関区分": 2, "都道府県コード": 16, "市区町村コード": 211, "所在地": "富山県射水市八塚４７８－２", "緯度": 36.730619, "経度": 137.055828, "url": "https://www.iryou.teikyouseido.mhlw.go.jp/znk-web/juminkanja/S2430/initialize?prefCd=16&kikanCd=2161910405&kikanKbn=2", "url2": null, "内容": "浅山外科胃腸科医院【2:診療所】【診療科目:内科_消化器内科_胃腸内科_外科_肛門外科】富山県射水市八塚４７８－２" }, "geometry": { "type": "Point", "coordinates": [ 137.055828, 36.730619 ] } },
{ "type": "Feature", "properties": { "ID": 1622161910595, "正式名称": "道振整形外科医院", "機関区分": 2, "都道府県コード": 16, "市区町村コード": 211, "所在地": "富山県射水市二口４４６－１", "緯度": 36.723731, "経度": 137.055107, "url": "https://www.iryou.teikyouseido.mhlw.go.jp/znk-web/juminkanja/S2430/initialize?prefCd=16&kikanCd=2161910595&kikanKbn=2", "url2": "https://michifuriseikei.com", "内容": "道振整形外科医院【2:診療所】【診療科目:整形外科】富山県射水市二口４４６－１" }, "geometry": { "type": "Point", "coordinates": [ 137.055107, 36.723731 ] } },
{ "type": "Feature", "properties": { "ID": 1622161910603, "正式名称": "おおがくクリニック", "機関区分": 2, "都道府県コード": 16, "市区町村コード": 211, "所在地": "富山県射水市中太閤山１５－２－７", "緯度": 36.70329, "経度": 137.097576, "url": "https://www.iryou.teikyouseido.mhlw.go.jp/znk-web/juminkanja/S2430/initialize?prefCd=16&kikanCd=2161910603&kikanKbn=2", "url2": "https://www.imizu-med.com/clinic/post-7/", "内容": "おおがくクリニック【2:診療所】【診療科目:内科_糖尿病内科_内分泌内科_眼科】富山県射水市中太閤山１５－２－７" }, "geometry": { "type": "Point", "coordinates": [ 137.097576, 36.70329 ] } },
{ "type": "Feature", "properties": { "ID": 1622161910629, "正式名称": "山田医院", "機関区分": 2, "都道府県コード": 16, "市区町村コード": 211, "所在地": "富山県射水市三ケ８３５", "緯度": 36.725093, "経度": 137.099131, "url": "https://www.iryou.teikyouseido.mhlw.go.jp/znk-web/juminkanja/S2430/initialize?prefCd=16&kikanCd=2161910629&kikanKbn=2", "url2": "http://www.rakusankai.com/", "内容": "山田医院【2:診療所】【診療科目:内科_整形外科_リハビリテーション科】富山県射水市三ケ８３５" }, "geometry": { "type": "Point", "coordinates": [ 137.099131, 36.725093 ] } },
{ "type": "Feature", "properties": { "ID": 1622161910652, "正式名称": "おおしまこどもクリニック", "機関区分": 2, "都道府県コード": 16, "市区町村コード": 211, "所在地": "富山県射水市戸破１３８２－１", "緯度": 36.717121, "経度": 137.096576, "url": "https://www.iryou.teikyouseido.mhlw.go.jp/znk-web/juminkanja/S2430/initialize?prefCd=16&kikanCd=2161910652&kikanKbn=2", "url2": null, "内容": "おおしまこどもクリニック【2:診療所】【診療科目:小児科】富山県射水市戸破１３８２－１" }, "geometry": { "type": "Point", "coordinates": [ 137.096576, 36.717121 ] } },
{ "type": "Feature", "properties": { "ID": 1622161910686, "正式名称": "富川クリニック", "機関区分": 2, "都道府県コード": 16, "市区町村コード": 211, "所在地": "富山県射水市南太閤山３－１－１５", "緯度": 36.698512, "経度": 137.091327, "url": "https://www.iryou.teikyouseido.mhlw.go.jp/znk-web/juminkanja/S2430/initialize?prefCd=16&kikanCd=2161910686&kikanKbn=2", "url2": "https://www.tomikawa-clinic.com/", "内容": "富川クリニック【2:診療所】【診療科目:内科_血液内科_呼吸器内科_循環器内科_消化器内科_外科_肛門外科】富山県射水市南太閤山３－１－１５" }, "geometry": { "type": "Point", "coordinates": [ 137.091327, 36.698512 ] } },
{ "type": "Feature", "properties": { "ID": 1622161910710, "正式名称": "医療法人社団圭真会しまざきこどもクリニック", "機関区分": 2, "都道府県コード": 16, "市区町村コード": 211, "所在地": "富山県射水市小島９０２", "緯度": 36.735063, "経度": 137.060883, "url": "https://www.iryou.teikyouseido.mhlw.go.jp/znk-web/juminkanja/S2430/initialize?prefCd=16&kikanCd=2161910710&kikanKbn=2", "url2": "https://www.shimazaki-kodomo.com/", "内容": "医療法人社団圭真会しまざきこどもクリニック【2:診療所】【診療科目:内科_循環器内科_消化器内科_小児科】富山県射水市小島９０２" }, "geometry": { "type": "Point", "coordinates": [ 137.060883, 36.735063 ] } },
{ "type": "Feature", "properties": { "ID": 1622161910728, "正式名称": "藤田クリニック", "機関区分": 2, "都道府県コード": 16, "市区町村コード": 211, "所在地": "富山県射水市二口４５８－１５", "緯度": 36.723925, "経度": 137.053996, "url": "https://www.iryou.teikyouseido.mhlw.go.jp/znk-web/juminkanja/S2430/initialize?prefCd=16&kikanCd=2161910728&kikanKbn=2", "url2": null, "内容": "藤田クリニック【2:診療所】【診療科目:産婦人科】富山県射水市二口４５８－１５" }, "geometry": { "type": "Point", "coordinates": [ 137.053996, 36.723925 ] } },
{ "type": "Feature", "properties": { "ID": 1622161910744, "正式名称": "こすぎ皮ふ科クリニック", "機関区分": 2, "都道府県コード": 16, "市区町村コード": 211, "所在地": "富山県射水市太閤山１－６１－２", "緯度": 36.711039, "経度": 137.093326, "url": "https://www.iryou.teikyouseido.mhlw.go.jp/znk-web/juminkanja/S2430/initialize?prefCd=16&kikanCd=2161910744&kikanKbn=2", "url2": null, "内容": "こすぎ皮ふ科クリニック【2:診療所】【診療科目:皮膚科】富山県射水市太閤山１－６１－２" }, "geometry": { "type": "Point", "coordinates": [ 137.093326, 36.711039 ] } },
{ "type": "Feature", "properties": { "ID": 1622161910751, "正式名称": "松本医院", "機関区分": 2, "都道府県コード": 16, "市区町村コード": 211, "所在地": "富山県射水市三ケ３２６８", "緯度": 36.723315, "経度": 137.092631, "url": "https://www.iryou.teikyouseido.mhlw.go.jp/znk-web/juminkanja/S2430/initialize?prefCd=16&kikanCd=2161910751&kikanKbn=2", "url2": "http://www10.canet.ne.jp/~kmatsumoto/", "内容": "松本医院【2:診療所】【診療科目:内科_呼吸器内科_胃腸内科_小児科_放射線科】富山県射水市三ケ３２６８" }, "geometry": { "type": "Point", "coordinates": [ 137.092631, 36.723315 ] } },
{ "type": "Feature", "properties": { "ID": 1622161910793, "正式名称": "章仁会　高畠小児科クリニック", "機関区分": 2, "都道府県コード": 16, "市区町村コード": 211, "所在地": "富山県射水市戸破２５９６－１", "緯度": 36.719399, "経度": 137.10813, "url": "https://www.iryou.teikyouseido.mhlw.go.jp/znk-web/juminkanja/S2430/initialize?prefCd=16&kikanCd=2161910793&kikanKbn=2", "url2": "https://ssc7.doctorqube.com/takabatake-clinic/", "内容": "章仁会　高畠小児科クリニック【2:診療所】【診療科目:小児科_アレルギー科】富山県射水市戸破２５９６－１" }, "geometry": { "type": "Point", "coordinates": [ 137.10813, 36.719399 ] } },
{ "type": "Feature", "properties": { "ID": 1622161910819, "正式名称": "ながさきクリニック", "機関区分": 2, "都道府県コード": 16, "市区町村コード": 211, "所在地": "富山県射水市赤井４０－５", "緯度": 36.731536, "経度": 137.066744, "url": "https://www.iryou.teikyouseido.mhlw.go.jp/znk-web/juminkanja/S2430/initialize?prefCd=16&kikanCd=2161910819&kikanKbn=2", "url2": null, "内容": "ながさきクリニック【2:診療所】【診療科目:耳鼻いんこう科_アレルギー科】富山県射水市赤井４０－５" }, "geometry": { "type": "Point", "coordinates": [ 137.066744, 36.731536 ] } },
{ "type": "Feature", "properties": { "ID": 1622161910827, "正式名称": "レディースクリニックむらた", "機関区分": 2, "都道府県コード": 16, "市区町村コード": 211, "所在地": "富山県射水市橋下条１４８３－１", "緯度": 36.718038, "経度": 137.080688, "url": "https://www.iryou.teikyouseido.mhlw.go.jp/znk-web/juminkanja/S2430/initialize?prefCd=16&kikanCd=2161910827&kikanKbn=2", "url2": null, "内容": "レディースクリニックむらた【2:診療所】【診療科目:性感染症内科_女性内科_新生児内科_産婦人科】富山県射水市橋下条１４８３－１" }, "geometry": { "type": "Point", "coordinates": [ 137.080688, 36.718038 ] } },
{ "type": "Feature", "properties": { "ID": 1622161910892, "正式名称": "医療法人社団北林クリニック", "機関区分": 2, "都道府県コード": 16, "市区町村コード": 211, "所在地": "富山県射水市戸破１７０４－１", "緯度": 36.714566, "経度": 137.094798, "url": "https://www.iryou.teikyouseido.mhlw.go.jp/znk-web/juminkanja/S2430/initialize?prefCd=16&kikanCd=2161910892&kikanKbn=2", "url2": null, "内容": "医療法人社団北林クリニック【2:診療所】【診療科目:内科_神経内科_脳神経外科_整形外科】富山県射水市戸破１７０４－１" }, "geometry": { "type": "Point", "coordinates": [ 137.094798, 36.714566 ] } },
{ "type": "Feature", "properties": { "ID": 1622161910918, "正式名称": "佐野内科クリニック", "機関区分": 2, "都道府県コード": 16, "市区町村コード": 211, "所在地": "富山県射水市黒河新４８０８", "緯度": 36.704345, "経度": 137.102076, "url": "https://www.iryou.teikyouseido.mhlw.go.jp/znk-web/juminkanja/S2430/initialize?prefCd=16&kikanCd=2161910918&kikanKbn=2", "url2": "http://sanonc.com", "内容": "佐野内科クリニック【2:診療所】【診療科目:内科_神経内科】富山県射水市黒河新４８０８" }, "geometry": { "type": "Point", "coordinates": [ 137.102076, 36.704345 ] } },
{ "type": "Feature", "properties": { "ID": 1622161911221, "正式名称": "ひのき整形外科", "機関区分": 2, "都道府県コード": 16, "市区町村コード": 211, "所在地": "富山県射水市善光寺２２－１４", "緯度": 36.775698, "経度": 137.074936, "url": "https://www.iryou.teikyouseido.mhlw.go.jp/znk-web/juminkanja/S2430/initialize?prefCd=16&kikanCd=2161911221&kikanKbn=2", "url2": "https://hinoki.org", "内容": "ひのき整形外科【2:診療所】【診療科目:整形外科】富山県射水市善光寺２２－１４" }, "geometry": { "type": "Point", "coordinates": [ 137.074936, 36.775698 ] } },
{ "type": "Feature", "properties": { "ID": 1622161911247, "正式名称": "梅崎クリニック", "機関区分": 2, "都道府県コード": 16, "市区町村コード": 211, "所在地": "富山県射水市海老江１２４２－１", "緯度": 36.763923, "経度": 137.151291, "url": "https://www.iryou.teikyouseido.mhlw.go.jp/znk-web/juminkanja/S2430/initialize?prefCd=16&kikanCd=2161911247&kikanKbn=2", "url2": "https://www.umezaki-clinic.com/", "内容": "梅崎クリニック【2:診療所】【診療科目:内科_呼吸器内科_消化器内科_小児科_放射線科】富山県射水市海老江１２４２－１" }, "geometry": { "type": "Point", "coordinates": [ 137.151291, 36.763923 ] } },
{ "type": "Feature", "properties": { "ID": 1622161911403, "正式名称": "おばなの里クリニック", "機関区分": 2, "都道府県コード": 16, "市区町村コード": 211, "所在地": "富山県射水市中新湊２０－２", "緯度": 36.778428, "経度": 137.089658, "url": "https://www.iryou.teikyouseido.mhlw.go.jp/znk-web/juminkanja/S2430/initialize?prefCd=16&kikanCd=2161911403&kikanKbn=2", "url2": null, "内容": "おばなの里クリニック【2:診療所】【診療科目:内科_麻酔科】富山県射水市中新湊２０－２" }, "geometry": { "type": "Point", "coordinates": [ 137.089658, 36.778428 ] } },
{ "type": "Feature", "properties": { "ID": 1622161911411, "正式名称": "ふじた眼科", "機関区分": 2, "都道府県コード": 16, "市区町村コード": 211, "所在地": "富山県射水市二口３１６２", "緯度": 36.726478, "経度": 137.051731, "url": "https://www.iryou.teikyouseido.mhlw.go.jp/znk-web/juminkanja/S2430/initialize?prefCd=16&kikanCd=2161911411&kikanKbn=2", "url2": "https://fujita-eye-clinic.net/", "内容": "ふじた眼科【2:診療所】【診療科目:眼科】富山県射水市二口３１６２" }, "geometry": { "type": "Point", "coordinates": [ 137.051731, 36.726478 ] } },
{ "type": "Feature", "properties": { "ID": 1622161911429, "正式名称": "もり内科クリニック", "機関区分": 2, "都道府県コード": 16, "市区町村コード": 211, "所在地": "富山県射水市新開発３９３－４", "緯度": 36.728799, "経度": 137.07471, "url": "https://www.iryou.teikyouseido.mhlw.go.jp/znk-web/juminkanja/S2430/initialize?prefCd=16&kikanCd=2161911429&kikanKbn=2", "url2": null, "内容": "もり内科クリニック【2:診療所】【診療科目:内科_糖尿病内科_内分泌内科】富山県射水市新開発３９３－４" }, "geometry": { "type": "Point", "coordinates": [ 137.07471, 36.728799 ] } },
{ "type": "Feature", "properties": { "ID": 1622162010312, "正式名称": "南砺市上平診療所", "機関区分": 2, "都道府県コード": 16, "市区町村コード": 210, "所在地": "富山県南砺市西赤尾町２５３", "緯度": 36.383181, "経度": 136.871332, "url": "https://www.iryou.teikyouseido.mhlw.go.jp/znk-web/juminkanja/S2430/initialize?prefCd=16&kikanCd=2162010312&kikanKbn=2", "url2": "https://www.city.nanto.toyama.jp/shinryojo/index.html", "内容": "南砺市上平診療所【2:診療所】【診療科目:内科_外科】富山県南砺市西赤尾町２５３" }, "geometry": { "type": "Point", "coordinates": [ 136.871332, 36.383181 ] } },
{ "type": "Feature", "properties": { "ID": 1622162010379, "正式名称": "鷹西医院", "機関区分": 2, "都道府県コード": 16, "市区町村コード": 210, "所在地": "富山県南砺市北川１０８", "緯度": 36.568135, "経度": 136.969565, "url": "https://www.iryou.teikyouseido.mhlw.go.jp/znk-web/juminkanja/S2430/initialize?prefCd=16&kikanCd=2162010379&kikanKbn=2", "url2": null, "内容": "鷹西医院【2:診療所】【診療科目:内科_ペインクリニック内科_麻酔科】富山県南砺市北川１０８" }, "geometry": { "type": "Point", "coordinates": [ 136.969565, 36.568135 ] } },
{ "type": "Feature", "properties": { "ID": 1622162010452, "正式名称": "森田眼科医院", "機関区分": 2, "都道府県コード": 16, "市区町村コード": 210, "所在地": "富山県南砺市福野１５２７番地", "緯度": 36.589576, "経度": 136.921846, "url": "https://www.iryou.teikyouseido.mhlw.go.jp/znk-web/juminkanja/S2430/initialize?prefCd=16&kikanCd=2162010452&kikanKbn=2", "url2": null, "内容": "森田眼科医院【2:診療所】【診療科目:眼科】富山県南砺市福野１５２７番地" }, "geometry": { "type": "Point", "coordinates": [ 136.921846, 36.589576 ] } },
{ "type": "Feature", "properties": { "ID": 1622162010536, "正式名称": "南砺市利賀診療所", "機関区分": 2, "都道府県コード": 16, "市区町村コード": 210, "所在地": "富山県南砺市利賀村２５", "緯度": 36.458203, "経度": 137.028288, "url": "https://www.iryou.teikyouseido.mhlw.go.jp/znk-web/juminkanja/S2430/initialize?prefCd=16&kikanCd=2162010536&kikanKbn=2", "url2": "https://www.city.nanto.toyama.jp/shinryojo/index.html", "内容": "南砺市利賀診療所【2:診療所】【診療科目:内科_外科】富山県南砺市利賀村２５" }, "geometry": { "type": "Point", "coordinates": [ 137.028288, 36.458203 ] } },
{ "type": "Feature", "properties": { "ID": 1622162010551, "正式名称": "医療法人社団吉岡整形外科", "機関区分": 2, "都道府県コード": 16, "市区町村コード": 210, "所在地": "富山県南砺市寺家新屋敷４７２－７", "緯度": 36.594187, "経度": 136.915485, "url": "https://www.iryou.teikyouseido.mhlw.go.jp/znk-web/juminkanja/S2430/initialize?prefCd=16&kikanCd=2162010551&kikanKbn=2", "url2": "http://yoshioka-seikei.clinic/", "内容": "医療法人社団吉岡整形外科【2:診療所】【診療科目:整形外科_リハビリテーション科】富山県南砺市寺家新屋敷４７２－７" }, "geometry": { "type": "Point", "coordinates": [ 136.915485, 36.594187 ] } },
{ "type": "Feature", "properties": { "ID": 1622162010569, "正式名称": "山見内科医院", "機関区分": 2, "都道府県コード": 16, "市区町村コード": 210, "所在地": "富山県南砺市山見１１３５－１", "緯度": 36.562886, "経度": 136.965094, "url": "https://www.iryou.teikyouseido.mhlw.go.jp/znk-web/juminkanja/S2430/initialize?prefCd=16&kikanCd=2162010569&kikanKbn=2", "url2": null, "内容": "山見内科医院【2:診療所】【診療科目:内科_循環器内科_消化器内科】富山県南砺市山見１１３５－１" }, "geometry": { "type": "Point", "coordinates": [ 136.965094, 36.562886 ] } },
{ "type": "Feature", "properties": { "ID": 1622162010585, "正式名称": "南砺市平診療所", "機関区分": 2, "都道府県コード": 16, "市区町村コード": 210, "所在地": "富山県南砺市下梨２５２５－１", "緯度": 36.433538, "経度": 136.951823, "url": "https://www.iryou.teikyouseido.mhlw.go.jp/znk-web/juminkanja/S2430/initialize?prefCd=16&kikanCd=2162010585&kikanKbn=2", "url2": "https://www.city.nanto.toyama.jp/shinryojo/index.html", "内容": "南砺市平診療所【2:診療所】【診療科目:内科_外科_歯科】富山県南砺市下梨２５２５－１" }, "geometry": { "type": "Point", "coordinates": [ 136.951823, 36.433538 ] } },
{ "type": "Feature", "properties": { "ID": 1622162010593, "正式名称": "くぼクリニック", "機関区分": 2, "都道府県コード": 16, "市区町村コード": 210, "所在地": "富山県南砺市高儀１３番地１", "緯度": 36.600825, "経度": 136.929706, "url": "https://www.iryou.teikyouseido.mhlw.go.jp/znk-web/juminkanja/S2430/initialize?prefCd=16&kikanCd=2162010593&kikanKbn=2", "url2": "http://kuboclinic.life.coocan.jp/", "内容": "くぼクリニック【2:診療所】【診療科目:内科_呼吸器内科_麻酔科】富山県南砺市高儀１３番地１" }, "geometry": { "type": "Point", "coordinates": [ 136.929706, 36.600825 ] } },
{ "type": "Feature", "properties": { "ID": 1622162010650, "正式名称": "城端理休クリニック", "機関区分": 2, "都道府県コード": 16, "市区町村コード": 210, "所在地": "富山県南砺市理休２７０番地", "緯度": 36.512029, "経度": 136.906129, "url": "https://www.iryou.teikyouseido.mhlw.go.jp/znk-web/juminkanja/S2430/initialize?prefCd=16&kikanCd=2162010650&kikanKbn=2", "url2": null, "内容": "城端理休クリニック【2:診療所】【診療科目:内科_外科】富山県南砺市理休２７０番地" }, "geometry": { "type": "Point", "coordinates": [ 136.906129, 36.512029 ] } },
{ "type": "Feature", "properties": { "ID": 1622162010676, "正式名称": "医療法人社団山之内医院", "機関区分": 2, "都道府県コード": 16, "市区町村コード": 210, "所在地": "富山県南砺市やかた２２３－１", "緯度": 36.590696, "経度": 136.917914, "url": "https://www.iryou.teikyouseido.mhlw.go.jp/znk-web/juminkanja/S2430/initialize?prefCd=16&kikanCd=2162010676&kikanKbn=2", "url2": "http://nanto-yamanouchi.com", "内容": "医療法人社団山之内医院【2:診療所】【診療科目:内科_循環器内科】富山県南砺市やかた２２３－１" }, "geometry": { "type": "Point", "coordinates": [ 136.917914, 36.590696 ] } },
{ "type": "Feature", "properties": { "ID": 1622162110211, "正式名称": "中田内科医院", "機関区分": 2, "都道府県コード": 16, "市区町村コード": 210, "所在地": "富山県南砺市福光１７３－８", "緯度": 36.561301, "経度": 136.871129, "url": "https://www.iryou.teikyouseido.mhlw.go.jp/znk-web/juminkanja/S2430/initialize?prefCd=16&kikanCd=2162110211&kikanKbn=2", "url2": "http://www1.tst.ne.jp/nakadayu/4.htm", "内容": "中田内科医院【2:診療所】【診療科目:内科】富山県南砺市福光１７３－８" }, "geometry": { "type": "Point", "coordinates": [ 136.871129, 36.561301 ] } },
{ "type": "Feature", "properties": { "ID": 1622162110336, "正式名称": "川口眼科医院", "機関区分": 2, "都道府県コード": 16, "市区町村コード": 210, "所在地": "富山県南砺市福光１６６９－２", "緯度": 36.562273, "経度": 136.865074, "url": "https://www.iryou.teikyouseido.mhlw.go.jp/znk-web/juminkanja/S2430/initialize?prefCd=16&kikanCd=2162110336&kikanKbn=2", "url2": null, "内容": "川口眼科医院【2:診療所】【診療科目:眼科】富山県南砺市福光１６６９－２" }, "geometry": { "type": "Point", "coordinates": [ 136.865074, 36.562273 ] } },
{ "type": "Feature", "properties": { "ID": 1622162110369, "正式名称": "トモエクリニック", "機関区分": 2, "都道府県コード": 16, "市区町村コード": 202, "所在地": "富山県高岡市福岡町下蓑新２８１", "緯度": 36.71123, "経度": 136.934506, "url": "https://www.iryou.teikyouseido.mhlw.go.jp/znk-web/juminkanja/S2430/initialize?prefCd=16&kikanCd=2162110369&kikanKbn=2", "url2": "https://itp.ne.jp/zenkoku/toyama/takaokashi/fukuokamachishimominoshin/iryo-kaigo/iryo/naika/shounika/164841018300000899", "内容": "トモエクリニック【2:診療所】【診療科目:内科_感染症内科_血液内科_糖尿病内科_脂質代謝内科_代謝・内分泌内科_呼吸器内科_循環器内科_心臓内科_心臓血管内科_消化器内科_胃腸内科_腎臓内科_肝臓内科_老年内科_アレルギー疾患内科_小児科_小児耳鼻いんこう科_小児皮膚科_皮膚科_アレルギー科_リウマチ科】富山県高岡市福岡町下蓑新２８１" }, "geometry": { "type": "Point", "coordinates": [ 136.934506, 36.71123 ] } },
{ "type": "Feature", "properties": { "ID": 1622162110393, "正式名称": "医療法人社団佐伯医院", "機関区分": 2, "都道府県コード": 16, "市区町村コード": 210, "所在地": "富山県南砺市福光１３１７", "緯度": 36.555274, "経度": 136.872491, "url": "https://www.iryou.teikyouseido.mhlw.go.jp/znk-web/juminkanja/S2430/initialize?prefCd=16&kikanCd=2162110393&kikanKbn=2", "url2": "http//nannto-saeki.com", "内容": "医療法人社団佐伯医院【2:診療所】【診療科目:内科_消化器内科_胃腸内科_外科_肛門外科_皮膚科】富山県南砺市福光１３１７" }, "geometry": { "type": "Point", "coordinates": [ 136.872491, 36.555274 ] } },
{ "type": "Feature", "properties": { "ID": 1622162110401, "正式名称": "富田整形外科クリニック", "機関区分": 2, "都道府県コード": 16, "市区町村コード": 210, "所在地": "富山県南砺市福光４４３－２", "緯度": 36.563328, "経度": 136.86763, "url": "https://www.iryou.teikyouseido.mhlw.go.jp/znk-web/juminkanja/S2430/initialize?prefCd=16&kikanCd=2162110401&kikanKbn=2", "url2": null, "内容": "富田整形外科クリニック【2:診療所】【診療科目:整形外科_リウマチ科_リハビリテーション科】富山県南砺市福光４４３－２" }, "geometry": { "type": "Point", "coordinates": [ 136.86763, 36.563328 ] } },
{ "type": "Feature", "properties": { "ID": 1622162110435, "正式名称": "産婦人科内科　金子医院", "機関区分": 2, "都道府県コード": 16, "市区町村コード": 210, "所在地": "富山県南砺市荒木１３５１－１", "緯度": 36.557301, "経度": 136.879684, "url": "https://www.iryou.teikyouseido.mhlw.go.jp/znk-web/juminkanja/S2430/initialize?prefCd=16&kikanCd=2162110435&kikanKbn=2", "url2": null, "内容": "産婦人科内科　金子医院【2:診療所】【診療科目:内科_産婦人科】富山県南砺市荒木１３５１－１" }, "geometry": { "type": "Point", "coordinates": [ 136.879684, 36.557301 ] } },
{ "type": "Feature", "properties": { "ID": 1622162110450, "正式名称": "皮膚科ちえこクリニック", "機関区分": 2, "都道府県コード": 16, "市区町村コード": 202, "所在地": "富山県高岡市福岡町福岡新１４７", "緯度": 36.712425, "経度": 136.937922, "url": "https://www.iryou.teikyouseido.mhlw.go.jp/znk-web/juminkanja/S2430/initialize?prefCd=16&kikanCd=2162110450&kikanKbn=2", "url2": "https://chieko-clinic.jp", "内容": "皮膚科ちえこクリニック【2:診療所】【診療科目:皮膚科_美容皮膚科】富山県高岡市福岡町福岡新１４７" }, "geometry": { "type": "Point", "coordinates": [ 136.937922, 36.712425 ] } },
{ "type": "Feature", "properties": { "ID": 1622163000016, "正式名称": "キッズベアー診療所", "機関区分": 2, "都道府県コード": 16, "市区町村コード": 204, "所在地": "富山県魚津市本江３３５４", "緯度": 36.819422, "経度": 137.418128, "url": "https://www.iryou.teikyouseido.mhlw.go.jp/znk-web/juminkanja/S2430/initialize?prefCd=16&kikanCd=2163000016&kikanKbn=2", "url2": "http://www.miyamotoiin-uozu.jp", "内容": "キッズベアー診療所【2:診療所】【診療科目:内科_小児科】富山県魚津市本江３３５４" }, "geometry": { "type": "Point", "coordinates": [ 137.418128, 36.819422 ] } },
{ "type": "Feature", "properties": { "ID": 1622163000054, "正式名称": "カメイクリニック", "機関区分": 2, "都道府県コード": 16, "市区町村コード": 201, "所在地": "富山県富山市牛島町１８－７　アーバンプレイス２Ｆ", "緯度": 36.703403, "経度": 137.213594, "url": "https://www.iryou.teikyouseido.mhlw.go.jp/znk-web/juminkanja/S2430/initialize?prefCd=16&kikanCd=2163000054&kikanKbn=2", "url2": "http://www.k-clinic.com", "内容": "カメイクリニック【2:診療所】【診療科目:形成外科_美容外科_美容皮膚科】富山県富山市牛島町１８－７　アーバンプレイス２Ｆ" }, "geometry": { "type": "Point", "coordinates": [ 137.213594, 36.703403 ] } },
{ "type": "Feature", "properties": { "ID": 1622163000055, "正式名称": "マリエ眼科クリニック", "機関区分": 2, "都道府県コード": 16, "市区町村コード": 201, "所在地": "富山県富山市桜町１－１－６１　富山ターミナルビル５Ｆ", "緯度": 36.700403, "経度": 137.214067, "url": "https://www.iryou.teikyouseido.mhlw.go.jp/znk-web/juminkanja/S2430/initialize?prefCd=16&kikanCd=2163000055&kikanKbn=2", "url2": "https://toyama-stationcity.jp/info/#parking", "内容": "マリエ眼科クリニック【2:診療所】【診療科目:眼科】富山県富山市桜町１－１－６１　富山ターミナルビル５Ｆ" }, "geometry": { "type": "Point", "coordinates": [ 137.214067, 36.700403 ] } },
{ "type": "Feature", "properties": { "ID": 1622163000057, "正式名称": "東京青山クリニック　富山院", "機関区分": 2, "都道府県コード": 16, "市区町村コード": 201, "所在地": "富山県富山市総曲輪２－６－１８　真田ビル２Ｆ", "緯度": 36.69046, "経度": 137.2149, "url": "https://www.iryou.teikyouseido.mhlw.go.jp/znk-web/juminkanja/S2430/initialize?prefCd=16&kikanCd=2163000057&kikanKbn=2", "url2": "http://www.tac-toyama.com", "内容": "東京青山クリニック　富山院【2:診療所】【診療科目:形成外科_美容外科_皮膚泌尿器科】富山県富山市総曲輪２－６－１８　真田ビル２Ｆ" }, "geometry": { "type": "Point", "coordinates": [ 137.2149, 36.69046 ] } },
{ "type": "Feature", "properties": { "ID": 1622163000087, "正式名称": "医療法人社団照風会三川クリニック", "機関区分": 2, "都道府県コード": 16, "市区町村コード": 201, "所在地": "富山県富山市経堂２－５５", "緯度": 36.688349, "経度": 137.255008, "url": "https://www.iryou.teikyouseido.mhlw.go.jp/znk-web/juminkanja/S2430/initialize?prefCd=16&kikanCd=2163000087&kikanKbn=2", "url2": null, "内容": "医療法人社団照風会三川クリニック【2:診療所】【診療科目:内科_呼吸器内科_循環器内科_胃腸内科_腎臓内科_アレルギー科】富山県富山市経堂２－５５" }, "geometry": { "type": "Point", "coordinates": [ 137.255008, 36.688349 ] } },
{ "type": "Feature", "properties": { "ID": 1622163000088, "正式名称": "とやまＰＥＴ画像診断センター", "機関区分": 2, "都道府県コード": 16, "市区町村コード": 201, "所在地": "富山県富山市蜷川３８８番地", "緯度": 36.646659, "経度": 137.207125, "url": "https://www.iryou.teikyouseido.mhlw.go.jp/znk-web/juminkanja/S2430/initialize?prefCd=16&kikanCd=2163000088&kikanKbn=2", "url2": "http://www.pet-toyama.jp/", "内容": "とやまＰＥＴ画像診断センター【2:診療所】【診療科目:内科_放射線科】富山県富山市蜷川３８８番地" }, "geometry": { "type": "Point", "coordinates": [ 137.207125, 36.646659 ] } },
{ "type": "Feature", "properties": { "ID": 1622163000097, "正式名称": "立山剣沢診療所", "機関区分": 2, "都道府県コード": 16, "市区町村コード": 323, "所在地": "富山県中新川郡立山町芦峅寺ブナ坂外１１国有林１２３ロ林小班　剣沢野営管理所内", "緯度": 36.60106, "経度": 137.611538, "url": "https://www.iryou.teikyouseido.mhlw.go.jp/znk-web/juminkanja/S2430/initialize?prefCd=16&kikanCd=2163000097&kikanKbn=2", "url2": null, "内容": "立山剣沢診療所【2:診療所】【診療科目:内科】富山県中新川郡立山町芦峅寺ブナ坂外１１国有林１２３ロ林小班　剣沢野営管理所内" }, "geometry": { "type": "Point", "coordinates": [ 137.611538, 36.60106 ] } },
{ "type": "Feature", "properties": { "ID": 1622163000098, "正式名称": "立山雷鳥沢診療所", "機関区分": 2, "都道府県コード": 16, "市区町村コード": 323, "所在地": "富山県中新川郡立山町芦峅寺鬼ヶ城雷鳥沢野営管理所内", "緯度": 36.5862, "経度": 137.598123, "url": "https://www.iryou.teikyouseido.mhlw.go.jp/znk-web/juminkanja/S2430/initialize?prefCd=16&kikanCd=2163000098&kikanKbn=2", "url2": null, "内容": "立山雷鳥沢診療所【2:診療所】【診療科目:内科】富山県中新川郡立山町芦峅寺鬼ヶ城雷鳥沢野営管理所内" }, "geometry": { "type": "Point", "coordinates": [ 137.598123, 36.5862 ] } },
{ "type": "Feature", "properties": { "ID": 1622163000100, "正式名称": "富山県立山診療所", "機関区分": 2, "都道府県コード": 16, "市区町村コード": 323, "所在地": "富山県中新川郡立山町芦峅寺ブナ坂外１１", "緯度": 36.576721, "経度": 137.596178, "url": "https://www.iryou.teikyouseido.mhlw.go.jp/znk-web/juminkanja/S2430/initialize?prefCd=16&kikanCd=2163000100&kikanKbn=2", "url2": null, "内容": "富山県立山診療所【2:診療所】【診療科目:内科_外科】富山県中新川郡立山町芦峅寺ブナ坂外１１" }, "geometry": { "type": "Point", "coordinates": [ 137.596178, 36.576721 ] } },
{ "type": "Feature", "properties": { "ID": 1622163000107, "正式名称": "特別養護老人ホーム　すわ苑診療所", "機関区分": 2, "都道府県コード": 16, "市区町村コード": 205, "所在地": "富山県氷見市柳田字諏訪野３８９２－１", "緯度": 36.823219, "経度": 136.992302, "url": "https://www.iryou.teikyouseido.mhlw.go.jp/znk-web/juminkanja/S2430/initialize?prefCd=16&kikanCd=2163000107&kikanKbn=2", "url2": "https://h-suwaen.wixsite.com/suwaen", "内容": "特別養護老人ホーム　すわ苑診療所【2:診療所】【診療科目:内科】富山県氷見市柳田字諏訪野３８９２－１" }, "geometry": { "type": "Point", "coordinates": [ 136.992302, 36.823219 ] } },
{ "type": "Feature", "properties": { "ID": 1622163000200, "正式名称": "南砺家庭・地域医療センター", "機関区分": 2, "都道府県コード": 16, "市区町村コード": 210, "所在地": "富山県南砺市松原５７７", "緯度": 36.595992, "経度": 136.928817, "url": "https://www.iryou.teikyouseido.mhlw.go.jp/znk-web/juminkanja/S2430/initialize?prefCd=16&kikanCd=2163000200&kikanKbn=2", "url2": "https://www.city.nanto.toyama.jp/shinryojo/index.html", "内容": "南砺家庭・地域医療センター【2:診療所】【診療科目:内科_整形外科_小児科_児童精神科_心療内科】富山県南砺市松原５７７" }, "geometry": { "type": "Point", "coordinates": [ 136.928817, 36.595992 ] } },
{ "type": "Feature", "properties": { "ID": 1622163000208, "正式名称": "新川医療圏小児急患センター", "機関区分": 2, "都道府県コード": 16, "市区町村コード": 207, "所在地": "富山県黒部市三日市１１０８番地１", "緯度": 36.877333, "経度": 137.447428, "url": "https://www.iryou.teikyouseido.mhlw.go.jp/znk-web/juminkanja/S2430/initialize?prefCd=16&kikanCd=2163000208&kikanKbn=2", "url2": null, "内容": "新川医療圏小児急患センター【2:診療所】【診療科目:小児科】富山県黒部市三日市１１０８番地１" }, "geometry": { "type": "Point", "coordinates": [ 137.447428, 36.877333 ] } },
{ "type": "Feature", "properties": { "ID": 1622163000209, "正式名称": "五福脳神経外科", "機関区分": 2, "都道府県コード": 16, "市区町村コード": 201, "所在地": "富山県富山市鵯島字川原１８３７番５", "緯度": 36.694459, "経度": 137.19068, "url": "https://www.iryou.teikyouseido.mhlw.go.jp/znk-web/juminkanja/S2430/initialize?prefCd=16&kikanCd=2163000209&kikanKbn=2", "url2": "http://www.cyber-toyama.jp", "内容": "五福脳神経外科【2:診療所】【診療科目:脳神経外科_放射線治療科】富山県富山市鵯島字川原１８３７番５" }, "geometry": { "type": "Point", "coordinates": [ 137.19068, 36.694459 ] } },
{ "type": "Feature", "properties": { "ID": 1622163000210, "正式名称": "立浪眼科医院", "機関区分": 2, "都道府県コード": 16, "市区町村コード": 202, "所在地": "富山県高岡市金屋町１０－２９", "緯度": 36.75156, "経度": 137.004582, "url": "https://www.iryou.teikyouseido.mhlw.go.jp/znk-web/juminkanja/S2430/initialize?prefCd=16&kikanCd=2163000210&kikanKbn=2", "url2": null, "内容": "立浪眼科医院【2:診療所】【診療科目:眼科】富山県高岡市金屋町１０－２９" }, "geometry": { "type": "Point", "coordinates": [ 137.004582, 36.75156 ] } },
{ "type": "Feature", "properties": { "ID": 1622163000211, "正式名称": "てらにし耳鼻咽喉科クリニック", "機関区分": 2, "都道府県コード": 16, "市区町村コード": 205, "所在地": "富山県氷見市本町７番２４号", "緯度": 36.850189, "経度": 136.986218, "url": "https://www.iryou.teikyouseido.mhlw.go.jp/znk-web/juminkanja/S2430/initialize?prefCd=16&kikanCd=2163000211&kikanKbn=2", "url2": "https://teranishi-ent-clinic.jp/", "内容": "てらにし耳鼻咽喉科クリニック【2:診療所】【診療科目:耳鼻いんこう科】富山県氷見市本町７番２４号" }, "geometry": { "type": "Point", "coordinates": [ 136.986218, 36.850189 ] } },
{ "type": "Feature", "properties": { "ID": 1622163000212, "正式名称": "中川整形外科クリニック", "機関区分": 2, "都道府県コード": 16, "市区町村コード": 209, "所在地": "富山県小矢部市綾子３９７８", "緯度": 36.669289, "経度": 136.863514, "url": "https://www.iryou.teikyouseido.mhlw.go.jp/znk-web/juminkanja/S2430/initialize?prefCd=16&kikanCd=2163000212&kikanKbn=2", "url2": "http://nakagawa-seikei.com/", "内容": "中川整形外科クリニック【2:診療所】【診療科目:整形外科_リハビリテーション科】富山県小矢部市綾子３９７８" }, "geometry": { "type": "Point", "coordinates": [ 136.863514, 36.669289 ] } },
{ "type": "Feature", "properties": { "ID": 1622163000215, "正式名称": "アルペン室谷クリニック", "機関区分": 2, "都道府県コード": 16, "市区町村コード": 201, "所在地": "富山県富山市東岩瀬町２７５", "緯度": 36.755092, "経度": 137.229007, "url": "https://www.iryou.teikyouseido.mhlw.go.jp/znk-web/juminkanja/S2430/initialize?prefCd=16&kikanCd=2163000215&kikanKbn=2", "url2": "http://www.murotani.or.jp/", "内容": "アルペン室谷クリニック【2:診療所】【診療科目:内科_糖尿病内科_糖尿病・内分泌内科_呼吸器内科_循環器内科_消化器内科_整形外科_泌尿器科_リハビリテーション科】富山県富山市東岩瀬町２７５" }, "geometry": { "type": "Point", "coordinates": [ 137.229007, 36.755092 ] } },
{ "type": "Feature", "properties": { "ID": 1622163000218, "正式名称": "うちばやしクリニック", "機関区分": 2, "都道府県コード": 16, "市区町村コード": 210, "所在地": "富山県南砺市福光２０３－１", "緯度": 36.563856, "経度": 136.872685, "url": "https://www.iryou.teikyouseido.mhlw.go.jp/znk-web/juminkanja/S2430/initialize?prefCd=16&kikanCd=2163000218&kikanKbn=2", "url2": "http://www.uchi-uc.com", "内容": "うちばやしクリニック【2:診療所】【診療科目:腎臓外科_泌尿器科】富山県南砺市福光２０３－１" }, "geometry": { "type": "Point", "coordinates": [ 136.872685, 36.563856 ] } },
{ "type": "Feature", "properties": { "ID": 1622163000219, "正式名称": "中野眼科", "機関区分": 2, "都道府県コード": 16, "市区町村コード": 202, "所在地": "富山県高岡市下伏間江３８３　イオンモール高岡ショッピングセンター東館１階", "緯度": 36.724008, "経度": 137.017054, "url": "https://www.iryou.teikyouseido.mhlw.go.jp/znk-web/juminkanja/S2430/initialize?prefCd=16&kikanCd=2163000219&kikanKbn=2", "url2": "http://www.nakano-ganka.com", "内容": "中野眼科【2:診療所】【診療科目:眼科】富山県高岡市下伏間江３８３　イオンモール高岡ショッピングセンター東館１階" }, "geometry": { "type": "Point", "coordinates": [ 137.017054, 36.724008 ] } },
{ "type": "Feature", "properties": { "ID": 1622163000221, "正式名称": "キタノ整形外科クリニック", "機関区分": 2, "都道府県コード": 16, "市区町村コード": 202, "所在地": "富山県高岡市蓮花寺５６４－１", "緯度": 36.73759, "経度": 137.039413, "url": "https://www.iryou.teikyouseido.mhlw.go.jp/znk-web/juminkanja/S2430/initialize?prefCd=16&kikanCd=2163000221&kikanKbn=2", "url2": "https://kitano-seikei.jp", "内容": "キタノ整形外科クリニック【2:診療所】【診療科目:整形外科_リウマチ科_リハビリテーション科】富山県高岡市蓮花寺５６４－１" }, "geometry": { "type": "Point", "coordinates": [ 137.039413, 36.73759 ] } },
{ "type": "Feature", "properties": { "ID": 1622163000224, "正式名称": "沼田医院", "機関区分": 2, "都道府県コード": 16, "市区町村コード": 209, "所在地": "富山県小矢部市石動町８－３６", "緯度": 36.673316, "経度": 136.863653, "url": "https://www.iryou.teikyouseido.mhlw.go.jp/znk-web/juminkanja/S2430/initialize?prefCd=16&kikanCd=2163000224&kikanKbn=2", "url2": null, "内容": "沼田医院【2:診療所】【診療科目:内科_胃腸内科_外科_整形外科_小児科_リハビリテーション科】富山県小矢部市石動町８－３６" }, "geometry": { "type": "Point", "coordinates": [ 136.863653, 36.673316 ] } },
{ "type": "Feature", "properties": { "ID": 1622163000226, "正式名称": "なのはなクリニック", "機関区分": 2, "都道府県コード": 16, "市区町村コード": 202, "所在地": "富山県高岡市戸出町３丁目２４番５６号", "緯度": 36.685595, "経度": 136.975393, "url": "https://www.iryou.teikyouseido.mhlw.go.jp/znk-web/juminkanja/S2430/initialize?prefCd=16&kikanCd=2163000226&kikanKbn=2", "url2": "https://toidenanohana.com/", "内容": "なのはなクリニック【2:診療所】【診療科目:内科_消化器内科_外科_肛門外科】富山県高岡市戸出町３丁目２４番５６号" }, "geometry": { "type": "Point", "coordinates": [ 136.975393, 36.685595 ] } },
{ "type": "Feature", "properties": { "ID": 1622163000228, "正式名称": "小矢部たがわ眼科", "機関区分": 2, "都道府県コード": 16, "市区町村コード": 209, "所在地": "富山県小矢部市小矢部町７－１２", "緯度": 36.67565, "経度": 136.873068, "url": "https://www.iryou.teikyouseido.mhlw.go.jp/znk-web/juminkanja/S2430/initialize?prefCd=16&kikanCd=2163000228&kikanKbn=2", "url2": "http://www.tagawa-ganka.com", "内容": "小矢部たがわ眼科【2:診療所】【診療科目:眼科】富山県小矢部市小矢部町７－１２" }, "geometry": { "type": "Point", "coordinates": [ 136.873068, 36.67565 ] } },
{ "type": "Feature", "properties": { "ID": 1622163000230, "正式名称": "たてやまクリニック", "機関区分": 2, "都道府県コード": 16, "市区町村コード": 323, "所在地": "富山県中新川郡立山町日俣２３５－８", "緯度": 36.649882, "経度": 137.305339, "url": "https://www.iryou.teikyouseido.mhlw.go.jp/znk-web/juminkanja/S2430/initialize?prefCd=16&kikanCd=2163000230&kikanKbn=2", "url2": "http://www.tateyamaclinic.com/", "内容": "たてやまクリニック【2:診療所】【診療科目:内科_漢方内科】富山県中新川郡立山町日俣２３５－８" }, "geometry": { "type": "Point", "coordinates": [ 137.305339, 36.649882 ] } },
{ "type": "Feature", "properties": { "ID": 1622163000231, "正式名称": "中村内科クリニック", "機関区分": 2, "都道府県コード": 16, "市区町村コード": 322, "所在地": "富山県中新川郡上市町上経田２丁目５番地", "緯度": 36.704794, "経度": 137.343695, "url": "https://www.iryou.teikyouseido.mhlw.go.jp/znk-web/juminkanja/S2430/initialize?prefCd=16&kikanCd=2163000231&kikanKbn=2", "url2": "http://nakacliankou.com/", "内容": "中村内科クリニック【2:診療所】【診療科目:内科_内分泌内科_糖尿病・内分泌内科_糖尿病・代謝内科_代謝・内分泌内科_消化器内科_小児科】富山県中新川郡上市町上経田２丁目５番地" }, "geometry": { "type": "Point", "coordinates": [ 137.343695, 36.704794 ] } },
{ "type": "Feature", "properties": { "ID": 1622163000233, "正式名称": "はやしクリニック", "機関区分": 2, "都道府県コード": 16, "市区町村コード": 201, "所在地": "富山県富山市金屋３８２７ー７", "緯度": 36.693681, "経度": 137.16921, "url": "https://www.iryou.teikyouseido.mhlw.go.jp/znk-web/juminkanja/S2430/initialize?prefCd=16&kikanCd=2163000233&kikanKbn=2", "url2": "https://hayashiclinic-toyama.jp/", "内容": "はやしクリニック【2:診療所】【診療科目:内科_消化器内科_外科】富山県富山市金屋３８２７ー７" }, "geometry": { "type": "Point", "coordinates": [ 137.16921, 36.693681 ] } },
{ "type": "Feature", "properties": { "ID": 1622163000234, "正式名称": "伊東耳鼻咽喉科クリニック", "機関区分": 2, "都道府県コード": 16, "市区町村コード": 201, "所在地": "富山県富山市上赤江町２－１－１２", "緯度": 36.714263, "経度": 137.23212, "url": "https://www.iryou.teikyouseido.mhlw.go.jp/znk-web/juminkanja/S2430/initialize?prefCd=16&kikanCd=2163000234&kikanKbn=2", "url2": "http://itou-entclinic.sakura.ne.jp/", "内容": "伊東耳鼻咽喉科クリニック【2:診療所】【診療科目:耳鼻いんこう科_アレルギー科】富山県富山市上赤江町２－１－１２" }, "geometry": { "type": "Point", "coordinates": [ 137.23212, 36.714263 ] } },
{ "type": "Feature", "properties": { "ID": 1622163000241, "正式名称": "塚本脳神経外科医院", "機関区分": 2, "都道府県コード": 16, "市区町村コード": 201, "所在地": "富山県富山市住吉町一丁目５", "緯度": 36.692765, "経度": 137.229455, "url": "https://www.iryou.teikyouseido.mhlw.go.jp/znk-web/juminkanja/S2430/initialize?prefCd=16&kikanCd=2163000241&kikanKbn=2", "url2": "http://tsukamoto-nouge.com/", "内容": "塚本脳神経外科医院【2:診療所】【診療科目:内科_脳神経外科_リハビリテーション科_放射線科】富山県富山市住吉町一丁目５" }, "geometry": { "type": "Point", "coordinates": [ 137.229455, 36.692765 ] } },
{ "type": "Feature", "properties": { "ID": 1622163000242, "正式名称": "いわたメンタルクリニック", "機関区分": 2, "都道府県コード": 16, "市区町村コード": 201, "所在地": "富山県富山市石坂新８８６－３", "緯度": 36.714957, "経度": 137.200817, "url": "https://www.iryou.teikyouseido.mhlw.go.jp/znk-web/juminkanja/S2430/initialize?prefCd=16&kikanCd=2163000242&kikanKbn=2", "url2": "http://www.iwata-mental.com/", "内容": "いわたメンタルクリニック【2:診療所】【診療科目:精神科】富山県富山市石坂新８８６－３" }, "geometry": { "type": "Point", "coordinates": [ 137.200817, 36.714957 ] } },
{ "type": "Feature", "properties": { "ID": 1622163000244, "正式名称": "長田整形外科クリニック", "機関区分": 2, "都道府県コード": 16, "市区町村コード": 201, "所在地": "富山県富山市婦中町上轡田６３６", "緯度": 36.663795, "経度": 137.177627, "url": "https://www.iryou.teikyouseido.mhlw.go.jp/znk-web/juminkanja/S2430/initialize?prefCd=16&kikanCd=2163000244&kikanKbn=2", "url2": null, "内容": "長田整形外科クリニック【2:診療所】【診療科目:内科_整形外科_リウマチ科】富山県富山市婦中町上轡田６３６" }, "geometry": { "type": "Point", "coordinates": [ 137.177627, 36.663795 ] } },
{ "type": "Feature", "properties": { "ID": 1622163000246, "正式名称": "なす整形外科クリニック", "機関区分": 2, "都道府県コード": 16, "市区町村コード": 208, "所在地": "富山県砺波市豊町１－１４－１８", "緯度": 36.629795, "経度": 136.955036, "url": "https://www.iryou.teikyouseido.mhlw.go.jp/znk-web/juminkanja/S2430/initialize?prefCd=16&kikanCd=2163000246&kikanKbn=2", "url2": "https://nasu-seikei.jp", "内容": "なす整形外科クリニック【2:診療所】【診療科目:整形外科_リハビリテーション科】富山県砺波市豊町１－１４－１８" }, "geometry": { "type": "Point", "coordinates": [ 136.955036, 36.629795 ] } },
{ "type": "Feature", "properties": { "ID": 1622163000247, "正式名称": "高岡リウマチ整形外科クリニック", "機関区分": 2, "都道府県コード": 16, "市区町村コード": 202, "所在地": "富山県高岡市京田４７３番地１", "緯度": 36.729785, "経度": 137.013915, "url": "https://www.iryou.teikyouseido.mhlw.go.jp/znk-web/juminkanja/S2430/initialize?prefCd=16&kikanCd=2163000247&kikanKbn=2", "url2": "https://toyama-souseikai.or.jp/rheumatism", "内容": "高岡リウマチ整形外科クリニック【2:診療所】【診療科目:整形外科_リウマチ科】富山県高岡市京田４７３番地１" }, "geometry": { "type": "Point", "coordinates": [ 137.013915, 36.729785 ] } },
{ "type": "Feature", "properties": { "ID": 1622163000248, "正式名称": "花の杜石坂内科醫院", "機関区分": 2, "都道府県コード": 16, "市区町村コード": 210, "所在地": "富山県南砺市井波１４４０番地", "緯度": 36.567941, "経度": 136.977009, "url": "https://www.iryou.teikyouseido.mhlw.go.jp/znk-web/juminkanja/S2430/initialize?prefCd=16&kikanCd=2163000248&kikanKbn=2", "url2": null, "内容": "花の杜石坂内科醫院【2:診療所】【診療科目:内科_循環器内科】富山県南砺市井波１４４０番地" }, "geometry": { "type": "Point", "coordinates": [ 136.977009, 36.567941 ] } },
{ "type": "Feature", "properties": { "ID": 1622163000249, "正式名称": "ほおのき医院", "機関区分": 2, "都道府県コード": 16, "市区町村コード": 201, "所在地": "富山県富山市上赤江町二丁目１―３０", "緯度": 36.714346, "経度": 137.231481, "url": "https://www.iryou.teikyouseido.mhlw.go.jp/znk-web/juminkanja/S2430/initialize?prefCd=16&kikanCd=2163000249&kikanKbn=2", "url2": "http://www.hoonoki-clinic.jp/", "内容": "ほおのき医院【2:診療所】【診療科目:内科_脳神経外科_整形外科_リハビリテーション科】富山県富山市上赤江町二丁目１―３０" }, "geometry": { "type": "Point", "coordinates": [ 137.231481, 36.714346 ] } },
{ "type": "Feature", "properties": { "ID": 1622163000250, "正式名称": "のざわクリニック", "機関区分": 2, "都道府県コード": 16, "市区町村コード": 211, "所在地": "富山県射水市大門１５０番地", "緯度": 36.732702, "経度": 137.048523, "url": "https://www.iryou.teikyouseido.mhlw.go.jp/znk-web/juminkanja/S2430/initialize?prefCd=16&kikanCd=2163000250&kikanKbn=2", "url2": null, "内容": "のざわクリニック【2:診療所】【診療科目:内科_胃腸内科_外科_肛門外科】富山県射水市大門１５０番地" }, "geometry": { "type": "Point", "coordinates": [ 137.048523, 36.732702 ] } },
{ "type": "Feature", "properties": { "ID": 1622163000252, "正式名称": "ミワ内科クリニック", "機関区分": 2, "都道府県コード": 16, "市区町村コード": 201, "所在地": "富山県富山市新富町一丁目４－３　ミワビル２階", "緯度": 36.699597, "経度": 137.211234, "url": "https://www.iryou.teikyouseido.mhlw.go.jp/znk-web/juminkanja/S2430/initialize?prefCd=16&kikanCd=2163000252&kikanKbn=2", "url2": "http://www.miwa-naika.com", "内容": "ミワ内科クリニック【2:診療所】【診療科目:内科_循環器内科】富山県富山市新富町一丁目４－３　ミワビル２階" }, "geometry": { "type": "Point", "coordinates": [ 137.211234, 36.699597 ] } },
{ "type": "Feature", "properties": { "ID": 1622163000255, "正式名称": "ものがたり診療所山王", "機関区分": 2, "都道府県コード": 16, "市区町村コード": 208, "所在地": "富山県砺波市山王町２番１２号", "緯度": 36.637154, "経度": 136.954735, "url": "https://www.iryou.teikyouseido.mhlw.go.jp/znk-web/juminkanja/S2430/initialize?prefCd=16&kikanCd=2163000255&kikanKbn=2", "url2": "https://monogatari.or.jp", "内容": "ものがたり診療所山王【2:診療所】【診療科目:内科】富山県砺波市山王町２番１２号" }, "geometry": { "type": "Point", "coordinates": [ 136.954735, 36.637154 ] } },
{ "type": "Feature", "properties": { "ID": 1622163000256, "正式名称": "ものがたり診療所", "機関区分": 2, "都道府県コード": 16, "市区町村コード": 208, "所在地": "富山県砺波市太田１３８２", "緯度": 36.627457, "経度": 136.992944, "url": "https://www.iryou.teikyouseido.mhlw.go.jp/znk-web/juminkanja/S2430/initialize?prefCd=16&kikanCd=2163000256&kikanKbn=2", "url2": "https://monogatari.or.jp", "内容": "ものがたり診療所【2:診療所】【診療科目:内科_脳神経内科_緩和ケア内科】富山県砺波市太田１３８２" }, "geometry": { "type": "Point", "coordinates": [ 136.992944, 36.627457 ] } },
{ "type": "Feature", "properties": { "ID": 1622163000259, "正式名称": "くまのクリニック", "機関区分": 2, "都道府県コード": 16, "市区町村コード": 201, "所在地": "富山県富山市悪王寺４１－１", "緯度": 36.632466, "経度": 137.218653, "url": "https://www.iryou.teikyouseido.mhlw.go.jp/znk-web/juminkanja/S2430/initialize?prefCd=16&kikanCd=2163000259&kikanKbn=2", "url2": null, "内容": "くまのクリニック【2:診療所】【診療科目:内科_内分泌内科_呼吸器内科_循環器内科_消化器内科_漢方内科_小児科_アレルギー科_リハビリテーション科】富山県富山市悪王寺４１－１" }, "geometry": { "type": "Point", "coordinates": [ 137.218653, 36.632466 ] } },
{ "type": "Feature", "properties": { "ID": 1622163000260, "正式名称": "内科・循環器内科　しのだクリニック", "機関区分": 2, "都道府県コード": 16, "市区町村コード": 201, "所在地": "富山県富山市豊田本町二丁目２番２４号", "緯度": 36.72731, "経度": 137.235882, "url": "https://www.iryou.teikyouseido.mhlw.go.jp/znk-web/juminkanja/S2430/initialize?prefCd=16&kikanCd=2163000260&kikanKbn=2", "url2": "http://www.shinoda-clinic.jp", "内容": "内科・循環器内科　しのだクリニック【2:診療所】【診療科目:内科_循環器内科】富山県富山市豊田本町二丁目２番２４号" }, "geometry": { "type": "Point", "coordinates": [ 137.235882, 36.72731 ] } },
{ "type": "Feature", "properties": { "ID": 1622163000262, "正式名称": "宮林クリニック", "機関区分": 2, "都道府県コード": 16, "市区町村コード": 211, "所在地": "富山県射水市本町３－１２－２８　カモンシンミナトショッピングセンター３Ｆ", "緯度": 36.783058, "経度": 137.079435, "url": "https://www.iryou.teikyouseido.mhlw.go.jp/znk-web/juminkanja/S2430/initialize?prefCd=16&kikanCd=2163000262&kikanKbn=2", "url2": "http://www.miyabaclinic.net/", "内容": "宮林クリニック【2:診療所】【診療科目:内科_小児科_皮膚科】富山県射水市本町３－１２－２８　カモンシンミナトショッピングセンター３Ｆ" }, "geometry": { "type": "Point", "coordinates": [ 137.079435, 36.783058 ] } },
{ "type": "Feature", "properties": { "ID": 1622163000263, "正式名称": "医療法人社団佐藤内科クリニック", "機関区分": 2, "都道府県コード": 16, "市区町村コード": 208, "所在地": "富山県砺波市杉木三丁目２１５番地", "緯度": 36.648654, "経度": 136.956229, "url": "https://www.iryou.teikyouseido.mhlw.go.jp/znk-web/juminkanja/S2430/initialize?prefCd=16&kikanCd=2163000263&kikanKbn=2", "url2": "http://www.satounaika.jp/", "内容": "医療法人社団佐藤内科クリニック【2:診療所】【診療科目:内科_循環器内科_腎臓内科】富山県砺波市杉木三丁目２１５番地" }, "geometry": { "type": "Point", "coordinates": [ 136.956229, 36.648654 ] } },
{ "type": "Feature", "properties": { "ID": 1622163000264, "正式名称": "こばやしクリニック", "機関区分": 2, "都道府県コード": 16, "市区町村コード": 201, "所在地": "富山県富山市八尾町井田１９８－１０", "緯度": 36.599801, "経度": 137.147132, "url": "https://www.iryou.teikyouseido.mhlw.go.jp/znk-web/juminkanja/S2430/initialize?prefCd=16&kikanCd=2163000264&kikanKbn=2", "url2": null, "内容": "こばやしクリニック【2:診療所】【診療科目:内科_胃腸内科_外科_肛門外科】富山県富山市八尾町井田１９８－１０" }, "geometry": { "type": "Point", "coordinates": [ 137.147132, 36.599801 ] } },
{ "type": "Feature", "properties": { "ID": 1622163000266, "正式名称": "アイ・クリニック", "機関区分": 2, "都道府県コード": 16, "市区町村コード": 201, "所在地": "富山県富山市太郎丸西町二丁目８－６", "緯度": 36.675072, "経度": 137.208013, "url": "https://www.iryou.teikyouseido.mhlw.go.jp/znk-web/juminkanja/S2430/initialize?prefCd=16&kikanCd=2163000266&kikanKbn=2", "url2": "https://www.i-clinic.online/", "内容": "アイ・クリニック【2:診療所】【診療科目:精神科_心療内科】富山県富山市太郎丸西町二丁目８－６" }, "geometry": { "type": "Point", "coordinates": [ 137.208013, 36.675072 ] } },
{ "type": "Feature", "properties": { "ID": 1622163000267, "正式名称": "医療法人社団　めぐみ会　かみやま眼科", "機関区分": 2, "都道府県コード": 16, "市区町村コード": 201, "所在地": "富山県富山市呉羽町７２２３－１５", "緯度": 36.709568, "経度": 137.171653, "url": "https://www.iryou.teikyouseido.mhlw.go.jp/znk-web/juminkanja/S2430/initialize?prefCd=16&kikanCd=2163000267&kikanKbn=2", "url2": "http://www.kamiyama-eye.com/", "内容": "医療法人社団　めぐみ会　かみやま眼科【2:診療所】【診療科目:眼科】富山県富山市呉羽町７２２３－１５" }, "geometry": { "type": "Point", "coordinates": [ 137.171653, 36.709568 ] } },
{ "type": "Feature", "properties": { "ID": 1622163000270, "正式名称": "ものがたり診療所庄東", "機関区分": 2, "都道府県コード": 16, "市区町村コード": 208, "所在地": "富山県砺波市宮森４６１", "緯度": 36.646519, "経度": 137.016344, "url": "https://www.iryou.teikyouseido.mhlw.go.jp/znk-web/juminkanja/S2430/initialize?prefCd=16&kikanCd=2163000270&kikanKbn=2", "url2": "https://monogatari.or.jp", "内容": "ものがたり診療所庄東【2:診療所】【診療科目:内科】富山県砺波市宮森４６１" }, "geometry": { "type": "Point", "coordinates": [ 137.016344, 36.646519 ] } },
{ "type": "Feature", "properties": { "ID": 1622163000276, "正式名称": "皮ふ科さいとう", "機関区分": 2, "都道府県コード": 16, "市区町村コード": 201, "所在地": "富山県富山市経堂四丁目７－１", "緯度": 36.688016, "経度": 137.25287, "url": "https://www.iryou.teikyouseido.mhlw.go.jp/znk-web/juminkanja/S2430/initialize?prefCd=16&kikanCd=2163000276&kikanKbn=2", "url2": "http://hifuka-saito.com", "内容": "皮ふ科さいとう【2:診療所】【診療科目:皮膚科】富山県富山市経堂四丁目７－１" }, "geometry": { "type": "Point", "coordinates": [ 137.25287, 36.688016 ] } },
{ "type": "Feature", "properties": { "ID": 1622163000278, "正式名称": "舟木内科クリニック", "機関区分": 2, "都道府県コード": 16, "市区町村コード": 201, "所在地": "富山県富山市稲荷元町一丁目９－１　クリニックモール稲荷元町２階", "緯度": 36.696626, "経度": 137.226205, "url": "https://www.iryou.teikyouseido.mhlw.go.jp/znk-web/juminkanja/S2430/initialize?prefCd=16&kikanCd=2163000278&kikanKbn=2", "url2": "http://www.funaki-clinic.com/", "内容": "舟木内科クリニック【2:診療所】【診療科目:内科_消化器内科_内視鏡内科】富山県富山市稲荷元町一丁目９－１　クリニックモール稲荷元町２階" }, "geometry": { "type": "Point", "coordinates": [ 137.226205, 36.696626 ] } },
{ "type": "Feature", "properties": { "ID": 1622163000281, "正式名称": "あべ耳鼻咽喉科クリニック", "機関区分": 2, "都道府県コード": 16, "市区町村コード": 202, "所在地": "富山県高岡市木津６０２－１", "緯度": 36.736562, "経度": 136.99525, "url": "https://www.iryou.teikyouseido.mhlw.go.jp/znk-web/juminkanja/S2430/initialize?prefCd=16&kikanCd=2163000281&kikanKbn=2", "url2": "http://ab-ent.info", "内容": "あべ耳鼻咽喉科クリニック【2:診療所】【診療科目:小児耳鼻いんこう科_耳鼻いんこう科_頭頸部・耳鼻いんこう科】富山県高岡市木津６０２－１" }, "geometry": { "type": "Point", "coordinates": [ 136.99525, 36.736562 ] } },
{ "type": "Feature", "properties": { "ID": 1622163000282, "正式名称": "十二町クリニック耳鼻いんこう科", "機関区分": 2, "都道府県コード": 16, "市区町村コード": 201, "所在地": "富山県富山市堀川本郷１６０－７１", "緯度": 36.657341, "経度": 137.234607, "url": "https://www.iryou.teikyouseido.mhlw.go.jp/znk-web/juminkanja/S2430/initialize?prefCd=16&kikanCd=2163000282&kikanKbn=2", "url2": "https://junicho-clinic.jp/", "内容": "十二町クリニック耳鼻いんこう科【2:診療所】【診療科目:耳鼻いんこう科】富山県富山市堀川本郷１６０－７１" }, "geometry": { "type": "Point", "coordinates": [ 137.234607, 36.657341 ] } },
{ "type": "Feature", "properties": { "ID": 1622163000283, "正式名称": "えりこ皮ふ科クリニック", "機関区分": 2, "都道府県コード": 16, "市区町村コード": 201, "所在地": "富山県富山市婦中町分田７５－８", "緯度": 36.673961, "経度": 137.181015, "url": "https://www.iryou.teikyouseido.mhlw.go.jp/znk-web/juminkanja/S2430/initialize?prefCd=16&kikanCd=2163000283&kikanKbn=2", "url2": "http://www.eriko-hifuka.com/", "内容": "えりこ皮ふ科クリニック【2:診療所】【診療科目:皮膚科】富山県富山市婦中町分田７５－８" }, "geometry": { "type": "Point", "coordinates": [ 137.181015, 36.673961 ] } },
{ "type": "Feature", "properties": { "ID": 1622163000284, "正式名称": "かんすいこうえんレディースクリニック", "機関区分": 2, "都道府県コード": 16, "市区町村コード": 201, "所在地": "富山県富山市下新町１８－３", "緯度": 36.712735, "経度": 137.2134, "url": "https://www.iryou.teikyouseido.mhlw.go.jp/znk-web/juminkanja/S2430/initialize?prefCd=16&kikanCd=2163000284&kikanKbn=2", "url2": "http://www.kansuikouenlc.com/", "内容": "かんすいこうえんレディースクリニック【2:診療所】【診療科目:産科_婦人科】富山県富山市下新町１８－３" }, "geometry": { "type": "Point", "coordinates": [ 137.2134, 36.712735 ] } },
{ "type": "Feature", "properties": { "ID": 1622163000286, "正式名称": "しむら小児科クリニック", "機関区分": 2, "都道府県コード": 16, "市区町村コード": 202, "所在地": "富山県高岡市佐野８６６－２", "緯度": 36.718758, "経度": 136.991279, "url": "https://www.iryou.teikyouseido.mhlw.go.jp/znk-web/juminkanja/S2430/initialize?prefCd=16&kikanCd=2163000286&kikanKbn=2", "url2": "http://shimura-syonika.com/", "内容": "しむら小児科クリニック【2:診療所】【診療科目:小児科_アレルギー科】富山県高岡市佐野８６６－２" }, "geometry": { "type": "Point", "coordinates": [ 136.991279, 36.718758 ] } },
{ "type": "Feature", "properties": { "ID": 1622163000288, "正式名称": "医療法人社団　元会　南洋クリニック", "機関区分": 2, "都道府県コード": 16, "市区町村コード": 201, "所在地": "富山県富山市婦中町下轡田１７９－３", "緯度": 36.661934, "経度": 137.173544, "url": "https://www.iryou.teikyouseido.mhlw.go.jp/znk-web/juminkanja/S2430/initialize?prefCd=16&kikanCd=2163000288&kikanKbn=2", "url2": "http://nanyou-clinic.com/index.html", "内容": "医療法人社団　元会　南洋クリニック【2:診療所】【診療科目:内科】富山県富山市婦中町下轡田１７９－３" }, "geometry": { "type": "Point", "coordinates": [ 137.173544, 36.661934 ] } },
{ "type": "Feature", "properties": { "ID": 1622163000289, "正式名称": "医療法人社団　慶生会　高橋医院", "機関区分": 2, "都道府県コード": 16, "市区町村コード": 201, "所在地": "富山県富山市本郷町１９６", "緯度": 36.657714, "経度": 137.237372, "url": "https://www.iryou.teikyouseido.mhlw.go.jp/znk-web/juminkanja/S2430/initialize?prefCd=16&kikanCd=2163000289&kikanKbn=2", "url2": "https://takahashiiin-toyama.com/", "内容": "医療法人社団　慶生会　高橋医院【2:診療所】【診療科目:内科_消化器内科_外科】富山県富山市本郷町１９６" }, "geometry": { "type": "Point", "coordinates": [ 137.237372, 36.657714 ] } },
{ "type": "Feature", "properties": { "ID": 1622163000292, "正式名称": "整形外科センター　西能クリニック", "機関区分": 2, "都道府県コード": 16, "市区町村コード": 201, "所在地": "富山県富山市高田７１－１", "緯度": 36.684571, "経度": 137.184542, "url": "https://www.iryou.teikyouseido.mhlw.go.jp/znk-web/juminkanja/S2430/initialize?prefCd=16&kikanCd=2163000292&kikanKbn=2", "url2": "http://www.sainouhp.or.jp/", "内容": "整形外科センター　西能クリニック【2:診療所】【診療科目:整形外科_リウマチ科_リハビリテーション科】富山県富山市高田７１－１" }, "geometry": { "type": "Point", "coordinates": [ 137.184542, 36.684571 ] } },
{ "type": "Feature", "properties": { "ID": 1622163000293, "正式名称": "山本医院", "機関区分": 2, "都道府県コード": 16, "市区町村コード": 201, "所在地": "富山県富山市安野屋町二丁目２－３", "緯度": 36.692987, "経度": 137.205096, "url": "https://www.iryou.teikyouseido.mhlw.go.jp/znk-web/juminkanja/S2430/initialize?prefCd=16&kikanCd=2163000293&kikanKbn=2", "url2": null, "内容": "山本医院【2:診療所】【診療科目:性感染症内科_腎臓内科_皮膚科_泌尿器科】富山県富山市安野屋町二丁目２－３" }, "geometry": { "type": "Point", "coordinates": [ 137.205096, 36.692987 ] } },
{ "type": "Feature", "properties": { "ID": 1622163000294, "正式名称": "松井内科医院", "機関区分": 2, "都道府県コード": 16, "市区町村コード": 201, "所在地": "富山県富山市山室１８０－１", "緯度": 36.669185, "経度": 137.239538, "url": "https://www.iryou.teikyouseido.mhlw.go.jp/znk-web/juminkanja/S2430/initialize?prefCd=16&kikanCd=2163000294&kikanKbn=2", "url2": null, "内容": "松井内科医院【2:診療所】【診療科目:内科_糖尿病・内分泌内科_アレルギー疾患内科】富山県富山市山室１８０－１" }, "geometry": { "type": "Point", "coordinates": [ 137.239538, 36.669185 ] } },
{ "type": "Feature", "properties": { "ID": 1622163000295, "正式名称": "羽柴整形外科", "機関区分": 2, "都道府県コード": 16, "市区町村コード": 201, "所在地": "富山県富山市下堀１０－３", "緯度": 36.662852, "経度": 137.225123, "url": "https://www.iryou.teikyouseido.mhlw.go.jp/znk-web/juminkanja/S2430/initialize?prefCd=16&kikanCd=2163000295&kikanKbn=2", "url2": "http://www.hashiba-seikei.com/", "内容": "羽柴整形外科【2:診療所】【診療科目:整形外科_リウマチ科_リハビリテーション科】富山県富山市下堀１０－３" }, "geometry": { "type": "Point", "coordinates": [ 137.225123, 36.662852 ] } },
{ "type": "Feature", "properties": { "ID": 1622163000297, "正式名称": "医療法人社団桜路会　おぎの内科医院", "機関区分": 2, "都道府県コード": 16, "市区町村コード": 201, "所在地": "富山県富山市本郷町４７－１", "緯度": 36.667185, "経度": 137.232317, "url": "https://www.iryou.teikyouseido.mhlw.go.jp/znk-web/juminkanja/S2430/initialize?prefCd=16&kikanCd=2163000297&kikanKbn=2", "url2": "http://www.ogino-med.com", "内容": "医療法人社団桜路会　おぎの内科医院【2:診療所】【診療科目:内科_消化器内科】富山県富山市本郷町４７－１" }, "geometry": { "type": "Point", "coordinates": [ 137.232317, 36.667185 ] } },
{ "type": "Feature", "properties": { "ID": 1622163000298, "正式名称": "ふちゅう町耳鼻咽喉科クリニック", "機関区分": 2, "都道府県コード": 16, "市区町村コード": 201, "所在地": "富山県富山市婦中町板倉２５７－１", "緯度": 36.654657, "経度": 137.168212, "url": "https://www.iryou.teikyouseido.mhlw.go.jp/znk-web/juminkanja/S2430/initialize?prefCd=16&kikanCd=2163000298&kikanKbn=2", "url2": "fuchumati-ent-clinic.com", "内容": "ふちゅう町耳鼻咽喉科クリニック【2:診療所】【診療科目:耳鼻いんこう科】富山県富山市婦中町板倉２５７－１" }, "geometry": { "type": "Point", "coordinates": [ 137.168212, 36.654657 ] } },
{ "type": "Feature", "properties": { "ID": 1622163000301, "正式名称": "カメイクリニック２", "機関区分": 2, "都道府県コード": 16, "市区町村コード": 202, "所在地": "富山県高岡市京田４４１－１", "緯度": 36.729785, "経度": 137.013915, "url": "https://www.iryou.teikyouseido.mhlw.go.jp/znk-web/juminkanja/S2430/initialize?prefCd=16&kikanCd=2163000301&kikanKbn=2", "url2": "http//www.k-clinic.com", "内容": "カメイクリニック２【2:診療所】【診療科目:形成外科_美容外科_美容皮膚科】富山県高岡市京田４４１－１" }, "geometry": { "type": "Point", "coordinates": [ 137.013915, 36.729785 ] } },
{ "type": "Feature", "properties": { "ID": 1622163000302, "正式名称": "清幸会　島田医院", "機関区分": 2, "都道府県コード": 16, "市区町村コード": 201, "所在地": "富山県富山市永楽町４１番２２号", "緯度": 36.702931, "経度": 137.220011, "url": "https://www.iryou.teikyouseido.mhlw.go.jp/znk-web/juminkanja/S2430/initialize?prefCd=16&kikanCd=2163000302&kikanKbn=2", "url2": "http://www.seikoukai-shimada.jp/", "内容": "清幸会　島田医院【2:診療所】【診療科目:内科_消化器内科】富山県富山市永楽町４１番２２号" }, "geometry": { "type": "Point", "coordinates": [ 137.220011, 36.702931 ] } },
{ "type": "Feature", "properties": { "ID": 1622163000303, "正式名称": "医療法人社団めぐみ会　かみやま脳神経クリニック", "機関区分": 2, "都道府県コード": 16, "市区町村コード": 201, "所在地": "富山県富山市上袋３５８番地", "緯度": 36.658158, "経度": 137.218763, "url": "https://www.iryou.teikyouseido.mhlw.go.jp/znk-web/juminkanja/S2430/initialize?prefCd=16&kikanCd=2163000303&kikanKbn=2", "url2": "http://www.kamiyama-clinic.jp", "内容": "医療法人社団めぐみ会　かみやま脳神経クリニック【2:診療所】【診療科目:内科_神経内科_脳神経外科】富山県富山市上袋３５８番地" }, "geometry": { "type": "Point", "coordinates": [ 137.218763, 36.658158 ] } },
{ "type": "Feature", "properties": { "ID": 1622163000304, "正式名称": "島谷クリニック", "機関区分": 2, "都道府県コード": 16, "市区町村コード": 343, "所在地": "富山県下新川郡朝日町泊４１６－９", "緯度": 36.957437, "経度": 137.559387, "url": "https://www.iryou.teikyouseido.mhlw.go.jp/znk-web/juminkanja/S2430/initialize?prefCd=16&kikanCd=2163000304&kikanKbn=2", "url2": null, "内容": "島谷クリニック【2:診療所】【診療科目:内科】富山県下新川郡朝日町泊４１６－９" }, "geometry": { "type": "Point", "coordinates": [ 137.559387, 36.957437 ] } },
{ "type": "Feature", "properties": { "ID": 1622163000305, "正式名称": "赤江クリニック", "機関区分": 2, "都道府県コード": 16, "市区町村コード": 211, "所在地": "富山県射水市堀岡３１０", "緯度": 36.772894, "経度": 137.123904, "url": "https://www.iryou.teikyouseido.mhlw.go.jp/znk-web/juminkanja/S2430/initialize?prefCd=16&kikanCd=2163000305&kikanKbn=2", "url2": "http://www.akae-clinic.jp", "内容": "赤江クリニック【2:診療所】【診療科目:内科_脳神経外科】富山県射水市堀岡３１０" }, "geometry": { "type": "Point", "coordinates": [ 137.123904, 36.772894 ] } },
{ "type": "Feature", "properties": { "ID": 1622163000306, "正式名称": "ゆあさ眼科", "機関区分": 2, "都道府県コード": 16, "市区町村コード": 208, "所在地": "富山県砺波市大辻６１９", "緯度": 36.627517, "経度": 136.950897, "url": "https://www.iryou.teikyouseido.mhlw.go.jp/znk-web/juminkanja/S2430/initialize?prefCd=16&kikanCd=2163000306&kikanKbn=2", "url2": "http://yuasaeye.com", "内容": "ゆあさ眼科【2:診療所】【診療科目:眼科】富山県砺波市大辻６１９" }, "geometry": { "type": "Point", "coordinates": [ 136.950897, 36.627517 ] } },
{ "type": "Feature", "properties": { "ID": 1622163000307, "正式名称": "福光あおいクリニック", "機関区分": 2, "都道府県コード": 16, "市区町村コード": 210, "所在地": "富山県南砺市法林寺４２４", "緯度": 36.565661, "経度": 136.855964, "url": "https://www.iryou.teikyouseido.mhlw.go.jp/znk-web/juminkanja/S2430/initialize?prefCd=16&kikanCd=2163000307&kikanKbn=2", "url2": "http://www.juzankai.jp", "内容": "福光あおいクリニック【2:診療所】【診療科目:内科_リハビリテーション科】富山県南砺市法林寺４２４" }, "geometry": { "type": "Point", "coordinates": [ 136.855964, 36.565661 ] } },
{ "type": "Feature", "properties": { "ID": 1622163000308, "正式名称": "ふくみつこども診療所", "機関区分": 2, "都道府県コード": 16, "市区町村コード": 210, "所在地": "富山県南砺市福光９５６－５", "緯度": 36.557829, "経度": 136.866047, "url": "https://www.iryou.teikyouseido.mhlw.go.jp/znk-web/juminkanja/S2430/initialize?prefCd=16&kikanCd=2163000308&kikanKbn=2", "url2": "http://www.fukumitsu-kodomo.com", "内容": "ふくみつこども診療所【2:診療所】【診療科目:小児科】富山県南砺市福光９５６－５" }, "geometry": { "type": "Point", "coordinates": [ 136.866047, 36.557829 ] } },
{ "type": "Feature", "properties": { "ID": 1622163000311, "正式名称": "さえき整形外科クリニック", "機関区分": 2, "都道府県コード": 16, "市区町村コード": 202, "所在地": "富山県高岡市木津５４６－１", "緯度": 36.738847, "経度": 136.999381, "url": "https://www.iryou.teikyouseido.mhlw.go.jp/znk-web/juminkanja/S2430/initialize?prefCd=16&kikanCd=2163000311&kikanKbn=2", "url2": "www.saeki-orth.jp", "内容": "さえき整形外科クリニック【2:診療所】【診療科目:整形外科】富山県高岡市木津５４６－１" }, "geometry": { "type": "Point", "coordinates": [ 136.999381, 36.738847 ] } },
{ "type": "Feature", "properties": { "ID": 1622163000312, "正式名称": "けやきひふ科", "機関区分": 2, "都道府県コード": 16, "市区町村コード": 208, "所在地": "富山県砺波市となみ町１１－１１", "緯度": 36.638033, "経度": 136.962553, "url": "https://www.iryou.teikyouseido.mhlw.go.jp/znk-web/juminkanja/S2430/initialize?prefCd=16&kikanCd=2163000312&kikanKbn=2", "url2": "http://keyaki-hihuka.com/", "内容": "けやきひふ科【2:診療所】【診療科目:皮膚科_美容皮膚科】富山県砺波市となみ町１１－１１" }, "geometry": { "type": "Point", "coordinates": [ 136.962553, 36.638033 ] } },
{ "type": "Feature", "properties": { "ID": 1622163000313, "正式名称": "中山整形外科クリニック", "機関区分": 2, "都道府県コード": 16, "市区町村コード": 201, "所在地": "富山県富山市花園町３－８－１５", "緯度": 36.679482, "経度": 137.210531, "url": "https://www.iryou.teikyouseido.mhlw.go.jp/znk-web/juminkanja/S2430/initialize?prefCd=16&kikanCd=2163000313&kikanKbn=2", "url2": "http://nakayama-seikei.jp/index.html", "内容": "中山整形外科クリニック【2:診療所】【診療科目:漢方内科_整形外科_リウマチ科_リハビリテーション科】富山県富山市花園町３－８－１５" }, "geometry": { "type": "Point", "coordinates": [ 137.210531, 36.679482 ] } },
{ "type": "Feature", "properties": { "ID": 1622163000315, "正式名称": "やなせ整形外科医院", "機関区分": 2, "都道府県コード": 16, "市区町村コード": 201, "所在地": "富山県富山市下大久保１６１７", "緯度": 36.608591, "経度": 137.209091, "url": "https://www.iryou.teikyouseido.mhlw.go.jp/znk-web/juminkanja/S2430/initialize?prefCd=16&kikanCd=2163000315&kikanKbn=2", "url2": "http://www.yanase-seikei.net/", "内容": "やなせ整形外科医院【2:診療所】【診療科目:整形外科】富山県富山市下大久保１６１７" }, "geometry": { "type": "Point", "coordinates": [ 137.209091, 36.608591 ] } },
{ "type": "Feature", "properties": { "ID": 1622163000317, "正式名称": "岡本眼科", "機関区分": 2, "都道府県コード": 16, "市区町村コード": 201, "所在地": "富山県富山市天正寺３１１－１", "緯度": 36.684243, "経度": 137.249427, "url": "https://www.iryou.teikyouseido.mhlw.go.jp/znk-web/juminkanja/S2430/initialize?prefCd=16&kikanCd=2163000317&kikanKbn=2", "url2": "http://www.okamoto-eye-clinic.com", "内容": "岡本眼科【2:診療所】【診療科目:眼科】富山県富山市天正寺３１１－１" }, "geometry": { "type": "Point", "coordinates": [ 137.249427, 36.684243 ] } },
{ "type": "Feature", "properties": { "ID": 1622163000318, "正式名称": "千葉大学医学部学士山岳会鹿島槍冷池山荘診療所", "機関区分": 2, "都道府県コード": 16, "市区町村コード": 323, "所在地": "富山県中新川郡立山町芦峅寺ブナ坂外１１国有林", "緯度": 36.602708, "経度": 137.748554, "url": "https://www.iryou.teikyouseido.mhlw.go.jp/znk-web/juminkanja/S2430/initialize?prefCd=16&kikanCd=2163000318&kikanKbn=2", "url2": null, "内容": "千葉大学医学部学士山岳会鹿島槍冷池山荘診療所【2:診療所】【診療科目:内科】富山県中新川郡立山町芦峅寺ブナ坂外１１国有林" }, "geometry": { "type": "Point", "coordinates": [ 137.748554, 36.602708 ] } },
{ "type": "Feature", "properties": { "ID": 1622163000319, "正式名称": "医療法人社団　悠心会　うさかクリニック", "機関区分": 2, "都道府県コード": 16, "市区町村コード": 201, "所在地": "富山県富山市婦中町宮ケ島５０８－３", "緯度": 36.667969, "経度": 137.169039, "url": "https://www.iryou.teikyouseido.mhlw.go.jp/znk-web/juminkanja/S2430/initialize?prefCd=16&kikanCd=2163000319&kikanKbn=2", "url2": "http://usaka-clinic.com/", "内容": "医療法人社団　悠心会　うさかクリニック【2:診療所】【診療科目:内科_循環器内科_腎臓内科】富山県富山市婦中町宮ケ島５０８－３" }, "geometry": { "type": "Point", "coordinates": [ 137.169039, 36.667969 ] } },
{ "type": "Feature", "properties": { "ID": 1622163000322, "正式名称": "ひらの皮ふ科クリニック", "機関区分": 2, "都道府県コード": 16, "市区町村コード": 202, "所在地": "富山県高岡市京町２－２０", "緯度": 36.75525, "経度": 137.016845, "url": "https://www.iryou.teikyouseido.mhlw.go.jp/znk-web/juminkanja/S2430/initialize?prefCd=16&kikanCd=2163000322&kikanKbn=2", "url2": null, "内容": "ひらの皮ふ科クリニック【2:診療所】【診療科目:皮膚科】富山県高岡市京町２－２０" }, "geometry": { "type": "Point", "coordinates": [ 137.016845, 36.75525 ] } },
{ "type": "Feature", "properties": { "ID": 1622163000323, "正式名称": "にった内科クリニック", "機関区分": 2, "都道府県コード": 16, "市区町村コード": 201, "所在地": "富山県富山市秋吉１１３番地７", "緯度": 36.683532, "経度": 137.246977, "url": "https://www.iryou.teikyouseido.mhlw.go.jp/znk-web/juminkanja/S2430/initialize?prefCd=16&kikanCd=2163000323&kikanKbn=2", "url2": "http://www.nitta-med.com/", "内容": "にった内科クリニック【2:診療所】【診療科目:内科_循環器内科】富山県富山市秋吉１１３番地７" }, "geometry": { "type": "Point", "coordinates": [ 137.246977, 36.683532 ] } },
{ "type": "Feature", "properties": { "ID": 1622163000324, "正式名称": "医療法人社団すまいる　やまだホームケアクリニック", "機関区分": 2, "都道府県コード": 16, "市区町村コード": 201, "所在地": "富山県富山市高屋敷６５番地１", "緯度": 36.665924, "経度": 137.249676, "url": "https://www.iryou.teikyouseido.mhlw.go.jp/znk-web/juminkanja/S2430/initialize?prefCd=16&kikanCd=2163000324&kikanKbn=2", "url2": "http://yhomecare.jp/", "内容": "医療法人社団すまいる　やまだホームケアクリニック【2:診療所】【診療科目:内科_消化器内科_外科_整形外科_耳鼻いんこう科】富山県富山市高屋敷６５番地１" }, "geometry": { "type": "Point", "coordinates": [ 137.249676, 36.665924 ] } },
{ "type": "Feature", "properties": { "ID": 1622163000325, "正式名称": "根井クリニック", "機関区分": 2, "都道府県コード": 16, "市区町村コード": 210, "所在地": "富山県南砺市野田１３６０番地", "緯度": 36.521312, "経度": 136.900846, "url": "https://www.iryou.teikyouseido.mhlw.go.jp/znk-web/juminkanja/S2430/initialize?prefCd=16&kikanCd=2163000325&kikanKbn=2", "url2": "http://neiclinic.com/", "内容": "根井クリニック【2:診療所】【診療科目:内科】富山県南砺市野田１３６０番地" }, "geometry": { "type": "Point", "coordinates": [ 136.900846, 36.521312 ] } },
{ "type": "Feature", "properties": { "ID": 1622163000332, "正式名称": "かはら内科クリニック", "機関区分": 2, "都道府県コード": 16, "市区町村コード": 201, "所在地": "富山県富山市向新庄町２丁目３－１５", "緯度": 36.70265, "経度": 137.267011, "url": "https://www.iryou.teikyouseido.mhlw.go.jp/znk-web/juminkanja/S2430/initialize?prefCd=16&kikanCd=2163000332&kikanKbn=2", "url2": "https://www.kahara-naika.com/", "内容": "かはら内科クリニック【2:診療所】【診療科目:内科_糖尿病・内分泌内科】富山県富山市向新庄町２丁目３－１５" }, "geometry": { "type": "Point", "coordinates": [ 137.267011, 36.70265 ] } },
{ "type": "Feature", "properties": { "ID": 1622163000334, "正式名称": "宝田内科クリニック", "機関区分": 2, "都道府県コード": 16, "市区町村コード": 202, "所在地": "富山県高岡市中曽根２８３９", "緯度": 36.772098, "経度": 137.074129, "url": "https://www.iryou.teikyouseido.mhlw.go.jp/znk-web/juminkanja/S2430/initialize?prefCd=16&kikanCd=2163000334&kikanKbn=2", "url2": "http://hohda-clinic.com", "内容": "宝田内科クリニック【2:診療所】【診療科目:内科_呼吸器内科_循環器内科_アレルギー科】富山県高岡市中曽根２８３９" }, "geometry": { "type": "Point", "coordinates": [ 137.074129, 36.772098 ] } },
{ "type": "Feature", "properties": { "ID": 1622163000337, "正式名称": "赤祖父どいクリニック", "機関区分": 2, "都道府県コード": 16, "市区町村コード": 202, "所在地": "富山県高岡市赤祖父５９３－１", "緯度": 36.726902, "経度": 137.023793, "url": "https://www.iryou.teikyouseido.mhlw.go.jp/znk-web/juminkanja/S2430/initialize?prefCd=16&kikanCd=2163000337&kikanKbn=2", "url2": "https://www.doi-clinic.jp", "内容": "赤祖父どいクリニック【2:診療所】【診療科目:内科_小児科】富山県高岡市赤祖父５９３－１" }, "geometry": { "type": "Point", "coordinates": [ 137.023793, 36.726902 ] } },
{ "type": "Feature", "properties": { "ID": 1622163000338, "正式名称": "下新川一次急患センター", "機関区分": 2, "都道府県コード": 16, "市区町村コード": 207, "所在地": "富山県黒部市三日市１１０８番地１", "緯度": 36.871725, "経度": 137.440887, "url": "https://www.iryou.teikyouseido.mhlw.go.jp/znk-web/juminkanja/S2430/initialize?prefCd=16&kikanCd=2163000338&kikanKbn=2", "url2": null, "内容": "下新川一次急患センター【2:診療所】【診療科目:内科】富山県黒部市三日市１１０８番地１" }, "geometry": { "type": "Point", "coordinates": [ 137.440887, 36.871725 ] } },
{ "type": "Feature", "properties": { "ID": 1622163000340, "正式名称": "氷見なかたに眼科", "機関区分": 2, "都道府県コード": 16, "市区町村コード": 205, "所在地": "富山県氷見市大野字浦５８９番地", "緯度": 36.861354, "経度": 136.963676, "url": "https://www.iryou.teikyouseido.mhlw.go.jp/znk-web/juminkanja/S2430/initialize?prefCd=16&kikanCd=2163000340&kikanKbn=2", "url2": "http://himinakatani-eye.jp/", "内容": "氷見なかたに眼科【2:診療所】【診療科目:眼科】富山県氷見市大野字浦５８９番地" }, "geometry": { "type": "Point", "coordinates": [ 136.963676, 36.861354 ] } },
{ "type": "Feature", "properties": { "ID": 1622163000342, "正式名称": "はぎの里クリニック", "機関区分": 2, "都道府県コード": 16, "市区町村コード": 211, "所在地": "富山県射水市加茂西部６３番１", "緯度": 36.740989, "経度": 137.140309, "url": "https://www.iryou.teikyouseido.mhlw.go.jp/znk-web/juminkanja/S2430/initialize?prefCd=16&kikanCd=2163000342&kikanKbn=2", "url2": "http://haginosatoclinic.wixsite.com/mysite", "内容": "はぎの里クリニック【2:診療所】【診療科目:内科_麻酔科】富山県射水市加茂西部６３番１" }, "geometry": { "type": "Point", "coordinates": [ 137.140309, 36.740989 ] } },
{ "type": "Feature", "properties": { "ID": 1622163000343, "正式名称": "たかた眼科", "機関区分": 2, "都道府県コード": 16, "市区町村コード": 201, "所在地": "富山県富山市金代３４３－１", "緯度": 36.689354, "経度": 137.26189, "url": "https://www.iryou.teikyouseido.mhlw.go.jp/znk-web/juminkanja/S2430/initialize?prefCd=16&kikanCd=2163000343&kikanKbn=2", "url2": "www.takata-ganka.com", "内容": "たかた眼科【2:診療所】【診療科目:眼科】富山県富山市金代３４３－１" }, "geometry": { "type": "Point", "coordinates": [ 137.26189, 36.689354 ] } },
{ "type": "Feature", "properties": { "ID": 1622163000345, "正式名称": "根塚整形外科・スポーツクリニック", "機関区分": 2, "都道府県コード": 16, "市区町村コード": 201, "所在地": "富山県富山市田刈屋４２８－１", "緯度": 36.705147, "経度": 137.198476, "url": "https://www.iryou.teikyouseido.mhlw.go.jp/znk-web/juminkanja/S2430/initialize?prefCd=16&kikanCd=2163000345&kikanKbn=2", "url2": "nezuka-clinic.jp", "内容": "根塚整形外科・スポーツクリニック【2:診療所】【診療科目:整形外科_リハビリテーション科】富山県富山市田刈屋４２８－１" }, "geometry": { "type": "Point", "coordinates": [ 137.198476, 36.705147 ] } },
{ "type": "Feature", "properties": { "ID": 1622163000346, "正式名称": "竹内スリープメンタルクリニック", "機関区分": 2, "都道府県コード": 16, "市区町村コード": 201, "所在地": "富山県富山市弥生町２丁目４－２２", "緯度": 36.696299, "経度": 137.225509, "url": "https://www.iryou.teikyouseido.mhlw.go.jp/znk-web/juminkanja/S2430/initialize?prefCd=16&kikanCd=2163000346&kikanKbn=2", "url2": "http://www.takeuchi-sleep.jp", "内容": "竹内スリープメンタルクリニック【2:診療所】【診療科目:精神科_心療内科】富山県富山市弥生町２丁目４－２２" }, "geometry": { "type": "Point", "coordinates": [ 137.225509, 36.696299 ] } },
{ "type": "Feature", "properties": { "ID": 1622163000349, "正式名称": "医療法人社団　こうちウィメンズクリニック", "機関区分": 2, "都道府県コード": 16, "市区町村コード": 204, "所在地": "富山県魚津市吉島１－８０９", "緯度": 36.827781, "経度": 137.412414, "url": "https://www.iryou.teikyouseido.mhlw.go.jp/znk-web/juminkanja/S2430/initialize?prefCd=16&kikanCd=2163000349&kikanKbn=2", "url2": "www.kochi-clinic.com", "内容": "医療法人社団　こうちウィメンズクリニック【2:診療所】【診療科目:産婦人科】富山県魚津市吉島１－８０９" }, "geometry": { "type": "Point", "coordinates": [ 137.412414, 36.827781 ] } },
{ "type": "Feature", "properties": { "ID": 1622163000350, "正式名称": "なかだ皮ふ科クリニック　中田　芳", "機関区分": 2, "都道府県コード": 16, "市区町村コード": 204, "所在地": "富山県魚津市本新町２９０１", "緯度": 36.827376, "経度": 137.402687, "url": "https://www.iryou.teikyouseido.mhlw.go.jp/znk-web/juminkanja/S2430/initialize?prefCd=16&kikanCd=2163000350&kikanKbn=2", "url2": null, "内容": "なかだ皮ふ科クリニック　中田　芳【2:診療所】【診療科目:皮膚科】富山県魚津市本新町２９０１" }, "geometry": { "type": "Point", "coordinates": [ 137.402687, 36.827376 ] } },
{ "type": "Feature", "properties": { "ID": 1622163000351, "正式名称": "となみの心療クリニック", "機関区分": 2, "都道府県コード": 16, "市区町村コード": 208, "所在地": "富山県砺波市栄町１２５", "緯度": 36.645653, "経度": 136.959195, "url": "https://www.iryou.teikyouseido.mhlw.go.jp/znk-web/juminkanja/S2430/initialize?prefCd=16&kikanCd=2163000351&kikanKbn=2", "url2": "https://tonaminoshinryouclinic.com", "内容": "となみの心療クリニック【2:診療所】【診療科目:精神科_心療内科】富山県砺波市栄町１２５" }, "geometry": { "type": "Point", "coordinates": [ 136.959195, 36.645653 ] } },
{ "type": "Feature", "properties": { "ID": 1622163000352, "正式名称": "あまつぶ内科クリニック", "機関区分": 2, "都道府県コード": 16, "市区町村コード": 201, "所在地": "富山県富山市赤田８５３", "緯度": 36.65623, "経度": 137.214012, "url": "https://www.iryou.teikyouseido.mhlw.go.jp/znk-web/juminkanja/S2430/initialize?prefCd=16&kikanCd=2163000352&kikanKbn=2", "url2": "http://www.amatsubu.clinic/", "内容": "あまつぶ内科クリニック【2:診療所】【診療科目:内科_小児科】富山県富山市赤田８５３" }, "geometry": { "type": "Point", "coordinates": [ 137.214012, 36.65623 ] } },
{ "type": "Feature", "properties": { "ID": 1622163000353, "正式名称": "ながた裕子眼科", "機関区分": 2, "都道府県コード": 16, "市区町村コード": 201, "所在地": "富山県富山市千代田町１－３２", "緯度": 36.717313, "経度": 137.223147, "url": "https://www.iryou.teikyouseido.mhlw.go.jp/znk-web/juminkanja/S2430/initialize?prefCd=16&kikanCd=2163000353&kikanKbn=2", "url2": "http://www.nagata-eye.com/", "内容": "ながた裕子眼科【2:診療所】【診療科目:眼科】富山県富山市千代田町１－３２" }, "geometry": { "type": "Point", "coordinates": [ 137.223147, 36.717313 ] } },
{ "type": "Feature", "properties": { "ID": 1622163000354, "正式名称": "たぐちクリニック", "機関区分": 2, "都道府県コード": 16, "市区町村コード": 201, "所在地": "富山県富山市本郷新１２－１", "緯度": 36.667308, "経度": 137.229707, "url": "https://www.iryou.teikyouseido.mhlw.go.jp/znk-web/juminkanja/S2430/initialize?prefCd=16&kikanCd=2163000354&kikanKbn=2", "url2": "www.taguchi-cl.com", "内容": "たぐちクリニック【2:診療所】【診療科目:形成外科_美容外科_皮膚科】富山県富山市本郷新１２－１" }, "geometry": { "type": "Point", "coordinates": [ 137.229707, 36.667308 ] } },
{ "type": "Feature", "properties": { "ID": 1622163000355, "正式名称": "越村血管外科醫院", "機関区分": 2, "都道府県コード": 16, "市区町村コード": 201, "所在地": "富山県富山市安養寺１３０５", "緯度": 36.631069, "経度": 137.216559, "url": "https://www.iryou.teikyouseido.mhlw.go.jp/znk-web/juminkanja/S2430/initialize?prefCd=16&kikanCd=2163000355&kikanKbn=2", "url2": "koshimura-vasc.com", "内容": "越村血管外科醫院【2:診療所】【診療科目:内科_心臓血管外科】富山県富山市安養寺１３０５" }, "geometry": { "type": "Point", "coordinates": [ 137.216559, 36.631069 ] } },
{ "type": "Feature", "properties": { "ID": 1622163000356, "正式名称": "おだふれあいクリニック", "機関区分": 2, "都道府県コード": 16, "市区町村コード": 201, "所在地": "富山県富山市鍋田１７－１０", "緯度": 36.714423, "経度": 137.24494, "url": "https://www.iryou.teikyouseido.mhlw.go.jp/znk-web/juminkanja/S2430/initialize?prefCd=16&kikanCd=2163000356&kikanKbn=2", "url2": "http://oda-fureaiclinic.jp/", "内容": "おだふれあいクリニック【2:診療所】【診療科目:内科_循環器内科】富山県富山市鍋田１７－１０" }, "geometry": { "type": "Point", "coordinates": [ 137.24494, 36.714423 ] } },
{ "type": "Feature", "properties": { "ID": 1622163000357, "正式名称": "大日橋クリニック", "機関区分": 2, "都道府県コード": 16, "市区町村コード": 201, "所在地": "富山県富山市大島３丁目１７４番地１", "緯度": 36.677475, "経度": 137.268453, "url": "https://www.iryou.teikyouseido.mhlw.go.jp/znk-web/juminkanja/S2430/initialize?prefCd=16&kikanCd=2163000357&kikanKbn=2", "url2": "http://www.sanikai.or.jp/dainichibashi/", "内容": "大日橋クリニック【2:診療所】【診療科目:内科】富山県富山市大島３丁目１７４番地１" }, "geometry": { "type": "Point", "coordinates": [ 137.268453, 36.677475 ] } },
{ "type": "Feature", "properties": { "ID": 1622163000360, "正式名称": "にしだ内科クリニック", "機関区分": 2, "都道府県コード": 16, "市区町村コード": 201, "所在地": "富山県富山市城川原一丁目１７番２７号", "緯度": 36.731279, "経度": 137.227913, "url": "https://www.iryou.teikyouseido.mhlw.go.jp/znk-web/juminkanja/S2430/initialize?prefCd=16&kikanCd=2163000360&kikanKbn=2", "url2": "https://www.nishida-naika.jp", "内容": "にしだ内科クリニック【2:診療所】【診療科目:内科_循環器内科】富山県富山市城川原一丁目１７番２７号" }, "geometry": { "type": "Point", "coordinates": [ 137.227913, 36.731279 ] } },
{ "type": "Feature", "properties": { "ID": 1622163000361, "正式名称": "福岡町たぐちクリニック", "機関区分": 2, "都道府県コード": 16, "市区町村コード": 202, "所在地": "富山県高岡市福岡町荒屋敷６３０", "緯度": 36.70852, "経度": 136.927498, "url": "https://www.iryou.teikyouseido.mhlw.go.jp/znk-web/juminkanja/S2430/initialize?prefCd=16&kikanCd=2163000361&kikanKbn=2", "url2": "https://npronfis.wixsite.com/taguchi-", "内容": "福岡町たぐちクリニック【2:診療所】【診療科目:内科_神経内科_老年内科_リハビリテーション科】富山県高岡市福岡町荒屋敷６３０" }, "geometry": { "type": "Point", "coordinates": [ 136.927498, 36.70852 ] } },
{ "type": "Feature", "properties": { "ID": 1622163000362, "正式名称": "うえせこどもクリニック", "機関区分": 2, "都道府県コード": 16, "市区町村コード": 202, "所在地": "富山県高岡市能町南２丁目７８番", "緯度": 36.765312, "経度": 137.044971, "url": "https://www.iryou.teikyouseido.mhlw.go.jp/znk-web/juminkanja/S2430/initialize?prefCd=16&kikanCd=2163000362&kikanKbn=2", "url2": "https://uesekodomo.com", "内容": "うえせこどもクリニック【2:診療所】【診療科目:小児科】富山県高岡市能町南２丁目７８番" }, "geometry": { "type": "Point", "coordinates": [ 137.044971, 36.765312 ] } },
{ "type": "Feature", "properties": { "ID": 1622163000366, "正式名称": "さわだクリニック", "機関区分": 2, "都道府県コード": 16, "市区町村コード": 208, "所在地": "富山県砺波市杉木２丁目１２１番地", "緯度": 36.646623, "経度": 136.952284, "url": "https://www.iryou.teikyouseido.mhlw.go.jp/znk-web/juminkanja/S2430/initialize?prefCd=16&kikanCd=2163000366&kikanKbn=2", "url2": "https://sawada-clinic.com", "内容": "さわだクリニック【2:診療所】【診療科目:内科_泌尿器科】富山県砺波市杉木２丁目１２１番地" }, "geometry": { "type": "Point", "coordinates": [ 136.952284, 36.646623 ] } },
{ "type": "Feature", "properties": { "ID": 1622163000368, "正式名称": "まつおか内視鏡内科", "機関区分": 2, "都道府県コード": 16, "市区町村コード": 201, "所在地": "富山県富山市長江一丁目５－１５", "緯度": 36.690048, "経度": 137.245685, "url": "https://www.iryou.teikyouseido.mhlw.go.jp/znk-web/juminkanja/S2430/initialize?prefCd=16&kikanCd=2163000368&kikanKbn=2", "url2": "https://matsuokanaikaiin.jp/", "内容": "まつおか内視鏡内科【2:診療所】【診療科目:内科_消化器内科_胃腸内科_内視鏡内科】富山県富山市長江一丁目５－１５" }, "geometry": { "type": "Point", "coordinates": [ 137.245685, 36.690048 ] } },
{ "type": "Feature", "properties": { "ID": 1622163000369, "正式名称": "ＡＧＡスキンクリニック富山院", "機関区分": 2, "都道府県コード": 16, "市区町村コード": 201, "所在地": "富山県富山市総曲輪３－２－２５　総曲輪２１４ビル２階", "緯度": 36.689868, "経度": 137.212644, "url": "https://www.iryou.teikyouseido.mhlw.go.jp/znk-web/juminkanja/S2430/initialize?prefCd=16&kikanCd=2163000369&kikanKbn=2", "url2": "https://www.agaskin.net/to/", "内容": "ＡＧＡスキンクリニック富山院【2:診療所】【診療科目:皮膚科_美容皮膚科】富山県富山市総曲輪３－２－２５　総曲輪２１４ビル２階" }, "geometry": { "type": "Point", "coordinates": [ 137.212644, 36.689868 ] } },
{ "type": "Feature", "properties": { "ID": 1622163000371, "正式名称": "いとう整形外科クリニック", "機関区分": 2, "都道府県コード": 16, "市区町村コード": 201, "所在地": "富山県富山市神通本町一丁目１０番２０号", "緯度": 36.701331, "経度": 137.207633, "url": "https://www.iryou.teikyouseido.mhlw.go.jp/znk-web/juminkanja/S2430/initialize?prefCd=16&kikanCd=2163000371&kikanKbn=2", "url2": "https://ito-cl.jp/", "内容": "いとう整形外科クリニック【2:診療所】【診療科目:整形外科_リウマチ科_リハビリテーション科】富山県富山市神通本町一丁目１０番２０号" }, "geometry": { "type": "Point", "coordinates": [ 137.207633, 36.701331 ] } },
{ "type": "Feature", "properties": { "ID": 1622163000372, "正式名称": "医療法人社団みのうち内科クリニック", "機関区分": 2, "都道府県コード": 16, "市区町村コード": 201, "所在地": "富山県富山市掛尾町５６－１", "緯度": 36.663304, "経度": 137.206529, "url": "https://www.iryou.teikyouseido.mhlw.go.jp/znk-web/juminkanja/S2430/initialize?prefCd=16&kikanCd=2163000372&kikanKbn=2", "url2": "https://minouchi-clinic.jp/", "内容": "医療法人社団みのうち内科クリニック【2:診療所】【診療科目:内科_消化器内科】富山県富山市掛尾町５６－１" }, "geometry": { "type": "Point", "coordinates": [ 137.206529, 36.663304 ] } },
{ "type": "Feature", "properties": { "ID": 1622163000375, "正式名称": "千羽・矢野眼科といで医院", "機関区分": 2, "都道府県コード": 16, "市区町村コード": 202, "所在地": "富山県高岡市戸出町５－５－７９", "緯度": 36.684425, "経度": 136.971271, "url": "https://www.iryou.teikyouseido.mhlw.go.jp/znk-web/juminkanja/S2430/initialize?prefCd=16&kikanCd=2163000375&kikanKbn=2", "url2": null, "内容": "千羽・矢野眼科といで医院【2:診療所】【診療科目:眼科】富山県高岡市戸出町５－５－７９" }, "geometry": { "type": "Point", "coordinates": [ 136.971271, 36.684425 ] } },
{ "type": "Feature", "properties": { "ID": 1622163000376, "正式名称": "こいで内科脳神経クリニック", "機関区分": 2, "都道府県コード": 16, "市区町村コード": 202, "所在地": "富山県高岡市佐野１２３８番１", "緯度": 36.719824, "経度": 136.996642, "url": "https://www.iryou.teikyouseido.mhlw.go.jp/znk-web/juminkanja/S2430/initialize?prefCd=16&kikanCd=2163000376&kikanKbn=2", "url2": "https://www.koide-clinic.com/", "内容": "こいで内科脳神経クリニック【2:診療所】【診療科目:内科_脳神経内科_脳神経外科_整形外科】富山県高岡市佐野１２３８番１" }, "geometry": { "type": "Point", "coordinates": [ 136.996642, 36.719824 ] } },
{ "type": "Feature", "properties": { "ID": 1622163000377, "正式名称": "いみず内科クリニック", "機関区分": 2, "都道府県コード": 16, "市区町村コード": 211, "所在地": "富山県射水市鷲塚５７－１", "緯度": 36.717952, "経度": 137.119958, "url": "https://www.iryou.teikyouseido.mhlw.go.jp/znk-web/juminkanja/S2430/initialize?prefCd=16&kikanCd=2163000377&kikanKbn=2", "url2": "https://imizu-naika.com", "内容": "いみず内科クリニック【2:診療所】【診療科目:内科_脳神経内科】富山県射水市鷲塚５７－１" }, "geometry": { "type": "Point", "coordinates": [ 137.119958, 36.717952 ] } },
{ "type": "Feature", "properties": { "ID": 1622163000378, "正式名称": "魚津市急患センター", "機関区分": 2, "都道府県コード": 16, "市区町村コード": 204, "所在地": "富山県魚津市六郎丸９９２", "緯度": 36.821284, "経度": 137.425789, "url": "https://www.iryou.teikyouseido.mhlw.go.jp/znk-web/juminkanja/S2430/initialize?prefCd=16&kikanCd=2163000378&kikanKbn=2", "url2": "https://www.toyamah.johas.go.jp", "内容": "魚津市急患センター【2:診療所】【診療科目:内科】富山県魚津市六郎丸９９２" }, "geometry": { "type": "Point", "coordinates": [ 137.425789, 36.821284 ] } },
{ "type": "Feature", "properties": { "ID": 1622163000381, "正式名称": "かねきホームクリニック", "機関区分": 2, "都道府県コード": 16, "市区町村コード": 208, "所在地": "富山県砺波市本町７－１１", "緯度": 36.637382, "経度": 136.950743, "url": "https://www.iryou.teikyouseido.mhlw.go.jp/znk-web/juminkanja/S2430/initialize?prefCd=16&kikanCd=2163000381&kikanKbn=2", "url2": "kaneki-homeclinic.com", "内容": "かねきホームクリニック【2:診療所】【診療科目:内科_消化器内科_外科_肛門外科】富山県砺波市本町７－１１" }, "geometry": { "type": "Point", "coordinates": [ 136.950743, 36.637382 ] } },
{ "type": "Feature", "properties": { "ID": 1622163000384, "正式名称": "西田内科クリニック", "機関区分": 2, "都道府県コード": 16, "市区町村コード": 202, "所在地": "富山県高岡市木津２２８５", "緯度": 36.732303, "経度": 137.000174, "url": "https://www.iryou.teikyouseido.mhlw.go.jp/znk-web/juminkanja/S2430/initialize?prefCd=16&kikanCd=2163000384&kikanKbn=2", "url2": "http://nishidanaikaclinic.com", "内容": "西田内科クリニック【2:診療所】【診療科目:内科_消化器内科_内視鏡内科】富山県高岡市木津２２８５" }, "geometry": { "type": "Point", "coordinates": [ 137.000174, 36.732303 ] } },
{ "type": "Feature", "properties": { "ID": 1622163000385, "正式名称": "ねづか内科クリニック", "機関区分": 2, "都道府県コード": 16, "市区町村コード": 207, "所在地": "富山県黒部市石田新７３９－１", "緯度": 36.866301, "経度": 137.421912, "url": "https://www.iryou.teikyouseido.mhlw.go.jp/znk-web/juminkanja/S2430/initialize?prefCd=16&kikanCd=2163000385&kikanKbn=2", "url2": "http://nezuka.jp/clinic", "内容": "ねづか内科クリニック【2:診療所】【診療科目:内科_外科】富山県黒部市石田新７３９－１" }, "geometry": { "type": "Point", "coordinates": [ 137.421912, 36.866301 ] } },
{ "type": "Feature", "properties": { "ID": 1622163000386, "正式名称": "北陸予防医学協会　とやま健診プラザ", "機関区分": 2, "都道府県コード": 16, "市区町村コード": 201, "所在地": "富山県富山市千代田町２－１", "緯度": 36.717976, "経度": 137.224442, "url": "https://www.iryou.teikyouseido.mhlw.go.jp/znk-web/juminkanja/S2430/initialize?prefCd=16&kikanCd=2163000386&kikanKbn=2", "url2": "http://www.hokurikuyobou.or.jp", "内容": "北陸予防医学協会　とやま健診プラザ【2:診療所】【診療科目:内科】富山県富山市千代田町２－１" }, "geometry": { "type": "Point", "coordinates": [ 137.224442, 36.717976 ] } },
{ "type": "Feature", "properties": { "ID": 1622163000387, "正式名称": "千代田循環器内科クリニック", "機関区分": 2, "都道府県コード": 16, "市区町村コード": 201, "所在地": "富山県富山市千代田町２－１", "緯度": 36.717976, "経度": 137.224442, "url": "https://www.iryou.teikyouseido.mhlw.go.jp/znk-web/juminkanja/S2430/initialize?prefCd=16&kikanCd=2163000387&kikanKbn=2", "url2": "https://www.hokurikuyobou.or.jp/jyunkanki-clinic/", "内容": "千代田循環器内科クリニック【2:診療所】【診療科目:内科_糖尿病・代謝内科_呼吸器内科_循環器内科_消化器内科_脳神経外科】富山県富山市千代田町２－１" }, "geometry": { "type": "Point", "coordinates": [ 137.224442, 36.717976 ] } },
{ "type": "Feature", "properties": { "ID": 1622163000388, "正式名称": "星井町こころのクリニック", "機関区分": 2, "都道府県コード": 16, "市区町村コード": 201, "所在地": "富山県富山市星井町２－７－３９　泉ビル２階", "緯度": 36.683851, "経度": 137.21225, "url": "https://www.iryou.teikyouseido.mhlw.go.jp/znk-web/juminkanja/S2430/initialize?prefCd=16&kikanCd=2163000388&kikanKbn=2", "url2": "https://hoshiichokokoronoclinic.com/", "内容": "星井町こころのクリニック【2:診療所】【診療科目:精神科_心療内科_老年精神科_老年心療内科】富山県富山市星井町２－７－３９　泉ビル２階" }, "geometry": { "type": "Point", "coordinates": [ 137.21225, 36.683851 ] } },
{ "type": "Feature", "properties": { "ID": 1622163000389, "正式名称": "おくむらクリニック", "機関区分": 2, "都道府県コード": 16, "市区町村コード": 201, "所在地": "富山県富山市上赤江町２－１－２８", "緯度": 36.714553, "経度": 137.231295, "url": "https://www.iryou.teikyouseido.mhlw.go.jp/znk-web/juminkanja/S2430/initialize?prefCd=16&kikanCd=2163000389&kikanKbn=2", "url2": "https://okumura-uro.com/", "内容": "おくむらクリニック【2:診療所】【診療科目:内科_泌尿器科】富山県富山市上赤江町２－１－２８" }, "geometry": { "type": "Point", "coordinates": [ 137.231295, 36.714553 ] } },
{ "type": "Feature", "properties": { "ID": 1622163000391, "正式名称": "ふたごぼしキッズクリニック", "機関区分": 2, "都道府県コード": 16, "市区町村コード": 201, "所在地": "富山県富山市堀川本郷１５－１２", "緯度": 36.656688, "経度": 137.233704, "url": "https://www.iryou.teikyouseido.mhlw.go.jp/znk-web/juminkanja/S2430/initialize?prefCd=16&kikanCd=2163000391&kikanKbn=2", "url2": "https://toyama-souseikai.or.jp/futagoboshi/", "内容": "ふたごぼしキッズクリニック【2:診療所】【診療科目:小児科】富山県富山市堀川本郷１５－１２" }, "geometry": { "type": "Point", "coordinates": [ 137.233704, 36.656688 ] } },
{ "type": "Feature", "properties": { "ID": 1622163000392, "正式名称": "みんなの二口町内科クリニック", "機関区分": 2, "都道府県コード": 16, "市区町村コード": 201, "所在地": "富山県富山市二口町３－１－１８", "緯度": 36.669596, "経度": 137.207005, "url": "https://www.iryou.teikyouseido.mhlw.go.jp/znk-web/juminkanja/S2430/initialize?prefCd=16&kikanCd=2163000392&kikanKbn=2", "url2": "https://futakuchimachi-cl.jp/", "内容": "みんなの二口町内科クリニック【2:診療所】【診療科目:内科】富山県富山市二口町３－１－１８" }, "geometry": { "type": "Point", "coordinates": [ 137.207005, 36.669596 ] } },
{ "type": "Feature", "properties": { "ID": 1622163000394, "正式名称": "すみれ内科クリニック", "機関区分": 2, "都道府県コード": 16, "市区町村コード": 342, "所在地": "富山県下新川郡入善町入膳５４９４－１", "緯度": 36.940657, "経度": 137.502002, "url": "https://www.iryou.teikyouseido.mhlw.go.jp/znk-web/juminkanja/S2430/initialize?prefCd=16&kikanCd=2163000394&kikanKbn=2", "url2": "https://sumirenaika.com", "内容": "すみれ内科クリニック【2:診療所】【診療科目:内科_消化器内科】富山県下新川郡入善町入膳５４９４－１" }, "geometry": { "type": "Point", "coordinates": [ 137.502002, 36.940657 ] } },
{ "type": "Feature", "properties": { "ID": 1622163000395, "正式名称": "ゆう内科クリニック", "機関区分": 2, "都道府県コード": 16, "市区町村コード": 205, "所在地": "富山県氷見市栄町１０－８", "緯度": 36.870951, "経度": 136.98236, "url": "https://www.iryou.teikyouseido.mhlw.go.jp/znk-web/juminkanja/S2430/initialize?prefCd=16&kikanCd=2163000395&kikanKbn=2", "url2": "https://you-naika.jp/", "内容": "ゆう内科クリニック【2:診療所】【診療科目:内科_糖尿病内科_呼吸器内科_アレルギー科】富山県氷見市栄町１０－８" }, "geometry": { "type": "Point", "coordinates": [ 136.98236, 36.870951 ] } },
{ "type": "Feature", "properties": { "ID": 1622163000396, "正式名称": "医療法人社団　しのざき小児科", "機関区分": 2, "都道府県コード": 16, "市区町村コード": 207, "所在地": "富山県黒部市三日市１０６２", "緯度": 36.872213, "経度": 137.43964, "url": "https://www.iryou.teikyouseido.mhlw.go.jp/znk-web/juminkanja/S2430/initialize?prefCd=16&kikanCd=2163000396&kikanKbn=2", "url2": "https://shinozaki-pediatric-clinic.jp/", "内容": "医療法人社団　しのざき小児科【2:診療所】【診療科目:小児科】富山県黒部市三日市１０６２" }, "geometry": { "type": "Point", "coordinates": [ 137.43964, 36.872213 ] } },
{ "type": "Feature", "properties": { "ID": 1622163000397, "正式名称": "なかがわ医院", "機関区分": 2, "都道府県コード": 16, "市区町村コード": 209, "所在地": "富山県小矢部市泉町９－２", "緯度": 36.672737, "経度": 136.868051, "url": "https://www.iryou.teikyouseido.mhlw.go.jp/znk-web/juminkanja/S2430/initialize?prefCd=16&kikanCd=2163000397&kikanKbn=2", "url2": "https://nakagawa-iin.jp/", "内容": "なかがわ医院【2:診療所】【診療科目:内科_呼吸器内科】富山県小矢部市泉町９－２" }, "geometry": { "type": "Point", "coordinates": [ 136.868051, 36.672737 ] } },
{ "type": "Feature", "properties": { "ID": 1622163000398, "正式名称": "医療法人おこじょ会　雄山アイクリニック", "機関区分": 2, "都道府県コード": 16, "市区町村コード": 323, "所在地": "富山県中新川郡立山町前沢新町４７２", "緯度": 36.66796, "経度": 137.312554, "url": "https://www.iryou.teikyouseido.mhlw.go.jp/znk-web/juminkanja/S2430/initialize?prefCd=16&kikanCd=2163000398&kikanKbn=2", "url2": "https://oyama-eye.com", "内容": "医療法人おこじょ会　雄山アイクリニック【2:診療所】【診療科目:眼科】富山県中新川郡立山町前沢新町４７２" }, "geometry": { "type": "Point", "coordinates": [ 137.312554, 36.66796 ] } },
{ "type": "Feature", "properties": { "ID": 1622163000400, "正式名称": "のがみこどもクリニック", "機関区分": 2, "都道府県コード": 16, "市区町村コード": 201, "所在地": "富山県富山市婦中町下轡田６６６－１", "緯度": 36.667202, "経度": 137.177133, "url": "https://www.iryou.teikyouseido.mhlw.go.jp/znk-web/juminkanja/S2430/initialize?prefCd=16&kikanCd=2163000400&kikanKbn=2", "url2": "https://ssc6.doctorqube.com/nogami/", "内容": "のがみこどもクリニック【2:診療所】【診療科目:内科_小児科】富山県富山市婦中町下轡田６６６－１" }, "geometry": { "type": "Point", "coordinates": [ 137.177133, 36.667202 ] } },
{ "type": "Feature", "properties": { "ID": 1622163000403, "正式名称": "くれよん在宅クリニック", "機関区分": 2, "都道府県コード": 16, "市区町村コード": 201, "所在地": "富山県富山市黒崎３７３－２", "緯度": 36.651541, "経度": 137.209348, "url": "https://www.iryou.teikyouseido.mhlw.go.jp/znk-web/juminkanja/S2430/initialize?prefCd=16&kikanCd=2163000403&kikanKbn=2", "url2": "https://www.crayon-hc.jp", "内容": "くれよん在宅クリニック【2:診療所】【診療科目:内科】富山県富山市黒崎３７３－２" }, "geometry": { "type": "Point", "coordinates": [ 137.209348, 36.651541 ] } },
{ "type": "Feature", "properties": { "ID": 1622163000404, "正式名称": "五福ひがし皮ふ科", "機関区分": 2, "都道府県コード": 16, "市区町村コード": 201, "所在地": "富山県富山市五福１３７４番１", "緯度": 36.700052, "経度": 137.187796, "url": "https://www.iryou.teikyouseido.mhlw.go.jp/znk-web/juminkanja/S2430/initialize?prefCd=16&kikanCd=2163000404&kikanKbn=2", "url2": "https://gofuku-higashi.com", "内容": "五福ひがし皮ふ科【2:診療所】【診療科目:小児皮膚科_皮膚科_美容皮膚科】富山県富山市五福１３７４番１" }, "geometry": { "type": "Point", "coordinates": [ 137.187796, 36.700052 ] } },
{ "type": "Feature", "properties": { "ID": 1622163000405, "正式名称": "伊東メンタルクリニック", "機関区分": 2, "都道府県コード": 16, "市区町村コード": 201, "所在地": "富山県富山市東中野町三丁目１１番６号", "緯度": 36.679111, "経度": 137.222258, "url": "https://www.iryou.teikyouseido.mhlw.go.jp/znk-web/juminkanja/S2430/initialize?prefCd=16&kikanCd=2163000405&kikanKbn=2", "url2": "https://ito-men.com/", "内容": "伊東メンタルクリニック【2:診療所】【診療科目:精神科_心療内科】富山県富山市東中野町三丁目１１番６号" }, "geometry": { "type": "Point", "coordinates": [ 137.222258, 36.679111 ] } },
{ "type": "Feature", "properties": { "ID": 1622163000406, "正式名称": "漢方内科けやき通り診療所", "機関区分": 2, "都道府県コード": 16, "市区町村コード": 201, "所在地": "富山県富山市新根塚町一丁目５－３８", "緯度": 36.680359, "経度": 137.202947, "url": "https://www.iryou.teikyouseido.mhlw.go.jp/znk-web/juminkanja/S2430/initialize?prefCd=16&kikanCd=2163000406&kikanKbn=2", "url2": "https://www.keyaki-kampo.jp", "内容": "漢方内科けやき通り診療所【2:診療所】【診療科目:漢方内科】富山県富山市新根塚町一丁目５－３８" }, "geometry": { "type": "Point", "coordinates": [ 137.202947, 36.680359 ] } },
{ "type": "Feature", "properties": { "ID": 1622163000407, "正式名称": "なかたに皮ふ科クリニック", "機関区分": 2, "都道府県コード": 16, "市区町村コード": 201, "所在地": "富山県富山市五番町１－２２", "緯度": 36.687758, "経度": 137.219538, "url": "https://www.iryou.teikyouseido.mhlw.go.jp/znk-web/juminkanja/S2430/initialize?prefCd=16&kikanCd=2163000407&kikanKbn=2", "url2": "www.nakatani-hifuka.jp", "内容": "なかたに皮ふ科クリニック【2:診療所】【診療科目:皮膚科】富山県富山市五番町１－２２" }, "geometry": { "type": "Point", "coordinates": [ 137.219538, 36.687758 ] } },
{ "type": "Feature", "properties": { "ID": 1622163000408, "正式名称": "あおき整形外科クリニック", "機関区分": 2, "都道府県コード": 16, "市区町村コード": 201, "所在地": "富山県富山市秋吉１１２－４", "緯度": 36.682961, "経度": 137.246746, "url": "https://www.iryou.teikyouseido.mhlw.go.jp/znk-web/juminkanja/S2430/initialize?prefCd=16&kikanCd=2163000408&kikanKbn=2", "url2": "https://aoki-ortho.jp/", "内容": "あおき整形外科クリニック【2:診療所】【診療科目:整形外科_リハビリテーション科】富山県富山市秋吉１１２－４" }, "geometry": { "type": "Point", "coordinates": [ 137.246746, 36.682961 ] } },
{ "type": "Feature", "properties": { "ID": 1622163000410, "正式名称": "内幸町在宅クリニック", "機関区分": 2, "都道府県コード": 16, "市区町村コード": 201, "所在地": "富山県富山市内幸町５－１３", "緯度": 36.697252, "経度": 137.209393, "url": "https://www.iryou.teikyouseido.mhlw.go.jp/znk-web/juminkanja/S2430/initialize?prefCd=16&kikanCd=2163000410&kikanKbn=2", "url2": "https://uchisaiwai-hc.com", "内容": "内幸町在宅クリニック【2:診療所】【診療科目:内科_脳神経内科】富山県富山市内幸町５－１３" }, "geometry": { "type": "Point", "coordinates": [ 137.209393, 36.697252 ] } },
{ "type": "Feature", "properties": { "ID": 1622163000414, "正式名称": "昭和医科大学医学部白馬岳山頂診療所", "機関区分": 2, "都道府県コード": 16, "市区町村コード": 343, "所在地": "富山県下新川郡朝日町大蓮華国有林２０白馬山荘内", "緯度": 36.755522, "経度": 137.7566, "url": "https://www.iryou.teikyouseido.mhlw.go.jp/znk-web/juminkanja/S2430/initialize?prefCd=16&kikanCd=2163000414&kikanKbn=2", "url2": null, "内容": "昭和医科大学医学部白馬岳山頂診療所【2:診療所】【診療科目:内科_外科】富山県下新川郡朝日町大蓮華国有林２０白馬山荘内" }, "geometry": { "type": "Point", "coordinates": [ 137.7566, 36.755522 ] } },
{ "type": "Feature", "properties": { "ID": 1622163000415, "正式名称": "ひぐち小児科アレルギー科", "機関区分": 2, "都道府県コード": 16, "市区町村コード": 202, "所在地": "富山県高岡市下伏間江２０－１", "緯度": 36.726773, "経度": 137.027801, "url": "https://www.iryou.teikyouseido.mhlw.go.jp/znk-web/juminkanja/S2430/initialize?prefCd=16&kikanCd=2163000415&kikanKbn=2", "url2": "https://higuchi-pediatrics.com/", "内容": "ひぐち小児科アレルギー科【2:診療所】【診療科目:小児科_アレルギー科】富山県高岡市下伏間江２０－１" }, "geometry": { "type": "Point", "coordinates": [ 137.027801, 36.726773 ] } },
{ "type": "Feature", "properties": { "ID": 1622163000416, "正式名称": "医療法人社団だいぞうクリニック", "機関区分": 2, "都道府県コード": 16, "市区町村コード": 202, "所在地": "富山県高岡市木津６２４－１", "緯度": 36.732303, "経度": 137.000174, "url": "https://www.iryou.teikyouseido.mhlw.go.jp/znk-web/juminkanja/S2430/initialize?prefCd=16&kikanCd=2163000416&kikanKbn=2", "url2": "https://dz-clinic.com", "内容": "医療法人社団だいぞうクリニック【2:診療所】【診療科目:形成外科_美容外科_皮膚科_美容皮膚科】富山県高岡市木津６２４－１" }, "geometry": { "type": "Point", "coordinates": [ 137.000174, 36.732303 ] } },
{ "type": "Feature", "properties": { "ID": 1622163000418, "正式名称": "いなむら内科", "機関区分": 2, "都道府県コード": 16, "市区町村コード": 208, "所在地": "富山県砺波市豊町２－４－２６", "緯度": 36.62917, "経度": 136.953056, "url": "https://www.iryou.teikyouseido.mhlw.go.jp/znk-web/juminkanja/S2430/initialize?prefCd=16&kikanCd=2163000418&kikanKbn=2", "url2": "https://inamuranaika.com", "内容": "いなむら内科【2:診療所】【診療科目:内科_消化器内科】富山県砺波市豊町２－４－２６" }, "geometry": { "type": "Point", "coordinates": [ 136.953056, 36.62917 ] } },
{ "type": "Feature", "properties": { "ID": 1622163000421, "正式名称": "つぐみクリニック", "機関区分": 2, "都道府県コード": 16, "市区町村コード": 201, "所在地": "富山県富山市堀端町１－１８　１階", "緯度": 36.687118, "経度": 137.206825, "url": "https://www.iryou.teikyouseido.mhlw.go.jp/znk-web/juminkanja/S2430/initialize?prefCd=16&kikanCd=2163000421&kikanKbn=2", "url2": null, "内容": "つぐみクリニック【2:診療所】【診療科目:内科_歯科】富山県富山市堀端町１－１８　１階" }, "geometry": { "type": "Point", "coordinates": [ 137.206825, 36.687118 ] } },
{ "type": "Feature", "properties": { "ID": 1622163000422, "正式名称": "たち眼科富山駅前アイクリニック", "機関区分": 2, "都道府県コード": 16, "市区町村コード": 201, "所在地": "富山県富山市新富町一丁目２－３　ＣｉＣビル２階", "緯度": 36.699642, "経度": 137.212585, "url": "https://www.iryou.teikyouseido.mhlw.go.jp/znk-web/juminkanja/S2430/initialize?prefCd=16&kikanCd=2163000422&kikanKbn=2", "url2": "tachi-eyeclinic.com", "内容": "たち眼科富山駅前アイクリニック【2:診療所】【診療科目:眼科】富山県富山市新富町一丁目２－３　ＣｉＣビル２階" }, "geometry": { "type": "Point", "coordinates": [ 137.212585, 36.699642 ] } },
{ "type": "Feature", "properties": { "ID": 1622163000423, "正式名称": "くれはキッズクリニック", "機関区分": 2, "都道府県コード": 16, "市区町村コード": 201, "所在地": "富山県富山市呉羽町３０２２－１", "緯度": 36.715659, "経度": 137.164482, "url": "https://www.iryou.teikyouseido.mhlw.go.jp/znk-web/juminkanja/S2430/initialize?prefCd=16&kikanCd=2163000423&kikanKbn=2", "url2": "https://kureha-kids-clinic.jp/", "内容": "くれはキッズクリニック【2:診療所】【診療科目:小児科】富山県富山市呉羽町３０２２－１" }, "geometry": { "type": "Point", "coordinates": [ 137.164482, 36.715659 ] } },
{ "type": "Feature", "properties": { "ID": 1622163000424, "正式名称": "いつき内科クリニック", "機関区分": 2, "都道府県コード": 16, "市区町村コード": 201, "所在地": "富山県富山市星井町二丁目７－３９　泉ビル２階", "緯度": 36.683949, "経度": 137.212233, "url": "https://www.iryou.teikyouseido.mhlw.go.jp/znk-web/juminkanja/S2430/initialize?prefCd=16&kikanCd=2163000424&kikanKbn=2", "url2": "itsuki.clinic", "内容": "いつき内科クリニック【2:診療所】【診療科目:内科】富山県富山市星井町二丁目７－３９　泉ビル２階" }, "geometry": { "type": "Point", "coordinates": [ 137.212233, 36.683949 ] } },
{ "type": "Feature", "properties": { "ID": 1622163000426, "正式名称": "医療法人社団黒田内科医院", "機関区分": 2, "都道府県コード": 16, "市区町村コード": 323, "所在地": "富山県中新川郡立山町米沢７－１", "緯度": 36.667814, "経度": 137.32349, "url": "https://www.iryou.teikyouseido.mhlw.go.jp/znk-web/juminkanja/S2430/initialize?prefCd=16&kikanCd=2163000426&kikanKbn=2", "url2": null, "内容": "医療法人社団黒田内科医院【2:診療所】【診療科目:内科_消化器内科】富山県中新川郡立山町米沢７－１" }, "geometry": { "type": "Point", "coordinates": [ 137.32349, 36.667814 ] } },
{ "type": "Feature", "properties": { "ID": 1622163000429, "正式名称": "庄川しばたクリニック", "機関区分": 2, "都道府県コード": 16, "市区町村コード": 208, "所在地": "富山県　砺波市　庄川町示野　４２６－３", "緯度": 36.573709, "経度": 136.980827, "url": "https://www.iryou.teikyouseido.mhlw.go.jp/znk-web/juminkanja/S2430/initialize?prefCd=16&kikanCd=2163000429&kikanKbn=2", "url2": "http://www.shogawa-shibata-clinic.com", "内容": "庄川しばたクリニック【2:診療所】【診療科目:内科_血液内科_呼吸器内科_消化器内科】富山県　砺波市　庄川町示野　４２６－３" }, "geometry": { "type": "Point", "coordinates": [ 136.980827, 36.573709 ] } },
{ "type": "Feature", "properties": { "ID": 1622163000430, "正式名称": "ファボーレ眼科", "機関区分": 2, "都道府県コード": 16, "市区町村コード": 201, "所在地": "富山県富山市婦中町下轡田１６５－１　ファボーレ１階", "緯度": 36.662642, "経度": 137.171477, "url": "https://www.iryou.teikyouseido.mhlw.go.jp/znk-web/juminkanja/S2430/initialize?prefCd=16&kikanCd=2163000430&kikanKbn=2", "url2": null, "内容": "ファボーレ眼科【2:診療所】【診療科目:眼科】富山県富山市婦中町下轡田１６５－１　ファボーレ１階" }, "geometry": { "type": "Point", "coordinates": [ 137.171477, 36.662642 ] } },
{ "type": "Feature", "properties": { "ID": 1622163000431, "正式名称": "富山駅前おおむら内科・内視鏡クリニック", "機関区分": 2, "都道府県コード": 16, "市区町村コード": 201, "所在地": "富山県富山市神通本町一丁目７番１５号", "緯度": 36.700546, "経度": 137.209066, "url": "https://www.iryou.teikyouseido.mhlw.go.jp/znk-web/juminkanja/S2430/initialize?prefCd=16&kikanCd=2163000431&kikanKbn=2", "url2": "https://www.oomura-cl.com/", "内容": "富山駅前おおむら内科・内視鏡クリニック【2:診療所】【診療科目:内科_消化器内科_胃腸内科】富山県富山市神通本町一丁目７番１５号" }, "geometry": { "type": "Point", "coordinates": [ 137.209066, 36.700546 ] } },
{ "type": "Feature", "properties": { "ID": 1622163000434, "正式名称": "武内クリニック　ＴＡＫＥＰＯＮ", "機関区分": 2, "都道府県コード": 16, "市区町村コード": 201, "所在地": "富山県富山市太郎丸本町一丁目６番１５号", "緯度": 36.67681, "経度": 137.212435, "url": "https://www.iryou.teikyouseido.mhlw.go.jp/znk-web/juminkanja/S2430/initialize?prefCd=16&kikanCd=2163000434&kikanKbn=2", "url2": "https://takepon-clinic.com/", "内容": "武内クリニック　ＴＡＫＥＰＯＮ【2:診療所】【診療科目:内科_心臓血管外科_リハビリテーション科】富山県富山市太郎丸本町一丁目６番１５号" }, "geometry": { "type": "Point", "coordinates": [ 137.212435, 36.67681 ] } },
{ "type": "Feature", "properties": { "ID": 1622163000435, "正式名称": "北の森そごう皮ふ科", "機関区分": 2, "都道府県コード": 16, "市区町村コード": 201, "所在地": "富山県富山市森四丁目７３４－６", "緯度": 36.745485, "経度": 137.233945, "url": "https://www.iryou.teikyouseido.mhlw.go.jp/znk-web/juminkanja/S2430/initialize?prefCd=16&kikanCd=2163000435&kikanKbn=2", "url2": "http://kitanomori-sogo.com", "内容": "北の森そごう皮ふ科【2:診療所】【診療科目:小児皮膚科_皮膚科_美容皮膚科】富山県富山市森四丁目７３４－６" }, "geometry": { "type": "Point", "coordinates": [ 137.233945, 36.745485 ] } },
{ "type": "Feature", "properties": { "ID": 1622163000436, "正式名称": "おおいずみ内科ハートクリニック", "機関区分": 2, "都道府県コード": 16, "市区町村コード": 201, "所在地": "富山県富山市大泉東町二丁目１２番１", "緯度": 36.680676, "経度": 137.228808, "url": "https://www.iryou.teikyouseido.mhlw.go.jp/znk-web/juminkanja/S2430/initialize?prefCd=16&kikanCd=2163000436&kikanKbn=2", "url2": "https://oizumi-heart.jp/", "内容": "おおいずみ内科ハートクリニック【2:診療所】【診療科目:内科_循環器内科】富山県富山市大泉東町二丁目１２番１" }, "geometry": { "type": "Point", "coordinates": [ 137.228808, 36.680676 ] } },
{ "type": "Feature", "properties": { "ID": 1622163000439, "正式名称": "真生会伏木クリニック", "機関区分": 2, "都道府県コード": 16, "市区町村コード": 202, "所在地": "富山県高岡市伏木一宮２－１０－２０", "緯度": 36.801531, "経度": 137.050071, "url": "https://www.iryou.teikyouseido.mhlw.go.jp/znk-web/juminkanja/S2430/initialize?prefCd=16&kikanCd=2163000439&kikanKbn=2", "url2": "https://www.shinseikai.jp/fushiki_clinic/", "内容": "真生会伏木クリニック【2:診療所】【診療科目:内科_疼痛緩和内科_外科】富山県高岡市伏木一宮２－１０－２０" }, "geometry": { "type": "Point", "coordinates": [ 137.050071, 36.801531 ] } },
{ "type": "Feature", "properties": { "ID": 1622163000440, "正式名称": "みんなの高岡在宅クリニック", "機関区分": 2, "都道府県コード": 16, "市区町村コード": 202, "所在地": "富山県高岡市本町２番１号　北日本高岡本町ビル３階", "緯度": 36.749413, "経度": 137.017012, "url": "https://www.iryou.teikyouseido.mhlw.go.jp/znk-web/juminkanja/S2430/initialize?prefCd=16&kikanCd=2163000440&kikanKbn=2", "url2": null, "内容": "みんなの高岡在宅クリニック【2:診療所】【診療科目:内科】富山県高岡市本町２番１号　北日本高岡本町ビル３階" }, "geometry": { "type": "Point", "coordinates": [ 137.017012, 36.749413 ] } },
{ "type": "Feature", "properties": { "ID": 1622163000441, "正式名称": "ＴＣＢ　東京中央美容外科・ＴＣＢ　スキンクリニック　富山院", "機関区分": 2, "都道府県コード": 16, "市区町村コード": 201, "所在地": "富山県富山市桜町１－１－１電鉄富山駅ビルエスタ３階", "緯度": 36.700703, "経度": 137.214206, "url": "https://www.iryou.teikyouseido.mhlw.go.jp/znk-web/juminkanja/S2430/initialize?prefCd=16&kikanCd=2163000441&kikanKbn=2", "url2": null, "内容": "ＴＣＢ　東京中央美容外科・ＴＣＢ　スキンクリニック　富山院【2:診療所】【診療科目:形成外科_美容外科_皮膚科_美容皮膚科】富山県富山市桜町１－１－１電鉄富山駅ビルエスタ３階" }, "geometry": { "type": "Point", "coordinates": [ 137.214206, 36.700703 ] } },
{ "type": "Feature", "properties": { "ID": 1622163000443, "正式名称": "たなか＠クロスランドクリニック", "機関区分": 2, "都道府県コード": 16, "市区町村コード": 209, "所在地": "富山県小矢部市島２９４－１", "緯度": 36.659321, "経度": 136.87572, "url": "https://www.iryou.teikyouseido.mhlw.go.jp/znk-web/juminkanja/S2430/initialize?prefCd=16&kikanCd=2163000443&kikanKbn=2", "url2": "https://tanaka-crosslandclinic.com", "内容": "たなか＠クロスランドクリニック【2:診療所】【診療科目:内科_呼吸器内科_緩和ケア内科_外科_呼吸器外科】富山県小矢部市島２９４－１" }, "geometry": { "type": "Point", "coordinates": [ 136.87572, 36.659321 ] } },
{ "type": "Feature", "properties": { "ID": 1622163000445, "正式名称": "八尾クリニック", "機関区分": 2, "都道府県コード": 16, "市区町村コード": 201, "所在地": "富山県富山市八尾町福島７－４２", "緯度": 36.59647, "経度": 137.13758, "url": "https://www.iryou.teikyouseido.mhlw.go.jp/znk-web/juminkanja/S2430/initialize?prefCd=16&kikanCd=2163000445&kikanKbn=2", "url2": "http://www.yatsuo.or.jp", "内容": "八尾クリニック【2:診療所】【診療科目:内科_代謝内科_内分泌内科_循環器内科_消化器内科_整形外科_小児科_眼科_皮膚科_歯科_リハビリテーション科】富山県富山市八尾町福島７－４２" }, "geometry": { "type": "Point", "coordinates": [ 137.13758, 36.59647 ] } },
{ "type": "Feature", "properties": { "ID": 1622163000446, "正式名称": "尾島クリニック", "機関区分": 2, "都道府県コード": 16, "市区町村コード": 211, "所在地": "富山県射水市桜町１６－１８", "緯度": 36.776948, "経度": 137.084457, "url": "https://www.iryou.teikyouseido.mhlw.go.jp/znk-web/juminkanja/S2430/initialize?prefCd=16&kikanCd=2163000446&kikanKbn=2", "url2": "https://ojima.clinic/", "内容": "尾島クリニック【2:診療所】【診療科目:内科_消化器内科_外科】富山県射水市桜町１６－１８" }, "geometry": { "type": "Point", "coordinates": [ 137.084457, 36.776948 ] } },
{ "type": "Feature", "properties": { "ID": 1622163000447, "正式名称": "うららホームケアクリニック", "機関区分": 2, "都道府県コード": 16, "市区町村コード": 202, "所在地": "富山県高岡市中曽根２３７３", "緯度": 36.769754, "経度": 137.077889, "url": "https://www.iryou.teikyouseido.mhlw.go.jp/znk-web/juminkanja/S2430/initialize?prefCd=16&kikanCd=2163000447&kikanKbn=2", "url2": "https://reiakai.com/urara-homecare-clinic/", "内容": "うららホームケアクリニック【2:診療所】【診療科目:内科】富山県高岡市中曽根２３７３" }, "geometry": { "type": "Point", "coordinates": [ 137.077889, 36.769754 ] } },
{ "type": "Feature", "properties": { "ID": 1622163000448, "正式名称": "ゆたかクリニック", "機関区分": 2, "都道府県コード": 16, "市区町村コード": 204, "所在地": "富山県魚津市大海寺野６０２０番地１", "緯度": 36.814147, "経度": 137.421756, "url": "https://www.iryou.teikyouseido.mhlw.go.jp/znk-web/juminkanja/S2430/initialize?prefCd=16&kikanCd=2163000448&kikanKbn=2", "url2": null, "内容": "ゆたかクリニック【2:診療所】【診療科目:内科_呼吸器外科】富山県魚津市大海寺野６０２０番地１" }, "geometry": { "type": "Point", "coordinates": [ 137.421756, 36.814147 ] } },
{ "type": "Feature", "properties": { "ID": 1622163000449, "正式名称": "あんねんクリニック", "機関区分": 2, "都道府県コード": 16, "市区町村コード": 208, "所在地": "富山県砺波市永福町５－３１", "緯度": 36.638067, "経度": 136.947689, "url": "https://www.iryou.teikyouseido.mhlw.go.jp/znk-web/juminkanja/S2430/initialize?prefCd=16&kikanCd=2163000449&kikanKbn=2", "url2": null, "内容": "あんねんクリニック【2:診療所】【診療科目:美容皮膚科】富山県砺波市永福町５－３１" }, "geometry": { "type": "Point", "coordinates": [ 136.947689, 36.638067 ] } },
{ "type": "Feature", "properties": { "ID": 1622163000450, "正式名称": "ｅクリニック富山院", "機関区分": 2, "都道府県コード": 16, "市区町村コード": 211, "所在地": "富山県射水市戸破２１６４−２", "緯度": 36.72092, "経度": 137.11028, "url": "https://www.iryou.teikyouseido.mhlw.go.jp/znk-web/juminkanja/S2430/initialize?prefCd=16&kikanCd=2163000450&kikanKbn=2", "url2": "https://eclinic-toyama.jp/", "内容": "ｅクリニック富山院【2:診療所】【診療科目:美容外科】富山県射水市戸破２１６４−２" }, "geometry": { "type": "Point", "coordinates": [ 137.11028, 36.72092 ] } },
{ "type": "Feature", "properties": { "ID": 1622163000451, "正式名称": "高田内科・糖尿病クリニック", "機関区分": 2, "都道府県コード": 16, "市区町村コード": 201, "所在地": "富山県富山市羽根１６４８番", "緯度": 36.682153, "経度": 137.184058, "url": "https://www.iryou.teikyouseido.mhlw.go.jp/znk-web/juminkanja/S2430/initialize?prefCd=16&kikanCd=2163000451&kikanKbn=2", "url2": "https://takata-naika-tonyobyo-clinic.com/", "内容": "高田内科・糖尿病クリニック【2:診療所】【診療科目:内科_糖尿病内科】富山県富山市羽根１６４８番" }, "geometry": { "type": "Point", "coordinates": [ 137.184058, 36.682153 ] } },
{ "type": "Feature", "properties": { "ID": 1622163000452, "正式名称": "さくはなファミリークリニック", "機関区分": 2, "都道府県コード": 16, "市区町村コード": 211, "所在地": "富山県射水市東太閤山３－８７", "緯度": 36.697953, "経度": 137.118848, "url": "https://www.iryou.teikyouseido.mhlw.go.jp/znk-web/juminkanja/S2430/initialize?prefCd=16&kikanCd=2163000452&kikanKbn=2", "url2": "https://sakuhana-clinic.com", "内容": "さくはなファミリークリニック【2:診療所】【診療科目:内科_感染症内科_小児科】富山県射水市東太閤山３－８７" }, "geometry": { "type": "Point", "coordinates": [ 137.118848, 36.697953 ] } },
{ "type": "Feature", "properties": { "ID": 1622163000453, "正式名称": "ひだまりクリニック", "機関区分": 2, "都道府県コード": 16, "市区町村コード": 202, "所在地": "富山県高岡市佐野８４５−１", "緯度": 36.731105, "経度": 136.989346, "url": "https://www.iryou.teikyouseido.mhlw.go.jp/znk-web/juminkanja/S2430/initialize?prefCd=16&kikanCd=2163000453&kikanKbn=2", "url2": "https://hidamarimedicalclinic.com/", "内容": "ひだまりクリニック【2:診療所】【診療科目:内科_精神科_心療内科】富山県高岡市佐野８４５−１" }, "geometry": { "type": "Point", "coordinates": [ 136.989346, 36.731105 ] } },
{ "type": "Feature", "properties": { "ID": 1622163000454, "正式名称": "よつば在宅クリニック", "機関区分": 2, "都道府県コード": 16, "市区町村コード": 201, "所在地": "富山県富山市千歳町３－８－１２", "緯度": 36.697358, "経度": 137.223061, "url": "https://www.iryou.teikyouseido.mhlw.go.jp/znk-web/juminkanja/S2430/initialize?prefCd=16&kikanCd=2163000454&kikanKbn=2", "url2": null, "内容": "よつば在宅クリニック【2:診療所】【診療科目:内科_外科】富山県富山市千歳町３－８－１２" }, "geometry": { "type": "Point", "coordinates": [ 137.223061, 36.697358 ] } },
{ "type": "Feature", "properties": { "ID": 1622163000455, "正式名称": "滝医院", "機関区分": 2, "都道府県コード": 16, "市区町村コード": 201, "所在地": "富山県富山市下大久保２０１８", "緯度": 36.602281, "経度": 137.206194, "url": "https://www.iryou.teikyouseido.mhlw.go.jp/znk-web/juminkanja/S2430/initialize?prefCd=16&kikanCd=2163000455&kikanKbn=2", "url2": null, "内容": "滝医院【2:診療所】【診療科目:内科】富山県富山市下大久保２０１８" }, "geometry": { "type": "Point", "coordinates": [ 137.206194, 36.602281 ] } },
{ "type": "Feature", "properties": { "ID": 1622163000457, "正式名称": "ほりかわ本郷整形外科", "機関区分": 2, "都道府県コード": 16, "市区町村コード": 201, "所在地": "富山県富山市堀川本郷３０－１", "緯度": 36.656064, "経度": 137.236411, "url": "https://www.iryou.teikyouseido.mhlw.go.jp/znk-web/juminkanja/S2430/initialize?prefCd=16&kikanCd=2163000457&kikanKbn=2", "url2": null, "内容": "ほりかわ本郷整形外科【2:診療所】【診療科目:整形外科】富山県富山市堀川本郷３０－１" }, "geometry": { "type": "Point", "coordinates": [ 137.236411, 36.656064 ] } },
{ "type": "Feature", "properties": { "ID": 1622163000459, "正式名称": "湘南美容クリニック富山院", "機関区分": 2, "都道府県コード": 16, "市区町村コード": 201, "所在地": "富山県富山市桜町１－１－６１　マリエとやま６階", "緯度": 36.700428, "経度": 137.213954, "url": "https://www.iryou.teikyouseido.mhlw.go.jp/znk-web/juminkanja/S2430/initialize?prefCd=16&kikanCd=2163000459&kikanKbn=2", "url2": "https://www.s-b-c.net/clinic/branch/toyama/", "内容": "湘南美容クリニック富山院【2:診療所】【診療科目:美容外科_美容皮膚科】富山県富山市桜町１－１－６１　マリエとやま６階" }, "geometry": { "type": "Point", "coordinates": [ 137.213954, 36.700428 ] } },
{ "type": "Feature", "properties": { "ID": 1622163000460, "正式名称": "おおしまクリニック", "機関区分": 2, "都道府県コード": 16, "市区町村コード": 202, "所在地": "富山県高岡市羽広１丁目１１－２２", "緯度": 36.741093, "経度": 136.988291, "url": "https://www.iryou.teikyouseido.mhlw.go.jp/znk-web/juminkanja/S2430/initialize?prefCd=16&kikanCd=2163000460&kikanKbn=2", "url2": "https://oosimaclinic.com/", "内容": "おおしまクリニック【2:診療所】【診療科目:内科_消化器内科_外科_乳腺外科】富山県高岡市羽広１丁目１１－２２" }, "geometry": { "type": "Point", "coordinates": [ 136.988291, 36.741093 ] } },
{ "type": "Feature", "properties": { "ID": 1622163000463, "正式名称": "やまだメディカルクリニック", "機関区分": 2, "都道府県コード": 16, "市区町村コード": 205, "所在地": "富山県氷見市上泉６２３番地", "緯度": 36.819195, "経度": 136.995303, "url": "https://www.iryou.teikyouseido.mhlw.go.jp/znk-web/juminkanja/S2430/initialize?prefCd=16&kikanCd=2163000463&kikanKbn=2", "url2": "https://ymc-himi.com", "内容": "やまだメディカルクリニック【2:診療所】【診療科目:内科_呼吸器内科_循環器内科】富山県氷見市上泉６２３番地" }, "geometry": { "type": "Point", "coordinates": [ 136.995303, 36.819195 ] } },
{ "type": "Feature", "properties": { "ID": 1622163000464, "正式名称": "砺波ゆり皮ふ科", "機関区分": 2, "都道府県コード": 16, "市区町村コード": 208, "所在地": "富山県砺波市中神２丁目２９", "緯度": 36.643413, "経度": 136.947074, "url": "https://www.iryou.teikyouseido.mhlw.go.jp/znk-web/juminkanja/S2430/initialize?prefCd=16&kikanCd=2163000464&kikanKbn=2", "url2": "https://tonami-yuri-hifuka.com/", "内容": "砺波ゆり皮ふ科【2:診療所】【診療科目:小児皮膚科_皮膚科_美容皮膚科】富山県砺波市中神２丁目２９" }, "geometry": { "type": "Point", "coordinates": [ 136.947074, 36.643413 ] } },
{ "type": "Feature", "properties": { "ID": 1622163000466, "正式名称": "西川祐美子こころの診療所", "機関区分": 2, "都道府県コード": 16, "市区町村コード": 206, "所在地": "富山県滑川市辰野１３６２－１５", "緯度": 36.768575, "経度": 137.346975, "url": "https://www.iryou.teikyouseido.mhlw.go.jp/znk-web/juminkanja/S2430/initialize?prefCd=16&kikanCd=2163000466&kikanKbn=2", "url2": "https://yumiko-kokoro.com/", "内容": "西川祐美子こころの診療所【2:診療所】【診療科目:精神科_心療内科】富山県滑川市辰野１３６２－１５" }, "geometry": { "type": "Point", "coordinates": [ 137.346975, 36.768575 ] } },
{ "type": "Feature", "properties": { "ID": 1622163000468, "正式名称": "たての心療クリニック", "機関区分": 2, "都道府県コード": 16, "市区町村コード": 201, "所在地": "富山県富山市上飯野１５番地３", "緯度": 36.706002, "経度": 137.250615, "url": "https://www.iryou.teikyouseido.mhlw.go.jp/znk-web/juminkanja/S2430/initialize?prefCd=16&kikanCd=2163000468&kikanKbn=2", "url2": "https://tatenoshinryo.jp/", "内容": "たての心療クリニック【2:診療所】【診療科目:心臓内科_精神科_心療内科】富山県富山市上飯野１５番地３" }, "geometry": { "type": "Point", "coordinates": [ 137.250615, 36.706002 ] } },
{ "type": "Feature", "properties": { "ID": 1622163000469, "正式名称": "小林医院", "機関区分": 2, "都道府県コード": 16, "市区町村コード": 201, "所在地": "富山県富山市婦中町速星８７５－２", "緯度": 36.661619, "経度": 137.162551, "url": "https://www.iryou.teikyouseido.mhlw.go.jp/znk-web/juminkanja/S2430/initialize?prefCd=16&kikanCd=2163000469&kikanKbn=2", "url2": "https://kobayashi-homecare.com/", "内容": "小林医院【2:診療所】【診療科目:内科】富山県富山市婦中町速星８７５－２" }, "geometry": { "type": "Point", "coordinates": [ 137.162551, 36.661619 ] } },
{ "type": "Feature", "properties": { "ID": 1622163000470, "正式名称": "総曲輪ビューティクリニック", "機関区分": 2, "都道府県コード": 16, "市区町村コード": 201, "所在地": "富山県富山市総曲輪３−９−３ユウタウン総曲輪１階", "緯度": 36.689803, "経度": 137.215161, "url": "https://www.iryou.teikyouseido.mhlw.go.jp/znk-web/juminkanja/S2430/initialize?prefCd=16&kikanCd=2163000470&kikanKbn=2", "url2": "https://sogawabeautyclinic.jp", "内容": "総曲輪ビューティクリニック【2:診療所】【診療科目:形成外科_美容外科】富山県富山市総曲輪３−９−３ユウタウン総曲輪１階" }, "geometry": { "type": "Point", "coordinates": [ 137.215161, 36.689803 ] } }
]
}
